url_length,hostname_length,path_length,query_length,num_dots,num_hyphens,num_underscores,num_slashes,num_question_marks,num_equals,num_ampersands,num_percent,num_at,num_digits,num_letters,digit_ratio,uses_https,is_ip_address,num_subdomains,num_query_params,suspicious_word_count,url_entropy,long_hostname,special_char_ratio,actual,predicted,malicious_probability
25,18,0,0,2,0,0,2,0,0,0,0,0,0,20,0.0,0,0,1,0,0,3.9736606896881854,0,0.2,1,1,0.991523011672439
28,20,0,0,2,0,0,2,0,0,0,0,0,0,23,0.0,1,0,1,0,0,3.6514789228933084,0,0.17857142857142858,0,0,0.005130257813225598
28,20,0,0,2,0,0,2,0,0,0,0,0,0,23,0.0,1,0,1,0,0,4.012188403968661,0,0.17857142857142858,0,0,0.008610526589804946
53,44,1,0,2,0,0,3,0,0,0,0,0,12,35,0.22641509433962265,1,0,1,0,0,4.3884163326822385,0,0.11320754716981132,1,1,0.9991035503740714
18,11,0,0,2,0,0,2,0,0,0,0,0,0,13,0.0,0,0,1,0,0,3.4613201402110083,0,0.2777777777777778,1,1,0.9872779597184101
24,17,0,0,2,0,0,2,0,0,0,0,0,0,19,0.0,0,0,1,0,0,3.7406015629507228,0,0.20833333333333334,1,1,0.9901853234817914
26,18,0,0,2,0,0,2,0,0,0,0,0,0,21,0.0,1,0,1,0,0,3.8731406795131327,0,0.19230769230769232,0,0,0.005348427811046243
29,22,0,0,2,0,0,2,0,0,0,0,0,0,24,0.0,0,0,1,0,0,3.857306856898128,0,0.1724137931034483,1,1,0.9837366326478275
106,42,56,0,5,2,0,3,0,0,0,0,0,6,89,0.05660377358490566,1,0,3,0,0,4.558800912425654,0,0.10377358490566038,1,1,1.0
25,17,0,0,2,0,0,2,0,0,0,0,0,0,20,0.0,1,0,1,0,0,3.8936606896881854,0,0.2,0,0,0.0030593884458796385
35,26,1,0,2,1,0,3,0,0,0,0,0,4,24,0.11428571428571428,1,0,1,0,0,4.457575159678481,0,0.2,1,1,0.9971881336335775
31,23,0,0,2,0,0,2,0,0,0,0,0,0,26,0.0,1,0,1,0,0,3.9134007456613773,0,0.16129032258064516,0,0,0.004214823611314164
28,20,0,0,2,0,0,2,0,0,0,0,0,0,23,0.0,1,0,1,0,0,3.923251796980338,0,0.17857142857142858,0,0,0.0062027140142167795
26,18,0,0,4,0,0,2,0,0,0,0,0,2,17,0.07692307692307693,1,0,3,0,0,3.6902603909683838,0,0.2692307692307692,0,0,0.07311685054422336
22,14,0,0,2,0,0,2,0,0,0,0,0,0,17,0.0,1,0,1,0,0,3.788754913993503,0,0.22727272727272727,0,0,0.01743044864218114
24,16,0,0,2,0,0,2,0,0,0,0,0,0,19,0.0,1,0,1,0,0,3.855388542207534,0,0.20833333333333334,0,0,0.005451851578679096
23,16,0,0,1,1,0,2,0,0,0,0,0,0,18,0.0,0,0,0,0,0,3.501397825434103,0,0.21739130434782608,1,1,0.9966666666666667
30,22,0,0,2,0,0,2,0,0,0,0,0,0,25,0.0,1,0,1,0,0,3.9232314287976204,0,0.16666666666666666,0,0,0.004360213646522737
66,7,52,0,1,0,0,4,0,0,0,0,0,8,52,0.12121212121212122,0,0,0,0,0,4.610618505978293,0,0.09090909090909091,1,1,1.0
31,23,0,0,2,0,0,2,0,0,0,0,0,0,26,0.0,1,0,1,0,0,3.889049535914169,0,0.16129032258064516,0,0,0.004589946637497161
85,36,41,0,2,3,0,8,0,0,0,0,0,1,70,0.011764705882352941,1,0,1,0,1,4.316375314456122,0,0.16470588235294117,1,1,1.0
28,20,0,0,2,0,0,2,0,0,0,0,0,0,23,0.0,1,0,1,0,0,3.7943360657504517,0,0.17857142857142858,0,0,0.006674398024375193
21,14,0,0,2,0,0,2,0,0,0,0,0,0,16,0.0,0,0,1,0,0,3.5944656369614525,0,0.23809523809523808,1,1,0.9757794509851898
25,18,0,0,2,0,0,2,0,0,0,0,0,0,20,0.0,0,0,1,0,0,3.683856189774724,0,0.2,1,1,0.9892250765130721
55,47,0,0,3,4,0,2,0,0,0,0,0,21,24,0.38181818181818183,1,0,2,0,0,4.49900834965228,0,0.18181818181818182,1,1,1.0
65,50,7,0,2,4,0,4,0,0,0,0,0,7,47,0.1076923076923077,1,0,1,0,0,4.363409445000959,0,0.16923076923076924,1,1,1.0
55,46,1,0,2,3,0,3,0,0,0,0,0,5,41,0.09090909090909091,1,0,1,0,0,4.33543630560956,0,0.16363636363636364,1,1,1.0
24,16,0,0,2,0,0,2,0,0,0,0,0,0,19,0.0,1,0,1,0,0,3.7201755214643453,0,0.20833333333333334,0,0,0.005364499988881662
27,18,1,0,2,0,0,3,0,0,0,0,0,2,19,0.07407407407407407,1,0,1,0,0,3.9121138909722295,0,0.2222222222222222,1,1,0.9996745575191514
24,16,0,0,2,0,0,2,0,0,0,0,0,0,19,0.0,1,0,1,0,0,3.5739348962840563,0,0.20833333333333334,0,0,0.0066916916642598065
35,27,0,0,2,0,0,2,0,0,0,0,0,0,30,0.0,1,0,1,0,0,4.264578373902382,0,0.14285714285714285,0,0,0.010332582515787265
33,25,0,0,2,0,0,2,0,0,0,0,0,0,28,0.0,1,0,1,0,0,3.460616467646623,0,0.15151515151515152,0,0,0.01461454210218724
26,18,0,0,2,0,0,2,0,0,0,0,0,0,21,0.0,1,0,1,0,0,3.8252517372886503,0,0.19230769230769232,0,0,0.017886606571311466
35,27,0,0,2,0,0,2,0,0,0,0,0,0,30,0.0,1,0,1,0,0,3.9001530166977116,0,0.14285714285714285,0,0,0.0024138680222711728
21,13,0,0,3,0,0,2,0,0,0,0,0,0,15,0.0,1,0,2,0,0,3.5585186130489066,0,0.2857142857142857,0,0,0.005552514166838968
27,19,0,0,2,0,0,2,0,0,0,0,0,0,22,0.0,1,0,1,0,0,3.6763906325796265,0,0.18518518518518517,0,0,0.0030979152885686496
83,38,37,0,3,6,0,3,0,0,0,0,0,29,41,0.3493975903614458,1,0,2,0,0,4.725244816806095,0,0.1566265060240964,1,1,1.0
28,20,0,0,2,1,0,2,0,0,0,0,0,0,22,0.0,1,0,1,0,0,4.021640636343318,0,0.21428571428571427,0,0,0.016991930359769033
77,11,58,0,3,2,0,8,0,0,0,0,0,0,63,0.0,1,0,0,0,0,4.350902859231631,0,0.18181818181818182,1,1,1.0
22,14,0,0,2,0,0,2,0,0,0,0,0,0,17,0.0,1,0,1,0,0,3.6978458230844122,0,0.22727272727272727,0,0,0.014792267275827395
20,12,0,0,2,0,0,2,0,0,0,0,0,0,15,0.0,1,0,1,0,0,3.584183719779188,0,0.25,0,0,0.006103523061771641
23,15,0,0,2,0,0,2,0,0,0,0,0,0,18,0.0,1,0,1,0,0,3.7622673906514943,0,0.21739130434782608,0,0,0.010929300373386032
31,23,0,0,2,0,0,2,0,0,0,0,0,0,26,0.0,1,0,1,0,0,4.014860327200947,0,0.16129032258064516,0,0,0.004795190438054153
23,9,6,0,1,0,0,3,0,0,0,0,0,0,18,0.0,1,0,0,0,0,3.9690016298759936,0,0.21739130434782608,1,1,1.0
28,21,0,0,2,0,0,2,0,0,0,0,0,0,23,0.0,0,0,1,0,0,3.869331261111518,0,0.17857142857142858,1,1,0.97642838172102
57,35,14,0,4,1,0,4,0,0,0,0,0,0,47,0.0,1,0,2,0,0,4.185972418008123,0,0.17543859649122806,1,1,1.0
24,17,0,0,2,0,0,2,0,0,0,0,0,0,19,0.0,0,0,1,0,0,3.688721875540867,0,0.20833333333333334,1,1,0.9901853234817914
25,18,0,0,2,0,0,2,0,0,0,0,0,0,20,0.0,0,0,1,0,0,3.863465189601647,0,0.2,1,1,0.9868456959849959
43,17,18,0,2,0,0,5,0,0,0,0,0,12,23,0.27906976744186046,1,0,1,0,0,4.563022534265731,0,0.18604651162790697,1,1,1.0
31,23,0,0,2,0,0,2,0,0,0,0,0,0,26,0.0,1,0,1,0,0,3.796960730356964,0,0.16129032258064516,0,0,0.0051228209746506026
49,27,14,0,4,0,0,4,0,0,0,0,0,0,40,0.0,1,0,2,0,1,4.170732548152689,0,0.1836734693877551,1,1,0.9991035503740714
34,25,1,0,2,1,0,3,0,0,0,0,0,6,21,0.17647058823529413,1,0,1,0,0,4.432619826353562,0,0.20588235294117646,1,1,1.0
53,38,7,0,3,2,0,3,0,0,0,0,0,7,37,0.1320754716981132,1,0,1,0,0,4.194743455201286,0,0.16981132075471697,1,1,1.0
31,23,0,0,3,0,0,2,0,0,0,0,0,0,25,0.0,1,0,2,0,0,3.953565664946427,0,0.1935483870967742,0,0,0.009921699423075905
37,16,14,0,2,0,0,4,0,0,0,0,0,0,30,0.0,0,0,0,0,0,3.9182523518230763,0,0.1891891891891892,1,1,1.0
50,41,1,0,2,0,0,3,0,0,0,0,0,13,31,0.26,1,0,1,0,0,4.648367439558378,0,0.12,1,1,1.0
20,12,0,0,2,0,0,2,0,0,0,0,0,1,14,0.05,1,0,1,0,0,3.7841837197791888,0,0.25,0,0,0.0580466567969564
35,27,0,0,3,0,0,2,0,0,0,0,0,0,29,0.0,1,0,2,0,0,4.142730873716943,0,0.17142857142857143,0,0,0.019812010254413318
20,12,0,0,2,0,0,2,0,0,0,0,0,0,15,0.0,1,0,1,0,0,3.584183719779188,0,0.25,0,0,0.006103523061771641
22,14,0,0,2,0,0,2,0,0,0,0,0,0,17,0.0,1,0,1,0,0,3.879664004902594,0,0.22727272727272727,0,0,0.014859307294805977
27,19,0,0,2,1,0,2,0,0,0,0,0,0,21,0.0,1,0,1,0,0,4.060262039120378,0,0.2222222222222222,0,0,0.036161969428298
22,14,0,0,2,0,0,2,0,0,0,0,0,0,17,0.0,1,0,1,0,0,3.4817145729860726,0,0.22727272727272727,0,0,0.012541002497734313
35,27,1,0,3,0,0,3,0,0,0,0,0,0,28,0.0,0,0,2,0,0,3.8074355167595257,0,0.2,1,1,1.0
25,17,0,0,3,0,0,2,0,0,0,0,0,0,19,0.0,1,0,2,0,0,3.913269689515108,0,0.24,0,0,0.004331584391742369
36,28,0,0,2,0,0,2,0,0,0,0,0,0,31,0.0,1,0,1,0,0,4.141604167868593,0,0.1388888888888889,0,0,0.006249961459350183
25,17,0,0,2,1,0,2,0,0,0,0,0,0,19,0.0,1,0,1,0,0,3.863465189601647,0,0.24,0,0,0.006892645376030865
25,17,0,0,2,0,0,2,0,0,0,0,0,0,20,0.0,1,0,1,0,0,3.753269689515108,0,0.2,0,0,0.0034397638404539835
39,30,1,0,2,1,0,3,0,0,0,0,0,2,30,0.05128205128205128,1,0,1,0,0,4.021704462063677,0,0.1794871794871795,1,1,0.9980153922687501
32,24,0,0,4,0,0,2,0,0,0,0,0,0,25,0.0,1,0,3,0,0,4.101409765557392,0,0.21875,0,0,0.0470202991046783
38,30,0,0,2,3,0,2,0,0,0,0,0,0,30,0.0,1,0,1,0,0,4.030436394851732,0,0.21052631578947367,0,0,0.1346707985507106
35,27,0,0,2,0,0,2,0,0,0,0,0,0,30,0.0,1,0,1,0,0,3.797020431713803,0,0.14285714285714285,0,0,0.006076594740209842
21,13,0,0,2,0,0,2,0,0,0,0,0,0,16,0.0,1,0,1,0,0,3.463280517810811,0,0.23809523809523808,0,0,0.011092273151606446
24,16,0,0,2,0,0,2,0,0,0,0,0,0,19,0.0,1,0,1,0,0,3.6572682296173893,0,0.20833333333333334,0,0,0.0054823693991794195
20,12,0,0,2,0,0,2,0,0,0,0,0,0,15,0.0,1,0,1,0,0,3.584183719779188,0,0.25,0,0,0.006103523061771641
25,17,0,0,2,0,0,2,0,0,0,0,0,0,20,0.0,1,0,1,0,0,3.9736606896881854,0,0.2,0,0,0.0025758722558427067
19,11,0,0,2,0,0,2,0,0,0,0,0,0,14,0.0,1,0,1,0,0,3.4316235658474303,0,0.2631578947368421,0,0,0.0041895600508676375
35,26,1,0,2,2,0,3,0,0,0,0,0,0,27,0.0,1,0,1,0,0,3.8645783739023827,0,0.22857142857142856,1,1,0.99
23,16,0,0,2,0,0,2,0,0,0,0,0,2,16,0.08695652173913043,0,0,1,0,0,3.849223912390625,0,0.21739130434782608,1,1,0.990087423977256
22,14,0,0,2,0,0,2,0,0,0,0,0,0,17,0.0,1,0,1,0,0,3.6978458230844127,0,0.22727272727272727,0,0,0.014792267275827395
33,25,0,0,2,0,0,2,0,0,0,0,0,0,28,0.0,1,0,1,0,0,3.861983513035609,0,0.15151515151515152,0,0,0.0067232957958027985
22,14,0,0,2,0,0,2,0,0,0,0,0,0,17,0.0,1,0,1,0,0,3.6978458230844122,0,0.22727272727272727,0,0,0.014792267275827395
24,16,0,0,2,0,0,2,0,0,0,0,0,0,19,0.0,1,0,1,0,0,3.6887218755408675,0,0.20833333333333334,0,0,0.017097303856533737
18,10,1,0,1,0,0,3,0,0,0,0,0,0,13,0.0,0,0,0,0,0,3.6835423624332306,0,0.2777777777777778,1,1,1.0
21,13,0,0,2,0,0,2,0,0,0,0,0,0,16,0.0,1,0,1,0,0,3.6304126608739984,0,0.23809523809523808,0,0,0.010563915450164586
50,31,12,0,6,0,0,4,0,0,0,0,0,0,39,0.0,0,0,4,0,0,4.010881379939833,0,0.22,1,1,1.0
20,12,0,0,2,0,0,2,0,0,0,0,0,0,15,0.0,1,0,1,0,0,3.7841837197791888,0,0.25,0,0,0.006845879642254863
40,33,0,0,2,0,0,2,0,0,0,0,0,0,35,0.0,0,0,1,0,0,3.924024420865021,0,0.125,1,1,0.9524977763290624
22,14,0,0,3,0,0,2,0,0,0,0,0,0,16,0.0,1,0,2,0,0,3.754441845713345,0,0.2727272727272727,0,0,0.006362296034076586
469,13,21,427,13,1,3,5,1,10,9,15,0,107,304,0.2281449893390192,0,1,2,10,3,5.251341069512956,0,0.12366737739872068,1,1,1.0
18,11,0,0,2,0,0,2,0,0,0,0,0,0,13,0.0,0,0,1,0,0,3.239097917988786,0,0.2777777777777778,1,1,0.9893482303758859
34,26,0,0,2,0,0,2,0,0,0,0,0,0,29,0.0,1,0,1,0,0,3.85586569475248,0,0.14705882352941177,0,0,0.005274568119807398
41,32,1,0,2,2,0,3,0,0,0,0,0,12,21,0.2926829268292683,1,0,1,0,0,4.482569005083273,0,0.1951219512195122,1,1,1.0
72,28,5,30,5,1,0,4,1,1,0,0,1,0,58,0.0,1,0,2,1,0,4.494297183191004,0,0.19444444444444445,1,1,1.0
28,20,0,0,2,0,0,2,0,0,0,0,0,0,23,0.0,1,0,1,0,0,4.039148671903071,0,0.17857142857142858,0,0,0.009044779468121222
26,18,0,0,3,0,0,2,0,0,0,0,0,0,20,0.0,1,0,2,0,0,3.613337314045307,0,0.23076923076923078,0,0,0.00985182102889443
30,22,0,0,2,0,0,2,0,0,0,0,0,0,25,0.0,1,0,1,0,0,3.9232314287976204,0,0.16666666666666666,0,0,0.004360213646522737
38,30,0,0,2,0,0,2,0,0,0,0,0,0,33,0.0,1,0,1,0,0,4.11583409216322,0,0.13157894736842105,0,0,0.004386553424201656
38,29,1,0,2,0,0,3,0,0,0,0,0,0,32,0.0,1,0,1,0,0,4.108869289360841,0,0.15789473684210525,1,1,1.0
28,20,0,0,2,0,0,2,0,0,0,0,0,0,23,0.0,1,0,1,0,0,3.940759832540089,0,0.17857142857142858,0,0,0.006802621866933727
28,20,0,0,3,0,0,2,0,0,0,0,0,0,22,0.0,1,0,2,0,0,3.797902689682947,0,0.21428571428571427,0,0,0.009382626890277582
30,22,0,0,2,0,0,2,0,0,0,0,0,0,25,0.0,1,0,1,0,0,4.031401845392172,0,0.16666666666666666,0,0,0.005982794053951009
21,13,0,0,2,0,0,2,0,0,0,0,0,0,16,0.0,1,0,1,0,0,3.784941827437643,0,0.23809523809523808,0,0,0.022685964972047966
29,22,0,0,2,0,0,2,0,0,0,0,0,0,24,0.0,0,0,1,0,0,3.883337460421007,0,0.1724137931034483,1,1,0.9846687474453002
34,25,1,0,2,1,0,3,0,0,0,0,0,6,21,0.17647058823529413,1,0,1,0,0,4.289832974227876,0,0.20588235294117646,1,1,1.0
36,28,0,0,3,0,0,2,0,0,0,0,0,0,30,0.0,1,0,2,0,0,4.0441104177484,0,0.16666666666666666,0,0,0.1345658639078642
19,11,0,0,2,0,0,2,0,0,0,0,0,0,14,0.0,1,0,1,0,0,3.6818808028034025,0,0.2631578947368421,0,0,0.0055625888535179
31,22,1,0,3,0,0,3,0,0,0,0,0,0,24,0.0,1,0,2,0,0,3.7758309873874936,0,0.22580645161290322,1,1,0.9933333333333333
27,19,0,0,2,0,0,2,0,0,0,0,0,0,22,0.0,1,0,1,0,0,3.9302703722934544,0,0.18518518518518517,0,0,0.004732439099188848
45,38,0,0,4,3,0,2,0,0,0,0,0,1,34,0.022222222222222223,0,0,3,0,0,4.188982196705437,0,0.2222222222222222,1,1,0.9955826096308045
28,20,0,0,2,0,0,2,0,0,0,0,0,0,23,0.0,1,0,1,0,0,3.5800503514647373,0,0.17857142857142858,0,0,0.005467649359944346
22,14,0,0,2,0,0,2,0,0,0,0,0,1,16,0.045454545454545456,1,0,1,0,0,3.788754913993503,0,0.22727272727272727,0,0,0.011783253893533513
36,28,0,0,3,0,0,2,0,0,0,0,0,0,30,0.0,1,0,2,0,0,4.009523959475163,0,0.16666666666666666,0,0,0.06549375218384687
35,27,0,0,2,0,0,2,0,0,0,0,0,0,30,0.0,1,0,1,0,0,4.171860873964196,0,0.14285714285714285,0,0,0.006173657944899336
40,31,1,0,2,1,0,3,0,0,0,0,0,6,27,0.15,1,0,1,0,1,4.2561983328100945,0,0.175,1,1,1.0
31,23,0,0,4,0,0,2,0,0,0,0,0,0,24,0.0,1,0,3,0,0,3.7843684875968617,0,0.22580645161290322,0,0,0.01307740475060475
36,28,0,0,2,0,0,2,0,0,0,0,0,0,31,0.0,1,0,1,0,0,4.0441104177484,0,0.1388888888888889,0,0,0.005411053797458858
33,24,1,0,2,1,0,3,0,0,0,0,0,0,26,0.0,1,0,1,0,1,4.104407755459851,0,0.21212121212121213,1,1,0.9810393271095476
22,15,0,0,2,0,0,2,0,0,0,0,0,0,17,0.0,0,0,1,0,0,3.447401504705915,0,0.22727272727272727,1,1,0.9771412508363418
26,18,0,0,2,0,0,2,0,0,0,0,0,0,21,0.0,1,0,1,0,0,3.8731406795131327,0,0.19230769230769232,0,0,0.005348427811046243
25,18,0,0,3,0,0,2,0,0,0,0,0,0,19,0.0,0,0,2,0,0,3.753269689515108,0,0.24,1,1,0.9854466551949362
29,22,0,0,2,0,0,2,0,0,0,0,0,0,24,0.0,0,0,1,0,0,4.030394788231021,0,0.1724137931034483,1,1,0.9835997967300805
38,30,0,0,2,0,0,2,0,0,0,0,0,0,33,0.0,1,0,1,0,0,3.9655839357277802,0,0.13157894736842105,0,0,0.0036815612471979508
23,16,0,0,2,0,0,2,0,0,0,0,0,0,18,0.0,0,0,1,0,0,3.708132064658602,0,0.21739130434782608,1,1,0.9808552195426523
24,16,0,0,2,0,0,2,0,0,0,0,0,0,19,0.0,1,0,1,0,0,3.7201755214643453,0,0.20833333333333334,0,0,0.005364499988881662
28,20,0,0,2,0,0,2,0,0,0,0,0,0,23,0.0,1,0,1,0,0,3.7534343861887853,0,0.17857142857142858,0,0,0.006496756290916128
36,27,1,0,2,0,0,3,0,0,0,0,0,2,28,0.05555555555555555,1,0,1,0,0,4.141604167868593,0,0.16666666666666666,1,1,1.0
26,18,0,0,2,0,0,2,0,0,0,0,0,0,21,0.0,1,0,1,0,0,3.719294525666979,0,0.19230769230769232,0,0,0.005344884861171762
24,16,0,0,2,0,0,2,0,0,0,0,0,0,19,0.0,1,0,1,0,0,3.8553885422075345,0,0.20833333333333334,0,0,0.005451851578679096
36,28,0,0,3,0,0,2,0,0,0,0,0,0,30,0.0,1,0,2,0,0,4.252715278979704,0,0.16666666666666666,0,0,0.012612643776968408
20,12,0,0,2,0,0,2,0,0,0,0,0,0,15,0.0,1,0,1,0,0,3.5464393446710147,0,0.25,0,0,0.005799058396048044
27,18,1,0,2,0,0,3,0,0,0,0,0,0,21,0.0,1,0,1,0,0,3.6158175946759328,0,0.2222222222222222,1,1,1.0
24,16,0,0,2,0,0,2,0,0,0,0,0,0,19,0.0,1,0,1,0,0,3.855388542207534,0,0.20833333333333334,0,0,0.005451851578679096
25,18,0,0,2,0,0,2,0,0,0,0,0,0,20,0.0,0,0,1,0,0,3.843856189774724,0,0.2,1,1,0.9868456959849959
48,39,1,0,3,4,0,3,0,0,0,0,0,5,32,0.10416666666666667,1,0,2,0,0,4.177694271103768,0,0.22916666666666666,1,1,1.0
29,21,0,0,2,1,0,2,0,0,0,0,0,0,23,0.0,1,0,1,0,0,4.073329701949522,0,0.20689655172413793,0,0,0.02065140925553302
23,15,0,0,2,0,0,2,0,0,0,0,0,1,17,0.043478260869565216,1,0,1,0,0,3.882045108136863,0,0.21739130434782608,0,0,0.021043116611866523
72,19,45,0,1,1,0,10,0,0,0,0,0,0,59,0.0,1,0,0,0,0,4.107735252622103,0,0.18055555555555555,1,1,1.0
32,24,0,0,2,0,0,2,0,0,0,0,0,0,27,0.0,1,0,1,0,0,3.8400182662886326,0,0.15625,0,0,0.030714529242201718
19,12,0,0,2,0,0,2,0,0,0,0,0,0,14,0.0,0,0,1,0,0,3.3263604079526936,0,0.2631578947368421,1,1,0.9899597172814557
28,20,0,0,2,0,0,2,0,0,0,0,0,0,23,0.0,1,0,1,0,0,3.770942421748537,0,0.17857142857142858,0,0,0.00656703308470026
21,13,0,0,2,0,0,2,0,0,0,0,0,0,16,0.0,1,0,1,0,0,3.6537567082870015,0,0.23809523809523808,0,0,0.011853011841857757
19,10,1,0,1,0,0,3,0,0,0,0,0,0,14,0.0,1,0,0,0,0,3.7871439606981383,0,0.2631578947368421,1,1,1.0
32,25,0,0,2,0,0,2,0,0,0,0,0,0,27,0.0,0,0,1,0,0,4.202819531114783,0,0.15625,1,1,0.9688999091527755
27,18,1,0,2,0,0,3,0,0,0,0,0,2,19,0.07407407407407407,1,0,1,0,0,3.930270372293454,0,0.2222222222222222,1,1,0.9996745575191514
20,13,0,0,2,0,0,2,0,0,0,0,0,2,13,0.1,0,0,1,0,0,3.6841837197791882,0,0.25,1,1,0.981270854427346
19,11,0,0,2,0,0,2,0,0,0,0,0,0,14,0.0,1,0,1,0,0,3.4713544870139295,0,0.2631578947368421,0,0,0.004879182365489953
22,14,0,0,2,0,0,2,0,0,0,0,0,0,17,0.0,1,0,1,0,0,3.606936732175322,0,0.22727272727272727,0,0,0.013892352074782982
33,25,0,0,3,0,0,2,0,0,0,0,0,0,27,0.0,1,0,2,0,0,4.173033892020167,0,0.18181818181818182,0,0,0.007941758143304894
50,33,1,7,3,0,0,4,1,0,0,0,0,5,36,0.1,1,0,2,1,0,4.393269689515107,0,0.18,1,1,1.0
27,19,0,0,2,0,0,2,0,0,0,0,0,0,22,0.0,1,0,1,0,0,3.9121138909722295,0,0.18518518518518517,0,0,0.004712982618447872
24,16,0,0,2,0,0,2,0,0,0,0,0,0,19,0.0,1,0,1,0,0,3.855388542207534,0,0.20833333333333334,0,0,0.005451851578679096
27,19,0,0,2,0,0,2,0,0,0,0,0,0,22,0.0,1,0,1,0,0,3.7080481500712312,0,0.18518518518518517,0,0,0.003962772112783566
35,27,0,0,2,0,0,2,0,0,0,0,0,0,30,0.0,1,0,1,0,0,4.128724445269141,0,0.14285714285714285,0,0,0.0030792282001875205
40,31,1,0,2,1,0,3,0,0,0,0,0,0,33,0.0,1,0,1,0,0,4.189822782008754,0,0.175,1,1,1.0
27,18,1,0,2,1,0,3,0,0,0,0,0,3,17,0.1111111111111111,1,0,1,0,0,4.032303242743953,0,0.25925925925925924,1,1,1.0
38,29,1,0,2,3,0,3,0,0,0,0,0,10,19,0.2631578947368421,1,0,1,0,0,4.260828171224454,0,0.23684210526315788,1,1,0.9991035503740714
35,27,0,0,2,0,0,2,0,0,0,0,0,0,30,0.0,1,0,1,0,0,4.0360069453309535,0,0.14285714285714285,0,0,0.003373282451645651
27,19,0,0,2,0,0,2,0,0,0,0,0,0,22,0.0,1,0,1,0,0,3.7080481500712317,0,0.18518518518518517,0,0,0.003962772112783566
35,26,1,0,2,1,0,3,0,0,0,0,0,5,23,0.14285714285714285,1,0,1,0,0,4.457575159678481,0,0.2,1,1,0.9971881336335775
32,24,0,0,2,0,0,2,0,0,0,0,0,0,27,0.0,1,0,1,0,0,3.417837797403416,0,0.15625,0,0,0.022471331351876195
27,19,0,0,2,0,0,2,0,0,0,0,0,1,21,0.037037037037037035,1,0,1,0,0,3.986187965046304,0,0.18518518518518517,0,0,0.021813303284046126
32,24,0,0,3,0,0,2,0,0,0,0,0,0,26,0.0,1,0,2,0,0,4.007048827786958,0,0.1875,0,0,0.009153182210347045
24,17,0,0,2,1,0,2,0,0,0,0,0,1,17,0.041666666666666664,0,0,1,0,0,3.855388542207534,0,0.25,1,1,0.970506599438134
31,23,0,0,2,0,0,2,0,0,0,0,0,0,26,0.0,1,0,1,0,0,3.7442035683118124,0,0.16129032258064516,0,0,0.0049224112984653364
24,16,0,0,2,0,0,2,0,0,0,0,0,1,18,0.041666666666666664,1,0,1,0,0,3.5535088547976783,0,0.20833333333333334,0,0,0.02813506815069169
49,40,1,0,2,2,0,3,0,0,0,0,0,6,35,0.12244897959183673,1,0,1,0,0,4.321157232171246,0,0.16326530612244897,1,1,1.0
27,19,0,0,2,0,0,2,0,0,0,0,0,0,22,0.0,1,0,1,0,0,3.763965742824081,0,0.18518518518518517,0,0,0.004065482931420731
32,25,0,0,2,0,0,2,0,0,0,0,0,0,27,0.0,0,0,1,0,0,3.9681390622295662,0,0.15625,1,1,0.9743268699343762
27,19,0,0,3,0,0,2,0,0,0,0,0,4,17,0.14814814814814814,1,0,2,0,0,4.032303242743953,0,0.2222222222222222,0,0,0.3448316542374221
24,16,0,0,2,0,0,2,0,0,0,0,0,0,19,0.0,1,0,1,0,0,3.938721875540868,0,0.20833333333333334,0,0,0.005450702047319493
28,20,0,0,2,0,0,2,0,0,0,0,0,0,23,0.0,1,0,1,0,0,3.7534343861887853,0,0.17857142857142858,0,0,0.006496756290916128
25,17,0,0,2,0,0,2,0,0,0,0,0,0,20,0.0,1,0,1,0,0,4.053660689688185,0,0.2,0,0,0.004912225321018954
31,23,0,0,2,0,0,2,0,0,0,0,0,0,26,0.0,1,0,1,0,0,4.1313003425053605,0,0.16129032258064516,0,0,0.005703070177713936
34,26,0,0,2,0,0,2,0,0,0,0,0,0,29,0.0,1,0,1,0,0,4.065260267657297,0,0.14705882352941177,0,0,0.0062552938545099674
28,20,0,0,2,1,0,2,0,0,0,0,0,0,22,0.0,1,0,1,0,0,3.94075983254009,0,0.21428571428571427,0,0,0.021297190019961082
36,27,1,0,2,2,0,3,0,0,0,0,0,3,25,0.08333333333333333,1,0,1,0,0,4.329239931817579,0,0.2222222222222222,1,1,1.0
25,18,0,0,2,0,0,2,0,0,0,0,0,0,20,0.0,0,0,1,0,0,3.783465189601647,0,0.2,1,1,0.9865962493872746
44,37,0,0,5,0,0,2,0,0,0,0,0,0,36,0.0,0,0,4,0,0,4.200702573517885,0,0.18181818181818182,1,1,0.9789849003332254
34,26,1,0,2,0,0,3,0,0,0,0,0,0,28,0.0,0,0,1,0,1,4.091159812399538,0,0.17647058823529413,1,1,1.0
20,12,0,0,2,0,0,2,0,0,0,0,0,0,15,0.0,1,0,1,0,0,3.4464393446710146,0,0.25,0,0,0.0071850810601427695
30,22,0,0,2,0,0,2,0,0,0,0,0,0,25,0.0,1,0,1,0,0,4.072905595320056,0,0.16666666666666666,0,0,0.008572718370609323
34,27,0,0,4,0,0,2,0,0,0,0,0,2,25,0.058823529411764705,0,0,3,0,0,4.241730855892591,0,0.20588235294117646,1,1,0.9304643907027955
46,37,1,0,2,2,0,3,0,0,0,0,0,15,23,0.32608695652173914,1,0,1,0,0,4.422017728599249,0,0.17391304347826086,1,1,1.0
25,18,0,0,2,0,0,2,0,0,0,0,0,0,20,0.0,0,0,1,0,0,3.8136606896881853,0,0.2,1,1,0.9868456959849959
32,24,0,0,2,0,0,2,0,0,0,0,0,0,27,0.0,1,0,1,0,0,4.0,0,0.15625,0,0,0.008725304306328108
35,28,0,0,3,1,0,2,0,0,0,0,0,0,28,0.0,0,0,2,0,0,3.8074355167595257,0,0.2,1,1,0.9680060636524498
35,27,0,0,2,0,0,2,0,0,0,0,0,0,30,0.0,1,0,1,0,0,4.014438730983427,0,0.14285714285714285,0,0,0.0027937594541296846
55,29,19,0,2,1,0,6,0,0,0,0,0,13,32,0.23636363636363636,0,0,1,0,0,4.542469431935247,0,0.18181818181818182,1,1,1.0
25,17,0,0,2,0,0,2,0,0,0,0,0,0,20,0.0,1,0,1,0,0,3.9434651896016466,0,0.2,0,0,0.0025758722558427067
24,17,0,0,2,0,0,2,0,0,0,0,0,3,16,0.125,0,0,1,0,0,3.9387218755408675,0,0.20833333333333334,1,1,0.9550248412709404
51,21,22,0,2,2,5,3,0,0,0,0,0,5,33,0.09803921568627451,1,0,1,0,0,4.130676508969718,0,0.2549019607843137,1,1,1.0
31,23,0,0,2,0,0,2,0,0,0,0,0,0,26,0.0,1,0,1,0,0,4.1313003425053605,0,0.16129032258064516,0,0,0.005703070177713936
23,15,0,0,2,0,0,2,0,0,0,0,0,0,18,0.0,1,0,1,0,0,3.969001629875993,0,0.21739130434782608,0,0,0.013642207161904406
74,21,45,0,3,0,0,9,0,0,0,0,0,0,61,0.0,1,0,1,0,1,4.160967216454052,0,0.17567567567567569,1,1,0.9985870833333333
48,39,1,0,2,1,0,3,0,0,0,0,0,0,41,0.0,1,0,1,0,0,3.9809266994775943,0,0.14583333333333334,1,1,0.9991035503740714
21,14,0,0,2,0,0,2,0,0,0,0,0,0,16,0.0,0,0,1,0,0,3.880179922675738,0,0.23809523809523808,1,1,0.9730706199934047
23,14,1,0,2,0,0,3,0,0,0,0,0,1,16,0.043478260869565216,1,0,1,0,0,3.7294461949052566,0,0.2608695652173913,1,1,0.9890139217448575
25,17,0,0,2,0,0,2,0,0,0,0,0,0,20,0.0,1,0,1,0,0,3.8136606896881853,0,0.2,0,0,0.0039010576648637997
29,21,0,0,3,0,0,2,0,0,0,0,0,0,23,0.0,1,0,2,0,0,3.8833374604210062,0,0.20689655172413793,0,0,0.009568981065469022
28,20,0,0,2,0,0,2,0,0,0,0,0,0,23,0.0,1,0,1,0,0,3.94075983254009,0,0.17857142857142858,0,0,0.006802621866933727
27,20,0,0,3,0,0,2,0,0,0,0,0,7,14,0.25925925925925924,0,0,2,0,0,3.8841550945958043,0,0.2222222222222222,1,1,1.0
28,21,0,0,3,0,0,2,0,0,0,0,0,0,22,0.0,0,0,2,0,0,3.896291529045928,0,0.21428571428571427,1,1,0.9777732558620804
31,23,0,0,2,0,0,2,0,0,0,0,0,0,26,0.0,1,0,1,0,0,4.0022680844408445,0,0.16129032258064516,0,0,0.004795190438054153
26,19,0,0,2,0,0,2,0,0,0,0,0,0,21,0.0,0,0,1,0,0,3.6423714487439023,0,0.19230769230769232,1,1,0.990654574914947
34,25,1,0,2,1,0,3,0,0,0,0,0,6,21,0.17647058823529413,1,0,1,0,0,4.289832974227876,0,0.20588235294117646,1,1,1.0
99,76,15,0,4,1,0,3,0,0,0,0,0,16,74,0.16161616161616163,1,0,2,0,0,4.827821621130296,1,0.09090909090909091,1,1,1.0
26,9,9,0,2,0,0,3,0,0,0,0,0,2,18,0.07692307692307693,1,0,1,0,1,3.613337314045307,0,0.23076923076923078,1,1,0.9973227898911131
30,22,0,0,2,0,0,2,0,0,0,0,0,0,25,0.0,1,0,1,0,0,4.098068512058838,0,0.16666666666666666,0,0,0.009789803984405671
28,20,0,0,2,0,0,2,0,0,0,0,0,0,23,0.0,1,0,1,0,0,3.6725535823855564,0,0.17857142857142858,0,0,0.005139926259465729
33,25,0,0,2,0,0,2,0,0,0,0,0,0,28,0.0,1,0,1,0,0,3.9683403313485464,0,0.15151515151515152,0,0,0.006404589691966984
25,16,1,0,2,0,0,3,0,0,0,0,0,0,19,0.0,1,0,1,0,0,3.863465189601647,0,0.24,1,1,1.0
39,31,0,0,2,1,0,2,0,0,0,0,0,0,33,0.0,1,0,1,0,0,4.246188756990946,0,0.15384615384615385,0,0,0.16115119796207455
33,25,0,0,2,0,0,2,0,0,0,0,0,0,28,0.0,1,0,1,0,0,4.27137063437885,0,0.15151515151515152,0,0,0.017098708056914914
34,26,0,0,3,0,0,2,0,0,0,0,0,0,28,0.0,1,0,2,0,0,4.152920561520418,0,0.17647058823529413,0,0,0.028643258704803606
102,30,7,56,1,1,0,4,1,3,1,0,0,6,84,0.058823529411764705,1,0,0,2,0,4.904268823383436,0,0.11764705882352941,1,1,0.9988147086581146
32,24,0,0,3,0,0,2,0,0,0,0,0,0,26,0.0,1,0,2,0,0,3.890319531114783,0,0.1875,0,0,0.010022247493428879
33,25,0,0,2,0,0,2,0,0,0,0,0,0,28,0.0,1,0,1,0,0,4.0060710131011685,0,0.15151515151515152,0,0,0.006427994994141065
38,13,18,0,2,1,1,4,0,0,0,0,0,1,28,0.02631578947368421,0,0,0,0,0,3.99504223780051,0,0.23684210526315788,1,1,1.0
52,37,8,0,3,0,0,3,0,0,0,0,0,0,45,0.0,0,0,1,0,0,4.119420498745619,0,0.1346153846153846,1,1,1.0
28,21,0,0,2,0,0,2,0,0,0,0,0,0,23,0.0,0,0,1,0,0,3.940759832540089,0,0.17857142857142858,1,1,0.9805257012905227
27,19,0,0,2,1,0,2,0,0,0,0,0,0,21,0.0,1,0,1,0,0,3.85619629821938,0,0.2222222222222222,0,0,0.029176682551913278
28,20,0,0,3,0,0,2,0,0,0,0,0,0,22,0.0,1,0,2,0,0,3.743982153814128,0,0.21428571428571427,0,0,0.010113585297591942
32,24,0,0,2,1,0,2,0,0,0,0,0,0,26,0.0,1,0,1,0,0,3.9056390622295662,0,0.1875,0,0,0.014242698942974445
24,16,0,0,2,0,0,2,0,0,0,0,0,0,19,0.0,1,0,1,0,0,3.7720552088742005,0,0.20833333333333334,0,0,0.005417498700028583
24,16,0,0,2,0,0,2,0,0,0,0,0,0,19,0.0,1,0,1,0,0,3.8868421881310122,0,0.20833333333333334,0,0,0.005295858157184312
18,10,0,0,2,0,0,2,0,0,0,0,0,0,13,0.0,1,0,1,0,0,3.197159723424149,0,0.2777777777777778,0,0,0.0050200606999841555
26,18,0,0,2,0,0,2,0,0,0,0,0,0,21,0.0,1,0,1,0,0,3.8441065448145375,0,0.19230769230769232,0,0,0.005665991885823571
18,10,0,0,2,0,0,2,0,0,0,0,0,0,13,0.0,1,0,1,0,0,3.127986806877675,0,0.2777777777777778,0,0,0.0028720187085362423
28,21,0,0,2,0,0,2,0,0,0,0,0,0,23,0.0,0,0,1,0,0,3.9232517969803373,0,0.17857142857142858,1,1,0.98327858325188
36,14,15,0,2,0,0,4,0,0,0,0,0,8,21,0.2222222222222222,0,0,1,0,0,4.180768321596844,0,0.19444444444444445,1,1,1.0
43,35,0,0,2,0,0,2,0,0,0,0,0,0,38,0.0,1,0,1,0,0,4.146740335896194,0,0.11627906976744186,0,0,0.07077553668695162
83,74,1,0,3,0,0,3,0,0,0,0,0,8,68,0.0963855421686747,1,0,2,0,0,4.869823130059107,1,0.08433734939759036,1,1,1.0
25,17,0,0,2,0,0,2,0,0,0,0,0,0,20,0.0,1,0,1,0,0,3.8136606896881857,0,0.2,0,0,0.0039010576648637997
76,28,40,0,2,0,0,4,0,0,0,0,0,8,61,0.10526315789473684,1,0,1,0,0,4.925173236956996,0,0.09210526315789473,1,1,1.0
19,12,0,0,2,0,0,2,0,0,0,0,0,0,14,0.0,0,0,1,0,0,3.431623565847431,0,0.2631578947368421,1,1,0.9872779597184101
32,23,1,0,1,0,0,3,0,0,0,0,0,0,27,0.0,1,0,0,0,0,3.7334585933443494,0,0.15625,1,1,1.0
24,16,1,0,2,0,0,3,0,0,0,0,0,6,12,0.25,0,0,1,0,0,3.9387218755408675,0,0.25,1,1,1.0
24,16,0,0,2,0,0,2,0,0,0,0,0,0,19,0.0,1,0,1,0,0,3.8035088547976783,0,0.20833333333333334,0,0,0.00550127317221087
28,20,0,0,2,0,0,2,0,0,0,0,0,0,23,0.0,1,0,1,0,0,3.7264741182543757,0,0.17857142857142858,0,0,0.006478953723360232
65,34,23,0,3,1,0,6,0,0,0,0,0,0,54,0.0,1,0,1,0,0,4.2711439675034,0,0.16923076923076924,1,1,1.0
21,13,0,0,2,0,0,2,0,0,0,0,0,0,16,0.0,1,0,1,0,0,3.6897037321995474,0,0.23809523809523808,0,0,0.01188759383569943
52,26,18,0,3,1,0,4,0,0,0,0,0,0,43,0.0,1,0,1,0,1,4.296714363147034,0,0.17307692307692307,1,1,1.0
103,15,80,0,3,0,0,5,0,0,0,0,0,13,81,0.1262135922330097,1,0,1,0,0,4.924642465292481,0,0.08737864077669903,1,1,1.0
27,19,0,0,2,0,0,2,0,0,0,0,0,0,22,0.0,1,0,1,0,0,4.208410187268527,0,0.18518518518518517,0,0,0.27441572350074694
31,23,0,0,2,0,0,2,0,0,0,0,0,0,26,0.0,1,0,1,0,0,4.014860327200948,0,0.16129032258064516,0,0,0.004795190438054153
25,17,0,0,2,0,0,2,0,0,0,0,0,0,20,0.0,1,0,1,0,0,3.7532696895151076,0,0.2,0,0,0.0034397638404539835
27,19,0,0,3,0,0,2,0,0,0,0,0,0,21,0.0,1,0,2,0,0,3.7360069464476564,0,0.2222222222222222,0,0,0.013392732110966855
45,36,1,0,2,0,0,3,0,0,0,0,0,3,36,0.06666666666666667,1,0,1,0,0,4.41120441892766,0,0.13333333333333333,1,1,1.0
38,29,1,0,2,0,0,3,0,0,0,0,0,0,32,0.0,1,0,1,0,0,3.948346513831634,0,0.15789473684210525,1,1,1.0
30,22,0,0,3,0,0,2,0,0,0,0,0,0,24,0.0,1,0,2,0,0,3.8477426785812736,0,0.2,0,0,0.012149369065100397
24,16,0,0,3,0,0,2,0,0,0,0,0,0,18,0.0,1,0,2,0,0,3.8553885422075345,0,0.25,0,0,0.0038951433865199686
25,18,0,0,3,0,0,2,0,0,0,0,0,1,18,0.04,0,0,2,0,0,3.623465189601647,0,0.24,1,1,0.9939844829016034
21,13,0,0,3,0,0,2,0,0,0,0,0,0,15,0.0,1,0,2,0,0,3.558518613048906,0,0.2857142857142857,0,0,0.005552514166838968
29,21,0,0,2,0,0,2,0,0,0,0,0,0,24,0.0,1,0,1,0,0,4.004364184708142,0,0.1724137931034483,0,0,0.005935595119943778
58,29,21,0,4,0,0,4,0,0,0,0,0,0,49,0.0,1,0,1,0,0,4.0100969970287155,0,0.15517241379310345,1,1,1.0
27,19,0,0,2,0,0,2,0,0,0,0,0,0,22,0.0,1,0,1,0,0,3.9582291686698787,0,0.18518518518518517,0,0,0.005016375113258696
30,22,0,0,2,0,0,2,0,0,0,0,0,0,25,0.0,1,0,1,0,0,4.031401845392172,0,0.16666666666666666,0,0,0.005982794053951009
34,25,1,0,2,0,0,3,0,0,0,0,0,2,26,0.058823529411764705,1,0,1,0,0,4.054538856580817,0,0.17647058823529413,1,1,0.9989030682387954
27,19,0,0,2,0,0,2,0,0,0,0,0,0,22,0.0,1,0,1,0,0,3.958229168669879,0,0.18518518518518517,0,0,0.005016375113258696
49,38,1,0,2,3,0,4,0,0,0,0,0,0,38,0.0,1,0,1,0,1,3.9677052644368884,0,0.22448979591836735,1,1,0.9977059937762143
27,19,0,0,2,0,0,2,0,0,0,0,0,0,22,0.0,1,0,1,0,0,3.6619328723735824,0,0.18518518518518517,0,0,0.0030979152885686496
19,11,0,0,2,0,0,2,0,0,0,0,0,0,14,0.0,1,0,1,0,0,3.536886723742167,0,0.2631578947368421,0,0,0.004879182365489953
24,16,0,0,2,0,0,2,0,0,0,0,0,0,19,0.0,1,0,1,0,0,3.8035088547976783,0,0.20833333333333334,0,0,0.00550127317221087
29,21,0,0,2,0,0,2,0,0,0,0,0,0,24,0.0,1,0,1,0,0,3.840402546702506,0,0.1724137931034483,0,0,0.008372027405062704
45,36,1,0,2,2,0,3,0,0,0,0,0,14,23,0.3111111111111111,1,0,1,0,0,4.419305040629888,0,0.17777777777777778,1,1,1.0
22,15,0,0,2,0,0,2,0,0,0,0,0,0,17,0.0,0,0,1,0,0,3.663532754804255,0,0.22727272727272727,1,1,0.9707580438587186
32,24,0,0,2,0,0,2,0,0,0,0,0,0,27,0.0,1,0,1,0,0,4.093139062229566,0,0.15625,0,0,0.008567991280756693
24,15,1,0,1,1,0,3,0,0,0,0,0,0,18,0.0,1,0,0,0,0,3.7406015629507228,0,0.25,1,1,1.0
42,34,0,0,2,0,0,2,0,0,0,0,0,11,26,0.2619047619047619,1,0,1,0,0,4.386015934528989,0,0.11904761904761904,1,1,0.7928809929614905
22,14,0,0,3,0,0,2,0,0,0,0,0,0,16,0.0,1,0,2,0,0,3.7544418457133455,0,0.2727272727272727,0,0,0.006362296034076586
28,20,0,0,2,0,0,2,0,0,0,0,0,0,23,0.0,1,0,1,0,0,3.94075983254009,0,0.17857142857142858,0,0,0.006802621866933727
33,25,1,0,3,0,0,3,0,0,0,0,0,0,26,0.0,0,0,2,0,0,3.790331150108328,0,0.21212121212121213,1,1,1.0
26,17,1,0,2,1,0,3,0,0,0,0,0,2,17,0.07692307692307693,1,0,1,0,0,3.921029621737614,0,0.2692307692307692,1,1,1.0
23,15,0,0,2,0,0,2,0,0,0,0,0,0,18,0.0,1,0,1,0,0,3.7622673906514947,0,0.21739130434782608,0,0,0.010929300373386032
25,18,0,0,2,0,0,2,0,0,0,0,0,0,20,0.0,0,0,1,0,0,3.863465189601647,0,0.2,1,1,0.9868456959849959
26,18,0,0,2,0,0,2,0,0,0,0,0,0,21,0.0,1,0,1,0,0,3.8252517372886508,0,0.19230769230769232,0,0,0.017886606571311466
32,24,0,0,3,0,0,2,0,0,0,0,0,0,26,0.0,1,0,2,0,0,4.116729296672174,0,0.1875,0,0,0.012003113066295486
22,14,0,0,2,0,0,2,0,0,0,0,0,0,17,0.0,1,0,1,0,0,3.788754913993503,0,0.22727272727272727,0,0,0.01743044864218114
29,21,0,0,3,0,0,2,0,0,0,0,0,0,23,0.0,1,0,2,0,0,3.857306856898128,0,0.20689655172413793,0,0,0.009568474077636458
24,16,0,0,2,0,0,2,0,0,0,0,0,0,19,0.0,1,0,1,0,0,3.8035088547976788,0,0.20833333333333334,0,0,0.00550127317221087
215,52,4,151,4,2,3,4,1,1,1,12,0,39,146,0.1813953488372093,0,0,3,2,1,4.962950660472158,1,0.13953488372093023,1,1,1.0
25,17,0,0,2,0,0,2,0,0,0,0,0,0,20,0.0,1,0,1,0,0,3.543465189601647,0,0.2,0,0,0.005568260982188091
22,14,0,0,2,0,0,2,0,0,0,0,0,0,17,0.0,1,0,1,0,0,3.6978458230844122,0,0.22727272727272727,0,0,0.014792267275827395
26,18,0,0,2,0,0,2,0,0,0,0,0,1,20,0.038461538461538464,1,0,1,0,0,3.9500637564362093,0,0.19230769230769232,0,0,0.013847916420425726
25,17,0,0,2,0,0,2,0,0,0,0,0,0,20,0.0,1,0,1,0,0,3.863465189601647,0,0.2,0,0,0.0039272796960064665
26,18,0,0,2,0,0,2,0,0,0,0,0,0,21,0.0,1,0,1,0,0,3.9790978911348045,0,0.19230769230769232,0,0,0.004194649840584041
43,36,0,0,3,2,0,2,0,0,0,0,0,0,35,0.0,0,0,2,0,0,4.109306836490687,0,0.18604651162790697,1,1,0.9677146030465955
53,44,1,0,2,0,0,3,0,0,0,0,0,3,44,0.05660377358490566,1,0,1,0,1,4.326700407270928,0,0.11320754716981132,1,1,1.0
25,17,0,0,2,0,0,2,0,0,0,0,0,0,20,0.0,1,0,1,0,0,3.8936606896881854,0,0.2,0,0,0.0030593884458796385
22,15,0,0,2,0,0,2,0,0,0,0,0,0,17,0.0,0,0,1,0,0,3.845350936622436,0,0.22727272727272727,1,1,0.974464499330266
116,17,34,56,6,0,1,6,1,1,2,0,0,30,68,0.25862068965517243,1,0,2,3,0,4.846880461804041,0,0.15517241379310345,1,1,1.0
43,21,15,0,2,0,0,6,0,0,0,0,0,0,32,0.0,0,0,1,0,0,4.1405853938847885,0,0.2558139534883721,1,1,1.0
29,21,0,0,2,1,0,2,0,0,0,0,0,0,23,0.0,1,0,1,0,0,4.004364184708143,0,0.20689655172413793,0,0,0.014096158511612791
22,14,0,0,3,0,0,2,0,0,0,0,0,0,16,0.0,1,0,2,0,0,3.5383105956150063,0,0.2727272727272727,0,0,0.0058153346603093915
29,21,0,0,2,0,0,2,0,0,0,0,0,0,24,0.0,1,0,1,0,0,4.073329701949522,0,0.1724137931034483,0,0,0.025800702385302146
24,16,0,0,2,0,0,2,0,0,0,0,0,0,19,0.0,1,0,1,0,0,3.6887218755408675,0,0.20833333333333334,0,0,0.017097303856533737
33,25,0,0,2,1,0,2,0,0,0,0,0,0,27,0.0,1,0,1,0,0,3.7785020735761097,0,0.18181818181818182,0,0,0.21204179250781308
65,14,31,11,2,0,0,6,1,1,0,0,0,9,45,0.13846153846153847,1,0,0,1,0,4.6048452670681845,0,0.16923076923076924,1,1,1.0
33,24,1,0,2,0,0,3,0,0,0,0,0,3,24,0.09090909090909091,1,0,1,0,0,4.27137063437885,0,0.18181818181818182,1,1,1.0
88,15,65,0,2,0,0,4,0,0,0,0,0,9,72,0.10227272727272728,1,0,1,0,0,4.709098881144702,0,0.07954545454545454,1,1,1.0
28,20,0,0,2,0,0,2,0,0,0,0,0,0,23,0.0,1,0,1,0,0,3.797902689682947,0,0.17857142857142858,0,0,0.00643761644910091
28,20,0,0,2,0,0,2,0,0,0,0,0,0,23,0.0,1,0,1,0,0,4.03914867190307,0,0.17857142857142858,0,0,0.009044779468121222
34,26,0,0,2,0,0,2,0,0,0,0,0,0,29,0.0,1,0,1,0,0,3.9735127535760095,0,0.14705882352941177,0,0,0.0049259744156976894
28,20,0,0,2,0,0,2,0,0,0,0,0,0,23,0.0,1,0,1,0,0,3.967720100474499,0,0.17857142857142858,0,0,0.00683287457054348
27,19,0,0,2,0,0,2,0,0,0,0,0,0,22,0.0,1,0,1,0,0,3.8841550945958043,0,0.18518518518518517,0,0,0.005675347800511108
22,14,0,0,2,1,0,2,0,0,0,0,0,1,15,0.045454545454545456,1,0,1,0,0,3.788754913993503,0,0.2727272727272727,0,0,0.24265625164965263
28,20,0,0,2,0,0,2,0,0,0,0,0,0,23,0.0,1,0,1,0,0,3.967720100474499,0,0.17857142857142858,0,0,0.00683287457054348
25,17,0,0,2,0,0,2,0,0,0,0,0,0,20,0.0,1,0,1,0,0,3.9434651896016466,0,0.2,0,0,0.0025758722558427067
34,26,0,0,2,0,0,2,0,0,0,0,0,0,29,0.0,1,0,1,0,0,3.7160160623359078,0,0.14705882352941177,0,0,0.01348779705298098
28,20,0,0,2,0,0,2,0,0,0,0,0,0,23,0.0,1,0,1,0,0,3.940759832540089,0,0.17857142857142858,0,0,0.006802621866933727
23,15,0,0,3,0,0,2,0,0,0,0,0,0,17,0.0,1,0,2,0,0,3.7622673906514947,0,0.2608695652173913,0,0,0.009279386441678156
27,19,0,0,2,0,0,2,0,0,0,0,0,0,22,0.0,1,0,1,0,0,3.9302703722934544,0,0.18518518518518517,0,0,0.004732439099188848
36,28,0,0,2,0,0,2,0,0,0,0,0,0,31,0.0,1,0,1,0,0,4.18354236243323,0,0.1388888888888889,0,0,0.013731812862731629
25,17,0,0,2,0,0,2,0,0,0,0,0,0,20,0.0,1,0,1,0,0,4.133660689688185,0,0.2,0,0,0.005808360029094331
26,18,0,0,3,0,0,2,0,0,0,0,0,0,20,0.0,1,0,2,0,0,3.7381493331928657,0,0.23076923076923078,0,0,0.007488574101174194
26,18,0,0,2,0,0,2,0,0,0,0,0,0,21,0.0,1,0,1,0,0,3.796217602590056,0,0.19230769230769232,0,0,0.0057776986682123894
24,16,0,0,2,0,0,2,0,0,0,0,0,0,19,0.0,1,0,1,0,0,3.7201755214643453,0,0.20833333333333334,0,0,0.005364499988881662
32,24,0,0,2,0,0,2,0,0,0,0,0,0,27,0.0,1,0,1,0,0,4.101409765557392,0,0.15625,0,0,0.008553085106135014
30,22,0,0,2,0,0,2,0,0,0,0,0,0,25,0.0,1,0,1,0,0,3.8817276788697357,0,0.16666666666666666,0,0,0.0067721847418367905
25,17,0,0,2,0,0,2,0,0,0,0,0,0,20,0.0,1,0,1,0,0,3.9434651896016466,0,0.2,0,0,0.0025758722558427067
34,26,0,0,2,0,0,2,0,0,0,0,0,0,29,0.0,1,0,1,0,0,3.9176264438733583,0,0.14705882352941177,0,0,0.003964106985513404
25,17,0,0,2,0,0,2,0,0,0,0,0,0,20,0.0,1,0,1,0,0,3.9736606896881854,0,0.2,0,0,0.0025758722558427067
25,17,0,0,3,0,0,2,0,0,0,0,0,0,19,0.0,1,0,2,0,0,3.7532696895151085,0,0.24,0,0,0.007346282305415871
186,20,52,105,2,0,4,4,1,1,0,0,0,28,140,0.15053763440860216,1,0,1,1,0,5.0079868118904685,0,0.0967741935483871,1,1,1.0
23,16,0,0,2,0,0,2,0,0,0,0,0,0,18,0.0,0,0,1,0,0,3.7950885863977324,0,0.21739130434782608,1,1,0.9808552195426523
23,15,0,0,2,0,0,2,0,0,0,0,0,0,18,0.0,1,0,1,0,0,3.7622673906514943,0,0.21739130434782608,0,0,0.010929300373386032
66,26,32,0,3,1,0,7,0,0,0,0,0,0,54,0.0,1,0,1,0,0,4.259447719770205,0,0.18181818181818182,1,1,1.0
37,28,1,0,2,0,0,3,0,0,0,0,0,3,28,0.08108108108108109,1,0,1,0,0,4.249729716863357,0,0.16216216216216217,1,1,1.0
93,19,66,0,1,1,0,5,0,0,0,0,0,10,75,0.10752688172043011,1,0,0,0,0,4.848486236729339,0,0.08602150537634409,1,1,1.0
37,29,0,0,2,0,0,2,0,0,0,0,0,0,32,0.0,1,0,1,0,0,3.9182523518230763,0,0.13513513513513514,0,0,0.0021602219365760727
22,14,0,0,2,0,0,2,0,0,0,0,0,0,17,0.0,1,0,1,0,0,3.788754913993503,0,0.22727272727272727,0,0,0.01743044864218114
39,31,0,0,2,0,0,2,0,0,0,0,0,0,34,0.0,1,0,1,0,0,4.038499898783,0,0.1282051282051282,0,0,0.0034177515991642466
23,15,0,0,2,0,0,2,0,0,0,0,0,0,18,0.0,1,0,1,0,0,3.6753108689123644,0,0.21739130434782608,0,0,0.009622496680157706
20,11,1,0,1,1,0,3,0,0,0,0,0,0,14,0.0,1,0,0,0,0,3.7841837197791888,0,0.3,1,1,1.0
35,27,1,0,4,0,0,3,0,0,0,0,0,1,26,0.02857142857142857,0,0,3,0,0,4.071581588126284,0,0.22857142857142856,1,1,1.0
21,13,0,0,2,0,0,2,0,0,0,0,0,0,16,0.0,1,0,1,0,0,3.7849418274376427,0,0.23809523809523808,0,0,0.022685964972047966
26,18,0,0,2,1,0,2,0,0,0,0,0,0,20,0.0,1,0,1,0,0,4.026986833359286,0,0.23076923076923078,0,0,0.008912874947335942
34,25,1,0,2,1,0,3,0,0,0,0,0,6,21,0.17647058823529413,1,0,1,0,0,4.373796296941798,0,0.20588235294117646,1,1,1.0
69,44,17,0,3,8,0,4,0,0,0,0,0,5,48,0.07246376811594203,1,0,1,0,1,4.478879935417669,0,0.2318840579710145,1,1,1.0
22,15,0,0,2,0,0,2,0,0,0,0,0,0,17,0.0,0,0,1,0,0,3.6978458230844122,0,0.22727272727272727,1,1,0.9704020790684109
30,22,0,0,2,0,0,2,0,0,0,0,0,0,25,0.0,1,0,1,0,0,3.881727678869736,0,0.16666666666666666,0,0,0.0067721847418367905
25,17,0,0,2,0,0,2,0,0,0,0,0,0,20,0.0,1,0,1,0,0,3.783465189601647,0,0.2,0,0,0.0035156030378867015
33,25,0,0,2,1,0,2,0,0,0,0,0,0,27,0.0,1,0,1,0,0,4.27137063437885,0,0.18181818181818182,0,0,0.07624662358902198
23,16,0,0,2,0,0,2,0,0,0,0,0,0,18,0.0,0,0,1,0,0,3.849223912390625,0,0.21739130434782608,1,1,0.9828187807197645
28,20,0,0,2,0,0,2,0,0,0,0,0,2,21,0.07142857142857142,1,0,1,0,0,3.726474118254375,0,0.17857142857142858,0,0,0.03598722213611641
32,25,0,0,3,0,0,2,0,0,0,0,0,0,26,0.0,0,0,2,0,0,3.9917292966721747,0,0.1875,1,1,0.9869483954306507
466,13,21,424,13,4,1,11,3,10,9,0,0,88,314,0.1888412017167382,0,1,2,10,3,5.267996800466249,0,0.13733905579399142,1,1,1.0
25,17,0,0,2,0,0,2,0,0,0,0,0,0,20,0.0,1,0,1,0,0,3.703465189601647,0,0.2,0,0,0.0034251323831568465
25,17,0,0,2,0,0,2,0,0,0,0,0,0,20,0.0,1,0,1,0,0,3.7532696895151085,0,0.2,0,0,0.0034397638404539835
22,14,0,0,2,0,0,2,0,0,0,0,0,0,17,0.0,1,0,1,0,0,3.879664004902594,0,0.22727272727272727,0,0,0.014859307294805977
32,24,0,0,2,0,0,2,0,0,0,0,0,0,27,0.0,1,0,1,0,0,4.038909765557392,0,0.15625,0,0,0.008806843452078952
27,20,0,0,2,0,0,2,0,0,0,0,0,0,22,0.0,0,0,1,0,0,3.86599861327458,0,0.18518518518518517,1,1,0.9780858223882221
25,17,0,0,3,0,0,2,0,0,0,0,0,0,19,0.0,1,0,2,0,0,4.023465189601646,0,0.24,0,0,0.0036088964710720844
31,23,0,0,2,0,0,2,0,0,0,0,0,0,26,0.0,1,0,1,0,0,3.8087196973440705,0,0.16129032258064516,0,0,0.0051228209746506026
28,21,0,0,3,0,0,2,0,0,0,0,0,0,22,0.0,0,0,2,0,0,3.940759832540089,0,0.21428571428571427,1,1,0.9777732558620804
26,18,0,0,2,0,0,2,0,0,0,0,0,0,21,0.0,1,0,1,0,0,3.8731406795131327,0,0.19230769230769232,0,0,0.005348427811046243
116,64,44,0,2,0,2,3,0,0,0,0,0,13,95,0.11206896551724138,1,0,1,0,0,4.921914437384391,1,0.06896551724137931,1,1,1.0
29,21,0,0,2,0,0,2,0,0,0,0,0,0,24,0.0,1,0,1,0,0,3.926272374139508,0,0.1724137931034483,0,0,0.004970814269591249
28,20,0,0,2,0,0,2,0,0,0,0,0,0,23,0.0,1,0,1,0,0,3.7534343861887853,0,0.17857142857142858,0,0,0.006496756290916128
21,13,0,0,2,0,0,2,0,0,0,0,0,0,16,0.0,1,0,1,0,0,3.558518613048906,0,0.23809523809523808,0,0,0.010524297992008323
25,17,0,0,2,0,0,2,0,0,0,0,0,0,20,0.0,1,0,1,0,0,3.753269689515108,0,0.2,0,0,0.0034397638404539835
27,20,0,0,2,0,0,2,0,0,0,0,0,0,22,0.0,0,0,1,0,0,3.9582291686698787,0,0.18518518518518517,1,1,0.9834559869900106
35,28,0,0,3,0,0,2,0,0,0,0,0,3,26,0.08571428571428572,0,0,2,0,0,4.240156860408858,0,0.17142857142857143,1,1,0.9825578287372254
96,23,65,0,3,0,0,4,0,0,0,0,0,12,76,0.125,1,0,2,0,0,4.800518924279851,0,0.08333333333333333,1,1,1.0
31,23,0,0,2,0,0,2,0,0,0,0,0,0,26,0.0,1,0,1,0,0,3.821311940104173,0,0.16129032258064516,0,0,0.0051339578166943595
39,28,3,0,2,0,0,3,0,0,0,0,0,0,33,0.0,1,0,1,0,0,4.057855988582063,0,0.15384615384615385,1,1,1.0
25,17,0,0,3,0,0,2,0,0,0,0,0,0,19,0.0,1,0,2,0,0,3.863465189601647,0,0.24,0,0,0.00405474241485936
30,22,0,0,2,0,0,2,0,0,0,0,0,0,25,0.0,1,0,1,0,0,3.898068512058838,0,0.16666666666666666,0,0,0.005996834651531154
34,27,0,0,2,0,0,2,0,0,0,0,0,0,29,0.0,0,0,1,0,0,4.006436738245531,0,0.14705882352941177,1,1,0.9888095382875216
29,21,0,0,3,0,0,2,0,0,0,0,0,0,23,0.0,1,0,2,0,0,3.9093680639438846,0,0.20689655172413793,0,0,0.008775967235653812
89,16,65,0,2,0,0,4,0,0,0,0,0,7,75,0.07865168539325842,1,0,1,0,0,4.70972749920151,0,0.07865168539325842,1,1,1.0
27,19,0,0,2,0,0,2,0,0,0,0,0,0,22,0.0,1,0,1,0,0,4.032303242743953,0,0.18518518518518517,0,0,0.016507349865286017
45,36,1,0,2,0,0,3,0,0,0,0,0,3,36,0.06666666666666667,1,0,1,0,0,4.4556488633721045,0,0.13333333333333333,1,1,1.0
22,14,0,0,2,0,0,2,0,0,0,0,0,0,17,0.0,1,0,1,0,0,3.481714572986073,0,0.22727272727272727,0,0,0.012541002497734313
24,16,0,0,2,0,0,2,0,0,0,0,0,0,19,0.0,1,0,1,0,0,3.7720552088742005,0,0.20833333333333334,0,0,0.005417498700028583
27,19,0,0,2,0,0,2,0,0,0,0,0,0,22,0.0,1,0,1,0,0,3.85619629821938,0,0.18518518518518517,0,0,0.006135218630085277
27,19,0,0,2,0,0,2,0,0,0,0,0,3,19,0.1111111111111111,1,0,1,0,0,4.106377316818027,0,0.18518518518518517,0,0,0.06956163258488918
27,19,0,0,2,0,0,2,0,0,0,0,0,0,22,0.0,1,0,1,0,0,3.838039816898155,0,0.18518518518518517,0,0,0.006043732008081724
28,20,0,0,2,0,0,2,0,0,0,0,0,0,23,0.0,1,0,1,0,0,3.869331261111519,0,0.17857142857142858,0,0,0.008075687736109968
43,36,0,0,2,3,0,2,0,0,0,0,0,0,35,0.0,0,0,1,0,2,4.315231324217973,0,0.18604651162790697,1,1,0.8736723242803468
26,17,1,0,2,1,0,3,0,0,0,0,0,0,19,0.0,1,0,1,0,0,3.767183467891461,0,0.2692307692307692,1,1,0.9966666666666667
38,30,0,0,2,0,0,2,0,0,0,0,0,0,33,0.0,1,0,1,0,0,4.095968631579971,0,0.13157894736842105,0,0,0.004320949225230184
32,25,0,0,3,0,0,2,0,0,0,0,0,6,20,0.1875,0,0,2,0,0,4.241729296672174,0,0.1875,1,1,0.9991035503740714
32,24,0,0,2,0,0,2,0,0,0,0,0,0,27,0.0,1,0,1,0,0,3.777518266288633,0,0.15625,0,0,0.020742325007289272
31,23,0,0,2,0,0,2,0,0,0,0,0,0,26,0.0,1,0,1,0,0,3.692279682039657,0,0.16129032258064516,0,0,0.004950183099197597
30,22,1,0,2,0,0,3,0,0,0,0,0,0,24,0.0,0,0,1,0,0,4.164735178725505,0,0.2,1,1,1.0
35,26,1,0,2,0,0,3,0,0,0,0,0,0,29,0.0,1,0,1,0,0,4.125871146123144,0,0.17142857142857143,1,1,1.0
27,19,0,0,2,1,0,2,0,0,0,0,0,0,21,0.0,1,0,1,0,0,3.958229168669879,0,0.2222222222222222,0,0,0.07490863814519266
32,24,0,0,2,0,0,2,0,0,0,0,0,0,27,0.0,1,0,1,0,0,4.030639062229566,0,0.15625,0,0,0.009266364610441415
32,24,0,0,2,0,0,2,0,0,0,0,0,0,27,0.0,1,0,1,0,0,4.030639062229566,0,0.15625,0,0,0.009266364610441415
26,18,0,0,2,0,0,2,0,0,0,0,0,0,21,0.0,1,0,1,0,0,3.8731406795131327,0,0.19230769230769232,0,0,0.005348427811046243
27,19,1,0,2,0,0,3,0,0,0,0,0,0,21,0.0,0,0,1,0,0,3.7360069464476564,0,0.2222222222222222,1,1,1.0
37,29,0,0,1,0,0,2,0,0,0,0,0,0,33,0.0,1,0,0,0,0,4.064466123018132,0,0.10810810810810811,1,1,0.8334307466506405
28,20,1,0,2,0,0,3,0,0,0,0,0,1,21,0.03571428571428571,0,0,1,0,0,3.9102329406731844,0,0.21428571428571427,1,1,1.0
25,18,0,0,2,0,0,2,0,0,0,0,0,0,20,0.0,0,0,1,0,0,3.973660689688185,0,0.2,1,1,0.991523011672439
25,17,0,0,3,0,0,2,0,0,0,0,0,0,19,0.0,1,0,2,0,0,3.7230741894285697,0,0.24,0,0,0.007346282305415871
22,15,0,0,2,0,0,2,0,0,0,0,0,0,17,0.0,0,0,1,0,0,3.9705730958116847,0,0.22727272727272727,1,1,0.9732735556244849
24,16,0,0,2,0,0,2,0,0,0,0,0,0,19,0.0,1,0,1,0,0,3.688721875540867,0,0.20833333333333334,0,0,0.017097303856533737
24,16,0,0,2,0,0,2,0,0,0,0,0,0,19,0.0,1,0,1,0,0,3.8035088547976788,0,0.20833333333333334,0,0,0.00550127317221087
18,11,0,0,2,0,0,2,0,0,0,0,0,0,13,0.0,0,0,1,0,0,3.5724312513221195,0,0.2777777777777778,1,1,0.9809268137396047
23,15,0,0,2,0,0,2,0,0,0,0,0,0,18,0.0,1,0,1,0,0,3.708132064658602,0,0.21739130434782608,0,0,0.010265885472745666
34,20,6,0,1,1,0,3,0,0,0,0,0,1,27,0.029411764705882353,1,0,0,0,0,4.24173085589259,0,0.17647058823529413,1,1,1.0
38,20,10,0,2,2,0,3,0,0,0,0,0,2,28,0.05263157894736842,1,0,1,0,0,4.0079428955813805,0,0.21052631578947367,1,1,1.0
25,17,0,0,2,0,0,2,0,0,0,0,0,0,20,0.0,1,0,1,0,0,3.703465189601647,0,0.2,0,0,0.0034251323831568465
45,38,0,0,3,2,0,2,0,0,0,0,0,5,32,0.1111111111111111,0,0,2,0,0,4.524969207344632,0,0.17777777777777778,1,1,0.9977059937762143
27,19,0,0,2,0,0,2,0,0,0,0,0,0,22,0.0,1,0,1,0,0,3.5137847242254336,0,0.18518518518518517,0,0,0.00498895555073602
25,18,0,0,2,1,0,2,0,0,0,0,0,0,19,0.0,0,0,1,0,0,4.0536606896881855,0,0.24,1,1,0.9722308769165605
23,15,0,0,3,0,0,2,0,0,0,0,0,0,17,0.0,1,0,2,0,0,3.6424896731661263,0,0.2608695652173913,0,0,0.009336352468545918
29,21,0,0,2,0,0,2,0,0,0,0,0,0,24,0.0,1,0,1,0,0,3.9093680639438846,0,0.1724137931034483,0,0,0.004970814269591249
29,21,0,0,2,0,0,2,0,0,0,0,0,0,24,0.0,1,0,1,0,0,4.073329701949522,0,0.1724137931034483,0,0,0.025800702385302146
21,13,0,0,2,0,0,2,0,0,0,0,0,0,16,0.0,1,0,1,0,0,3.7849418274376427,0,0.23809523809523808,0,0,0.022685964972047966
41,33,0,0,2,0,0,2,0,0,0,0,0,0,36,0.0,1,0,1,0,0,4.0220669435897065,0,0.12195121951219512,0,0,0.0077817111617959804
45,23,15,0,2,1,0,4,0,0,0,0,0,0,37,0.0,0,0,1,0,0,4.188982196705438,0,0.17777777777777778,1,1,1.0
33,25,0,0,2,0,0,2,0,0,0,0,0,0,28,0.0,1,0,1,0,0,4.104407755459852,0,0.15151515151515152,0,0,0.00731337703179946
26,17,1,0,2,0,0,3,0,0,0,0,0,0,20,0.0,1,0,1,0,0,3.661226256269789,0,0.23076923076923078,1,1,1.0
21,14,0,0,2,0,0,2,0,0,0,0,0,1,15,0.047619047619047616,0,0,1,0,0,3.880179922675738,0,0.23809523809523808,1,1,0.9836847237546461
25,17,0,0,2,0,0,2,0,0,0,0,0,0,20,0.0,1,0,1,0,0,4.053660689688185,0,0.2,0,0,0.004912225321018954
27,19,0,0,2,0,0,2,0,0,0,0,0,0,22,0.0,1,0,1,0,0,3.930270372293454,0,0.18518518518518517,0,0,0.004732439099188848
20,12,0,0,2,0,0,2,0,0,0,0,0,0,15,0.0,1,0,1,0,0,3.684183719779189,0,0.25,0,0,0.007304607557808997
23,15,0,0,2,0,0,2,0,0,0,0,0,0,18,0.0,1,0,1,0,0,3.555533151426996,0,0.21739130434782608,0,0,0.010361389561373918
27,19,0,0,2,0,0,2,0,0,0,0,0,0,22,0.0,1,0,1,0,0,3.8245387807277744,0,0.18518518518518517,0,0,0.004800862376112916
25,18,0,0,2,0,0,2,0,0,0,0,0,0,20,0.0,0,0,1,0,0,3.8136606896881853,0,0.2,1,1,0.9868456959849959
30,11,9,2,1,0,0,3,1,0,0,0,0,5,19,0.16666666666666666,0,0,0,1,0,4.389898095464287,0,0.2,1,1,0.9982512505801661
21,13,0,0,2,0,0,2,0,0,0,0,0,0,16,0.0,1,0,1,0,0,3.784941827437643,0,0.23809523809523808,0,0,0.022685964972047966
26,18,0,0,2,0,0,2,0,0,0,0,0,0,21,0.0,1,0,1,0,0,3.8252517372886508,0,0.19230769230769232,0,0,0.017886606571311466
46,37,1,0,5,0,0,3,0,0,0,0,0,3,34,0.06521739130434782,1,0,4,0,0,4.390106184591413,0,0.1956521739130435,1,1,1.0
20,12,0,0,2,0,0,2,0,0,0,0,0,0,15,0.0,1,0,1,0,0,3.446439344671015,0,0.25,0,0,0.0071850810601427695
36,29,0,0,2,0,0,2,0,0,0,0,0,0,31,0.0,0,0,1,0,0,4.030493056757482,0,0.1388888888888889,1,1,0.9650005541689818
22,14,0,0,2,0,0,2,0,0,0,0,0,0,17,0.0,1,0,1,0,0,3.6635327548042547,0,0.22727272727272727,0,0,0.014183225813440083
28,20,0,0,2,0,0,2,0,0,0,0,0,0,23,0.0,1,0,1,0,0,3.9677201004744997,0,0.17857142857142858,0,0,0.00683287457054348
37,30,0,0,2,0,0,2,0,0,0,0,0,0,32,0.0,0,0,1,0,1,3.9723064058771302,0,0.13513513513513514,1,1,0.9143414494022354
58,31,20,0,6,0,0,4,0,0,0,0,0,0,47,0.0,0,0,4,0,0,4.120153624102207,0,0.1896551724137931,1,1,1.0
24,17,0,0,2,0,0,2,0,0,0,0,0,0,19,0.0,0,0,1,0,0,3.7720552088742005,0,0.20833333333333334,1,1,0.9901853234817914
29,22,0,0,2,0,0,2,0,0,0,0,0,0,24,0.0,0,0,1,0,0,4.142295219190901,0,0.1724137931034483,1,1,0.9873728939570768
28,20,0,0,2,0,0,2,0,0,0,0,0,0,23,0.0,1,0,1,0,0,3.923251796980338,0,0.17857142857142858,0,0,0.0062027140142167795
26,18,0,0,2,0,0,2,0,0,0,0,0,0,21,0.0,1,0,1,0,0,3.9790978911348045,0,0.19230769230769232,0,0,0.004194649840584041
30,22,0,0,2,0,0,2,0,0,0,0,0,0,25,0.0,1,0,1,0,0,3.9395722619867226,0,0.16666666666666666,0,0,0.004922432951000173
56,47,1,0,2,5,0,3,0,0,0,0,0,0,45,0.0,1,0,1,0,0,4.146005592778008,0,0.19642857142857142,1,1,1.0
31,24,0,0,2,0,0,2,0,0,0,0,0,0,26,0.0,0,0,1,0,0,4.0667842134731025,0,0.16129032258064516,1,1,0.9741895337371251
18,10,0,0,2,0,0,2,0,0,0,0,0,0,13,0.0,1,0,1,0,0,3.419381945646371,0,0.2777777777777778,0,0,0.0041895600508676375
37,28,1,0,2,0,0,3,0,0,0,0,0,3,28,0.08108108108108109,1,0,1,0,0,4.303783770917412,0,0.16216216216216217,1,1,1.0
27,19,0,0,2,2,0,2,0,0,0,0,0,1,19,0.037037037037037035,1,0,1,0,0,3.912113890972229,0,0.25925925925925924,1,0,0.49716427626159304
26,19,0,0,3,0,0,2,0,0,0,0,0,0,20,0.0,0,0,2,0,0,3.9210296217376146,0,0.23076923076923078,1,1,0.987793813944597
35,27,0,0,2,0,0,2,0,0,0,0,0,0,30,0.0,1,0,1,0,0,4.25057194545458,0,0.14285714285714285,0,0,0.010332582515787265
18,10,0,0,2,0,0,2,0,0,0,0,0,0,13,0.0,1,0,1,0,0,3.30827083453526,0,0.2777777777777778,0,0,0.0028720187085362423
23,15,0,0,2,0,0,2,0,0,0,0,0,0,18,0.0,1,0,1,0,0,3.9690016298759936,0,0.21739130434782608,0,0,0.013642207161904406
29,21,0,0,3,0,0,2,0,0,0,0,0,0,23,0.0,1,0,2,0,0,3.8404025467025056,0,0.20689655172413793,0,0,0.010464090756643814
23,15,0,0,2,0,0,2,0,0,0,0,0,0,18,0.0,1,0,1,0,0,3.6424896731661263,0,0.21739130434782608,0,0,0.011093423602731028
56,47,1,0,3,4,0,3,0,0,0,0,0,18,27,0.32142857142857145,1,0,2,0,0,4.541393261529372,0,0.19642857142857142,1,1,1.0
29,22,0,0,3,0,0,2,0,0,0,0,0,0,23,0.0,0,0,2,0,0,4.021268494903765,0,0.20689655172413793,1,1,0.9786413415376114
59,21,30,0,1,1,0,6,0,0,0,0,0,8,42,0.13559322033898305,1,0,0,0,0,4.348685533022554,0,0.15254237288135594,1,1,1.0
24,16,0,0,2,0,0,2,0,0,0,0,0,0,19,0.0,1,0,1,0,0,3.8553885422075345,0,0.20833333333333334,0,0,0.005451851578679096
53,44,1,0,2,4,0,3,0,0,0,0,0,0,43,0.0,1,0,1,0,1,4.275208785512427,0,0.18867924528301888,1,1,0.9996829715225969
27,19,0,0,2,2,0,2,0,0,0,0,0,0,20,0.0,1,0,1,0,0,4.032303242743953,0,0.25925925925925924,0,0,0.08871481309626651
25,17,0,0,2,0,0,2,0,0,0,0,0,0,20,0.0,1,0,1,0,0,3.703465189601647,0,0.2,0,0,0.0034251323831568465
32,24,0,0,2,0,0,2,0,0,0,0,0,0,27,0.0,1,0,1,0,0,3.8667292966721747,0,0.15625,0,0,0.01770502279303176
38,30,0,0,2,0,0,2,0,0,0,0,0,0,33,0.0,1,0,1,0,0,4.050301855434982,0,0.13157894736842105,0,0,0.003961536772143375
22,14,0,0,2,0,0,2,0,0,0,0,0,0,17,0.0,1,0,1,0,0,3.879664004902594,0,0.22727272727272727,0,0,0.014859307294805977
31,23,0,0,2,0,0,2,0,0,0,0,0,0,26,0.0,1,0,1,0,0,3.8732358263763285,0,0.16129032258064516,0,0,0.005357268499544268
30,22,0,0,2,0,0,2,0,0,0,0,0,0,25,0.0,1,0,1,0,0,3.9647351787255043,0,0.16666666666666666,0,0,0.004952685654609926
57,30,19,0,2,0,0,3,0,0,0,0,0,0,51,0.0,1,0,1,0,0,4.117268085360866,0,0.10526315789473684,1,1,0.99
23,15,0,0,3,0,0,2,0,0,0,0,0,0,17,0.0,1,0,2,0,0,3.4357554339416274,0,0.2608695652173913,0,0,0.008313506050158253
38,29,1,0,2,3,0,3,0,0,0,0,0,10,19,0.2631578947368421,1,0,1,0,0,4.41872290806656,0,0.23684210526315788,1,1,0.9991035503740714
26,18,0,0,2,0,0,2,0,0,0,0,0,0,21,0.0,1,0,1,0,0,3.657385276650178,0,0.19230769230769232,0,0,0.004401991455395189
32,25,0,0,3,0,0,2,0,0,0,0,0,0,26,0.0,0,0,2,0,0,3.8789280318460246,0,0.1875,1,1,0.9849208702786797
28,21,0,0,2,0,0,2,0,0,0,0,0,0,23,0.0,0,0,1,0,0,4.110577243331642,0,0.17857142857142858,1,1,0.9787228217440577
25,17,0,0,2,0,0,2,0,0,0,0,0,0,20,0.0,1,0,1,0,0,3.9434651896016466,0,0.2,0,0,0.0025758722558427067
106,42,56,0,2,4,0,9,0,0,0,0,0,8,82,0.07547169811320754,1,0,1,0,1,4.561895411408389,0,0.1509433962264151,1,1,1.0
21,13,0,0,2,0,0,2,0,0,0,0,0,0,16,0.0,1,0,1,0,0,3.5944656369614525,0,0.23809523809523808,0,0,0.010524297992008323
31,23,0,0,2,0,0,2,0,0,0,0,0,0,26,0.0,1,0,1,0,0,4.0667842134731025,0,0.16129032258064516,0,0,0.005371138303417971
21,13,0,0,2,0,0,2,0,0,0,0,0,0,16,0.0,1,0,1,0,0,3.6537567082870015,0,0.23809523809523808,0,0,0.011853011841857757
30,22,0,0,2,0,0,2,0,0,0,0,0,0,25,0.0,1,0,1,0,0,4.056564762130954,0,0.16666666666666666,0,0,0.007731188722957833
30,22,0,0,2,0,0,2,0,0,0,0,0,0,25,0.0,1,0,1,0,0,3.8980685120588383,0,0.16666666666666666,0,0,0.005996834651531154
27,19,0,0,2,0,0,2,0,0,0,0,0,0,22,0.0,1,0,1,0,0,3.7821222241453056,0,0.18518518518518517,0,0,0.004065482931420731
22,14,0,0,2,0,0,2,0,0,0,0,0,0,17,0.0,1,0,1,0,0,3.5160276412662306,0,0.22727272727272727,0,0,0.012541002497734313
21,14,0,0,2,0,0,2,0,0,0,0,0,0,16,0.0,0,0,1,0,0,3.7849418274376427,0,0.23809523809523808,1,1,0.9722434590430602
60,28,24,0,2,0,0,5,0,0,0,0,0,1,51,0.016666666666666666,1,0,0,0,0,4.182158204685784,0,0.13333333333333333,1,1,0.9993435164750069
59,41,11,0,3,2,0,3,0,0,0,0,0,0,50,0.0,0,0,1,0,0,4.259076101195385,0,0.15254237288135594,1,1,1.0
29,21,0,0,2,0,0,2,0,0,0,0,0,0,24,0.0,1,0,1,0,0,3.857306856898128,0,0.1724137931034483,0,0,0.006674621949280691
24,16,0,0,2,0,0,2,0,0,0,0,0,0,19,0.0,1,0,1,0,0,3.7720552088742005,0,0.20833333333333334,0,0,0.005417498700028583
22,15,0,0,2,0,0,2,0,0,0,0,0,0,17,0.0,0,0,1,0,0,3.606936732175321,0,0.22727272727272727,1,1,0.9720013172744082
28,21,0,0,2,0,0,2,0,0,0,0,0,0,23,0.0,0,0,1,0,0,3.940759832540089,0,0.17857142857142858,1,1,0.9805257012905227
24,16,0,0,2,0,0,2,0,0,0,0,0,0,19,0.0,1,0,1,0,0,3.66829583405449,0,0.20833333333333334,0,0,0.0054823693991794195
43,34,1,0,3,0,0,3,0,0,0,0,0,5,31,0.11627906976744186,1,0,2,0,0,4.379298475431077,0,0.16279069767441862,1,1,1.0
21,13,0,0,3,0,0,2,0,0,0,0,0,0,15,0.0,1,0,2,0,0,3.748994803525097,0,0.2857142857142857,0,0,0.004718497603542004
45,36,1,0,2,0,0,3,0,0,0,0,0,3,36,0.06666666666666667,1,0,1,0,0,4.4556488633721045,0,0.13333333333333333,1,1,1.0
26,18,0,0,2,0,0,2,0,0,0,0,0,0,21,0.0,1,0,1,0,0,3.8731406795131327,0,0.19230769230769232,0,0,0.005348427811046243
19,12,0,0,2,0,0,2,0,0,0,0,0,2,12,0.10526315789473684,0,0,1,0,0,3.6818808028034025,0,0.2631578947368421,1,1,0.9670404168360991
29,22,0,0,2,0,0,2,0,0,0,0,0,0,24,0.0,0,0,1,0,0,3.9353986674667625,0,0.1724137931034483,1,1,0.9888901218503626
26,18,0,0,3,0,0,2,0,0,0,0,0,0,20,0.0,1,0,2,0,0,3.8731406795131327,0,0.23076923076923078,0,0,0.00900778148489497
27,19,0,0,2,0,0,2,0,0,0,0,0,2,20,0.07407407407407407,1,0,1,0,0,3.930270372293454,0,0.18518518518518517,0,0,0.012388027821415463
34,25,1,0,2,1,0,3,0,0,0,0,0,6,21,0.17647058823529413,1,0,1,0,0,4.314972767530033,0,0.20588235294117646,1,1,1.0
25,17,0,0,2,0,0,2,0,0,0,0,0,0,20,0.0,1,0,1,0,0,3.753269689515108,0,0.2,0,0,0.0034397638404539835
21,14,0,0,2,0,0,2,0,0,0,0,0,0,16,0.0,0,0,1,0,0,3.5944656369614525,0,0.23809523809523808,1,1,0.9757794509851898
34,26,0,0,2,0,0,2,0,0,0,0,0,0,29,0.0,1,0,1,0,0,3.9986525468781666,0,0.14705882352941177,0,0,0.004924449789347887
23,15,0,0,2,0,0,2,0,0,0,0,0,0,18,0.0,1,0,1,0,0,3.534219021180341,0,0.21739130434782608,0,0,0.010361389561373918
28,20,0,0,2,0,0,2,0,0,0,0,0,2,21,0.07142857142857142,1,0,1,0,0,4.039148671903071,0,0.17857142857142858,0,0,0.02607236285605513
30,23,0,0,2,1,0,2,0,0,0,0,0,0,24,0.0,0,0,1,0,0,4.031401845392171,0,0.2,1,1,0.9759814067398643
36,27,1,0,2,2,0,3,0,0,0,0,0,6,22,0.16666666666666666,1,0,1,0,0,4.041336376912015,0,0.2222222222222222,1,1,1.0
31,22,1,0,2,0,0,3,0,0,0,0,0,1,24,0.03225806451612903,1,0,1,0,0,3.937751955408586,0,0.1935483870967742,1,1,1.0
23,15,0,0,2,0,0,2,0,0,0,0,0,0,18,0.0,1,0,1,0,0,3.882045108136863,0,0.21739130434782608,0,0,0.02375840767394129
27,19,0,0,2,0,0,2,0,0,0,0,0,0,22,0.0,1,0,1,0,0,3.8841550945958048,0,0.18518518518518517,0,0,0.005675347800511108
22,15,0,0,2,0,0,2,0,0,0,0,0,0,17,0.0,0,0,1,0,0,3.6978458230844122,0,0.22727272727272727,1,1,0.9704020790684109
19,11,0,0,2,0,0,2,0,0,0,0,0,0,14,0.0,1,0,1,0,0,3.5110854081804272,0,0.2631578947368421,0,0,0.004879182365489953
25,18,0,0,3,0,0,2,0,0,0,0,0,1,18,0.04,0,0,2,0,0,3.9434651896016466,0,0.24,1,1,0.9984906878224448
87,16,52,10,2,3,0,5,1,1,0,0,0,16,58,0.1839080459770115,1,0,1,1,0,4.519952404513696,0,0.14942528735632185,1,1,1.0
43,35,1,0,2,1,0,3,0,0,0,0,0,7,29,0.16279069767441862,0,0,1,0,0,4.553944405764262,0,0.16279069767441862,1,1,1.0
25,18,0,0,2,0,0,2,0,0,0,0,0,0,20,0.0,0,0,1,0,0,3.5630741894285696,0,0.2,1,1,0.9867592409458367
19,11,0,0,2,0,0,2,0,0,0,0,0,0,14,0.0,1,0,1,0,0,3.5766176449086657,0,0.2631578947368421,0,0,0.005149518898988455
22,14,0,0,2,0,0,2,0,0,0,0,0,0,17,0.0,1,0,1,0,0,3.663532754804254,0,0.22727272727272727,0,0,0.014183225813440083
25,17,0,0,2,0,0,2,0,0,0,0,0,0,20,0.0,1,0,1,0,0,3.703465189601647,0,0.2,0,0,0.0034251323831568465
28,20,0,0,2,0,0,2,0,0,0,0,0,0,23,0.0,1,0,1,0,0,3.9232517969803373,0,0.17857142857142858,0,0,0.0062027140142167795
25,17,0,0,3,0,0,2,0,0,0,0,0,0,19,0.0,1,0,2,0,0,3.5932696895151084,0,0.24,0,0,0.0099604049342108
26,18,0,0,2,0,0,2,0,0,0,0,0,0,21,0.0,1,0,1,0,0,3.9021748142117274,0,0.19230769230769232,0,0,0.003727924127110542
21,13,0,0,2,0,0,2,0,0,0,0,0,0,16,0.0,1,0,1,0,0,3.6537567082870015,0,0.23809523809523808,0,0,0.011853011841857757
26,18,0,0,2,0,0,2,0,0,0,0,0,0,21,0.0,1,0,1,0,0,3.777362795064169,0,0.19230769230769232,0,0,0.005432964222511789
42,22,12,0,3,2,0,3,0,0,0,0,0,13,20,0.30952380952380953,1,0,1,0,0,4.492926053473587,0,0.21428571428571427,1,1,1.0
32,23,1,0,2,1,0,3,0,0,0,0,0,6,19,0.1875,1,0,1,0,0,4.179229296672174,0,0.21875,1,1,0.9972823081546784
24,16,0,0,2,0,0,2,0,0,0,0,0,0,19,0.0,1,0,1,0,0,3.8035088547976788,0,0.20833333333333334,0,0,0.00550127317221087
27,20,0,0,2,0,0,2,0,0,0,0,0,0,22,0.0,0,0,1,0,0,3.958229168669879,0,0.18518518518518517,1,1,0.9834559869900106
47,14,26,0,3,0,0,5,0,0,0,0,0,6,32,0.1276595744680851,0,0,1,0,1,4.246419841989041,0,0.19148936170212766,1,1,1.0
48,41,0,0,2,0,0,2,0,0,0,0,0,24,19,0.5,0,0,1,0,0,4.321854365656768,0,0.10416666666666667,1,1,1.0
138,47,10,72,3,5,0,4,1,1,0,0,0,33,90,0.2391304347826087,1,0,2,1,1,5.035333110555972,0,0.10869565217391304,1,1,1.0
26,18,0,0,2,0,0,2,0,0,0,0,0,0,21,0.0,1,0,1,0,0,3.5944825065194204,0,0.19230769230769232,0,0,0.00660245893909252
30,23,0,0,4,0,0,2,0,0,0,0,0,0,23,0.0,0,0,3,0,0,3.856564762130954,0,0.23333333333333334,1,1,0.9787265023841172
25,18,0,0,3,0,0,2,0,0,0,0,0,0,19,0.0,0,0,2,0,0,3.6430741894285696,0,0.24,1,1,0.9832347522116581
52,43,1,0,3,0,0,3,0,0,0,0,0,0,45,0.0,1,0,2,0,0,4.159305766459983,0,0.1346153846153846,1,1,1.0
30,22,0,0,2,0,0,2,0,0,0,0,0,0,25,0.0,1,0,1,0,0,4.01506101220307,0,0.16666666666666666,0,0,0.0051658936250570334
28,10,10,0,1,0,0,4,0,0,0,0,0,1,21,0.03571428571428571,1,0,0,0,0,3.9232517969803378,0,0.21428571428571427,1,1,1.0
119,45,66,0,3,5,0,8,0,0,0,0,0,0,102,0.0,1,0,1,0,1,4.268627873785346,0,0.14285714285714285,1,1,1.0
28,21,0,0,2,0,0,2,0,0,0,0,0,0,23,0.0,0,0,1,0,0,4.09306920777189,0,0.17857142857142858,1,1,0.9812901672206279
29,21,1,0,2,0,0,3,0,0,0,0,0,15,8,0.5172413793103449,0,0,1,0,0,4.021268494903765,0,0.20689655172413793,1,1,1.0
38,30,0,0,2,0,0,2,0,0,0,0,0,0,33,0.0,1,0,1,0,0,3.8328107368431286,0,0.13157894736842105,0,0,0.017637892601379702
24,16,0,0,2,0,0,2,0,0,0,0,0,0,19,0.0,1,0,1,0,0,3.688721875540867,0,0.20833333333333334,0,0,0.017097303856533737
77,13,57,0,4,0,0,6,0,0,0,0,0,26,40,0.33766233766233766,0,0,1,0,0,4.7908288719709455,0,0.14285714285714285,1,1,1.0
37,29,0,0,2,1,0,2,0,0,0,0,0,0,31,0.0,1,0,1,0,0,4.0573130823021755,0,0.16216216216216217,0,0,0.02392140167773834
35,9,18,0,1,0,0,3,0,0,0,0,0,3,27,0.08571428571428572,1,0,0,0,0,4.422000516883152,0,0.14285714285714285,1,1,0.9989030682387954
52,43,1,0,4,0,0,3,0,0,0,0,0,0,44,0.0,1,0,3,0,1,4.181329747762419,0,0.15384615384615385,1,1,1.0
55,17,30,0,2,2,1,4,0,0,0,0,0,0,45,0.0,1,0,0,0,0,4.220478414761672,0,0.18181818181818182,1,1,1.0
30,22,0,0,2,0,0,2,0,0,0,0,0,0,25,0.0,1,0,1,0,0,4.031401845392171,0,0.16666666666666666,0,0,0.005982794053951009
109,75,1,24,4,0,0,3,1,1,0,0,0,10,89,0.09174311926605505,1,0,2,1,0,4.855014431877616,1,0.09174311926605505,1,1,1.0
24,16,0,0,2,0,0,2,0,0,0,0,0,0,19,0.0,1,0,1,0,0,3.9701755214643453,0,0.20833333333333334,0,0,0.005905620775876425
36,27,1,0,2,0,0,3,0,0,0,0,0,2,28,0.05555555555555555,1,0,1,0,0,4.2390979179887855,0,0.16666666666666666,1,1,1.0
36,29,0,0,2,0,0,2,0,0,0,0,0,0,31,0.0,0,0,1,0,0,3.919381945646371,0,0.1388888888888889,1,1,0.9711101453757824
25,17,0,0,2,0,0,2,0,0,0,0,0,0,20,0.0,1,0,1,0,0,3.733660689688185,0,0.2,0,0,0.0034397638404539835
28,20,0,0,3,0,0,2,0,0,0,0,0,0,22,0.0,1,0,2,0,0,4.012188403968661,0,0.21428571428571427,0,0,0.010153928870375155
21,13,0,0,3,0,0,2,0,0,0,0,0,0,15,0.0,1,0,2,0,0,3.5585186130489066,0,0.2857142857142857,0,0,0.005552514166838968
97,47,42,0,4,1,0,4,0,0,0,0,0,5,82,0.05154639175257732,1,0,3,0,0,4.705432240198902,0,0.10309278350515463,1,1,1.0
26,18,0,0,2,0,0,2,0,0,0,0,0,0,21,0.0,1,0,1,0,0,3.8441065448145375,0,0.19230769230769232,0,0,0.005665991885823571
30,22,0,0,3,0,0,2,0,0,0,0,0,0,24,0.0,1,0,2,0,0,3.948394345536403,0,0.2,0,0,0.014778286039594753
22,15,0,0,2,0,0,2,0,0,0,0,0,0,17,0.0,0,0,1,0,0,3.788754913993503,0,0.22727272727272727,1,1,0.9705598557053348
31,23,0,0,2,0,0,2,0,0,0,0,0,0,26,0.0,1,0,1,0,0,3.962103165155795,0,0.16129032258064516,0,0,0.0047408054483416345
23,15,0,0,2,0,0,2,0,0,0,0,0,0,18,0.0,1,0,1,0,0,3.882045108136863,0,0.21739130434782608,0,0,0.02375840767394129
21,13,0,0,3,0,0,2,0,0,0,0,0,0,15,0.0,1,0,2,0,0,3.5585186130489066,0,0.2857142857142857,0,0,0.005552514166838968
40,32,0,0,2,0,0,2,0,0,0,0,0,0,35,0.0,1,0,1,0,1,4.106198332810094,0,0.125,0,0,0.21460346119360058
25,17,0,0,2,0,0,2,0,0,0,0,0,0,20,0.0,1,0,1,0,0,3.843856189774724,0,0.2,0,0,0.00404049405059699
24,16,0,0,2,0,0,2,0,0,0,0,0,0,19,0.0,1,0,1,0,0,3.6887218755408675,0,0.20833333333333334,0,0,0.017097303856533737
39,31,0,0,2,0,0,2,0,0,0,0,0,0,34,0.0,1,0,1,0,0,4.214262795507958,0,0.1282051282051282,0,0,0.027268680988562832
26,18,0,0,2,0,0,2,0,0,0,0,0,0,21,0.0,1,0,1,0,0,3.9500637564362093,0,0.19230769230769232,0,0,0.0032517506120185355
25,17,0,0,2,0,0,2,0,0,0,0,0,0,20,0.0,1,0,1,0,0,3.573660689688186,0,0.2,0,0,0.005568260982188091
26,19,0,0,2,0,0,2,0,0,0,0,0,0,21,0.0,0,0,1,0,0,3.9790978911348045,0,0.19230769230769232,1,1,0.9923256673702195
24,16,0,0,3,0,0,2,0,0,0,0,0,0,18,0.0,1,0,2,0,0,3.7406015629507228,0,0.25,0,0,0.006926666810057445
38,30,0,0,2,0,0,2,0,0,0,0,0,0,33,0.0,1,0,1,0,0,3.9354458560507632,0,0.13157894736842105,0,0,0.0036815612471979508
31,23,0,0,4,0,0,2,0,0,0,0,0,0,24,0.0,1,0,3,0,0,3.833070907091279,0,0.22580645161290322,0,0,0.013275194737696354
21,13,0,0,2,0,0,2,0,0,0,0,0,0,16,0.0,1,0,1,0,0,3.6897037321995474,0,0.23809523809523808,0,0,0.01188759383569943
84,77,0,0,4,0,0,2,0,0,0,0,0,11,66,0.13095238095238096,0,0,3,0,0,4.747340452484411,1,0.08333333333333333,1,1,1.0
21,13,0,0,2,0,0,2,0,0,0,0,0,1,15,0.047619047619047616,1,0,1,0,0,3.6897037321995474,0,0.23809523809523808,0,0,0.0803664072926178
29,21,0,0,2,0,0,2,0,0,0,0,0,0,24,0.0,1,0,1,0,0,4.021268494903765,0,0.1724137931034483,0,0,0.006030051060254468
37,29,0,0,3,0,0,2,0,0,0,0,0,0,31,0.0,1,0,2,0,0,4.090964771432892,0,0.16216216216216217,0,0,0.0925416307336046
87,54,11,13,2,5,0,4,1,1,0,0,0,23,50,0.26436781609195403,1,0,1,1,0,4.588547922431161,1,0.16091954022988506,1,1,1.0
32,24,0,0,2,0,0,2,0,0,0,0,0,0,27,0.0,1,0,1,0,0,3.9025182662886326,0,0.15625,0,0,0.016870063455134858
28,20,0,0,2,0,0,2,0,0,0,0,0,0,23,0.0,1,0,1,0,0,4.039148671903072,0,0.17857142857142858,1,0,0.009044779468121222
47,11,29,0,3,0,0,5,0,0,0,0,0,0,38,0.0,0,0,0,0,0,4.264606075441664,0,0.19148936170212766,1,1,1.0
26,18,1,0,2,1,0,3,0,0,0,0,0,0,19,0.0,0,0,1,0,0,4.026986833359286,0,0.2692307692307692,1,1,1.0
26,18,0,0,2,0,0,2,0,0,0,0,0,0,21,0.0,1,0,1,0,0,3.9500637564362093,0,0.19230769230769232,0,0,0.0032517506120185355
23,4,11,0,1,0,0,3,0,0,0,0,0,1,17,0.043478260869565216,1,0,0,0,0,3.849223912390625,0,0.21739130434782608,1,1,1.0
25,18,0,0,2,0,0,2,0,0,0,0,0,0,20,0.0,0,0,1,0,0,3.943465189601647,0,0.2,1,1,0.991523011672439
29,21,0,0,2,0,0,2,0,0,0,0,0,0,24,0.0,1,0,1,0,0,4.004364184708143,0,0.1724137931034483,0,0,0.005935595119943778
27,20,0,0,2,0,0,2,0,0,0,0,0,0,22,0.0,0,0,1,0,0,4.134336113194452,0,0.18518518518518517,1,1,0.9769734228273271
29,21,0,0,3,0,0,2,0,0,0,0,0,0,23,0.0,1,0,2,0,0,3.9093680639438846,0,0.20689655172413793,0,0,0.008775967235653812
26,18,0,0,2,0,0,2,0,0,0,0,0,0,21,0.0,1,0,1,0,0,3.8731406795131327,0,0.19230769230769232,0,0,0.005348427811046243
23,16,0,0,2,0,0,2,0,0,0,0,0,4,14,0.17391304347826086,0,0,1,0,0,3.6211755429194716,0,0.21739130434782608,1,1,0.95646035533676
30,22,0,0,2,0,0,2,0,0,0,0,0,0,25,0.0,1,0,1,0,0,3.8314018453921714,0,0.16666666666666666,0,0,0.007180410255266293
26,18,0,0,2,0,0,2,0,0,0,0,0,0,21,0.0,1,0,1,0,0,3.8252517372886508,0,0.19230769230769232,0,0,0.017886606571311466
29,21,0,0,2,0,0,2,0,0,0,0,0,0,24,0.0,1,0,1,0,0,3.7848977027564086,0,0.1724137931034483,0,0,0.006749307883568526
31,23,0,0,2,0,0,2,0,0,0,0,0,0,26,0.0,1,0,1,0,0,4.0667842134731025,0,0.16129032258064516,0,0,0.005371138303417971
22,4,10,0,1,1,0,3,0,0,0,0,0,0,16,0.0,1,0,0,0,0,3.8796640049025934,0,0.2727272727272727,1,1,1.0
41,33,1,0,2,2,0,3,0,0,0,0,0,0,33,0.0,0,0,1,0,0,4.0913045177670195,0,0.1951219512195122,1,1,1.0
20,12,0,0,2,0,0,2,0,0,0,0,0,0,15,0.0,1,0,1,0,0,3.3841837197791884,0,0.25,0,0,0.005395834923168871
26,18,0,0,2,0,0,2,0,0,0,0,0,0,21,0.0,1,0,1,0,0,3.902174814211728,0,0.19230769230769232,0,0,0.003727924127110542
23,15,0,0,2,0,0,2,0,0,0,0,0,0,18,0.0,1,0,1,0,0,3.468576629687865,0,0.21739130434782608,0,0,0.0144528461603886
48,39,1,0,2,0,0,3,0,0,0,0,0,0,42,0.0,1,0,1,0,0,4.149673896771549,0,0.125,1,1,0.9918862263352036
21,13,0,0,2,0,0,2,0,0,0,0,0,0,16,0.0,1,0,1,0,0,3.5225715891363603,0,0.23809523809523808,0,0,0.010524297992008323
30,22,0,0,2,0,0,2,0,0,0,0,0,0,25,0.0,1,0,1,0,0,4.031401845392171,0,0.16666666666666666,0,0,0.005982794053951009
22,15,0,0,2,0,0,2,0,0,0,0,0,3,14,0.13636363636363635,0,0,1,0,0,3.73215889136457,0,0.22727272727272727,1,1,0.9868958330189896
26,18,0,0,2,0,0,2,0,0,0,0,0,0,21,0.0,1,0,1,0,0,3.8441065448145375,0,0.19230769230769232,0,0,0.005665991885823571
29,21,0,0,3,0,0,2,0,0,0,0,0,0,23,0.0,1,0,2,0,0,3.7623107361338706,0,0.20689655172413793,0,0,0.009922740077627027
25,18,0,0,3,0,0,2,0,0,0,0,0,3,16,0.12,0,0,2,0,0,4.023465189601646,0,0.24,1,1,0.9854787770749821
36,27,1,0,2,2,0,3,0,0,0,0,0,6,22,0.16666666666666666,1,0,1,0,0,4.173416585305445,0,0.2222222222222222,1,1,1.0
27,20,0,0,3,0,0,2,0,0,0,0,0,7,14,0.25925925925925924,0,0,2,0,0,3.9582291686698783,0,0.2222222222222222,1,1,1.0
29,22,0,0,3,0,0,2,0,0,0,0,0,0,23,0.0,0,0,2,0,0,3.676440908696869,0,0.20689655172413793,1,1,0.9731749914533988
28,20,0,0,2,0,0,2,0,0,0,0,0,0,23,0.0,1,0,1,0,0,4.066108939837481,0,0.17857142857142858,0,0,0.009237671061310878
25,17,0,0,2,0,0,2,0,0,0,0,0,0,20,0.0,1,0,1,0,0,3.8936606896881854,0,0.2,0,0,0.0030593884458796385
24,16,0,0,2,0,0,2,0,0,0,0,0,0,19,0.0,1,0,1,0,0,3.7201755214643453,0,0.20833333333333334,0,0,0.005364499988881662
23,15,0,0,3,0,0,2,0,0,0,0,0,0,17,0.0,1,0,2,0,0,3.675310868912364,0,0.2608695652173913,0,0,0.008588700532376405
26,18,0,0,2,0,0,2,0,0,0,0,0,0,21,0.0,1,0,1,0,0,3.8252517372886508,0,0.19230769230769232,0,0,0.017886606571311466
25,17,0,0,2,0,0,2,0,0,0,0,0,0,20,0.0,1,0,1,0,0,3.7638561897747236,0,0.2,0,0,0.0035156030378867015
25,18,0,0,2,0,0,2,0,0,0,0,0,0,20,0.0,0,0,1,0,0,3.9434651896016466,0,0.2,1,1,0.991523011672439
25,17,0,0,2,0,0,2,0,0,0,0,0,0,20,0.0,1,0,1,0,0,3.8136606896881857,0,0.2,0,0,0.0039010576648637997
24,17,0,0,2,0,0,2,0,0,0,0,0,6,13,0.25,0,0,1,0,0,3.7406015629507228,0,0.20833333333333334,1,1,0.9946820589354168
105,7,90,0,2,0,1,5,0,0,0,0,0,11,85,0.10476190476190476,1,0,0,0,0,4.865642519375689,0,0.08571428571428572,1,1,1.0
23,15,0,0,2,0,0,2,0,0,0,0,0,0,18,0.0,1,0,1,0,0,3.588354347173234,0,0.21739130434782608,0,0,0.01167112548292048
29,21,0,0,2,0,0,2,0,0,0,0,0,0,24,0.0,1,0,1,0,0,3.840402546702505,0,0.1724137931034483,0,0,0.008372027405062704
24,16,0,0,2,0,0,2,0,0,0,0,0,0,19,0.0,1,0,1,0,0,4.053508854797679,0,0.20833333333333334,0,0,0.0069669853214584495
27,18,1,0,2,0,0,3,0,0,0,0,0,2,19,0.07407407407407407,1,0,1,0,0,4.106377316818027,0,0.2222222222222222,1,1,0.9993435164750069
43,35,1,0,5,0,0,3,0,0,0,0,0,0,34,0.0,0,0,4,0,0,4.109306836490686,0,0.20930232558139536,1,1,1.0
33,25,0,0,2,0,0,2,0,0,0,0,0,0,28,0.0,1,0,1,0,0,4.18788919491935,0,0.15151515151515152,0,0,0.015176996174126316
67,42,17,0,5,0,0,4,0,0,0,0,0,0,57,0.0,1,0,3,0,0,4.33305734063009,0,0.14925373134328357,1,1,1.0
27,19,0,0,2,0,0,2,0,0,0,0,0,0,22,0.0,1,0,1,0,0,3.930270372293454,0,0.18518518518518517,0,0,0.004732439099188848
61,23,30,0,1,2,0,5,0,0,0,0,0,1,51,0.01639344262295082,1,0,0,0,0,4.28107847718435,0,0.14754098360655737,1,1,1.0
46,38,1,0,2,2,0,3,0,0,0,0,0,0,38,0.0,0,0,1,0,0,4.094244435147133,0,0.17391304347826086,1,1,1.0
20,12,0,0,2,0,0,2,0,0,0,0,0,0,15,0.0,1,0,1,0,0,3.584183719779188,0,0.25,0,0,0.006103523061771641
39,30,1,0,2,0,0,3,0,0,0,0,0,0,33,0.0,1,0,1,0,0,4.087221296985311,0,0.15384615384615385,1,1,1.0
33,25,0,0,2,1,0,2,0,0,0,0,0,0,27,0.0,1,0,1,0,0,3.9603202553942918,0,0.18181818181818182,0,0,0.03566388081780574
27,20,0,0,3,0,0,2,0,0,0,0,0,1,20,0.037037037037037035,0,0,2,0,0,4.032303242743954,0,0.2222222222222222,1,1,0.9915590568688092
26,18,0,0,2,0,0,2,0,0,0,0,0,0,21,0.0,1,0,1,0,0,3.796217602590056,0,0.19230769230769232,0,0,0.0057776986682123894
26,18,0,0,3,0,0,2,0,0,0,0,0,0,20,0.0,1,0,2,0,0,3.719294525666979,0,0.23076923076923078,0,0,0.007470771533618299
32,24,0,0,2,0,0,2,0,0,0,0,0,0,27,0.0,1,0,1,0,0,3.7181390622295662,0,0.15625,0,0,0.02063248551724623
92,16,61,6,3,0,1,5,1,1,0,0,0,32,48,0.34782608695652173,1,0,1,1,0,4.851121914068232,0,0.13043478260869565,1,1,1.0
24,16,0,0,2,0,0,2,0,0,0,0,0,0,19,0.0,1,0,1,0,0,3.688721875540867,0,0.20833333333333334,0,0,0.017097303856533737
20,13,0,0,2,0,0,2,0,0,0,0,0,0,15,0.0,0,0,1,0,0,3.546439344671015,0,0.25,1,1,0.9821950658287005
31,23,0,0,2,0,0,2,0,0,0,0,0,0,26,0.0,1,0,1,0,0,3.9377519554085865,0,0.16129032258064516,0,0,0.0047408054483416345
28,20,0,0,3,0,0,2,0,0,0,0,0,0,22,0.0,1,0,2,0,0,3.896291529045928,0,0.21428571428571427,0,0,0.008548262264385471
50,17,26,0,2,0,0,8,0,0,0,0,0,0,39,0.0,0,0,1,0,0,3.823981820580904,0,0.22,1,1,1.0
27,19,0,0,2,0,0,2,0,0,0,0,0,0,22,0.0,1,0,1,0,0,3.9582291686698787,0,0.18518518518518517,0,0,0.005016375113258696
37,29,0,0,2,0,0,2,0,0,0,0,0,0,32,0.0,1,0,1,0,0,4.023661393171458,0,0.13513513513513514,0,0,0.0026571463558613083
25,17,0,0,3,0,0,2,0,0,0,0,0,0,19,0.0,1,0,2,0,0,3.6234651896016468,0,0.24,0,0,0.0099604049342108
26,18,0,0,2,0,0,2,0,0,0,0,0,0,21,0.0,1,0,1,0,0,3.7962176025900556,0,0.19230769230769232,0,0,0.0057776986682123894
35,28,0,0,3,0,0,2,0,0,0,0,0,0,29,0.0,0,0,2,0,1,4.093149802473811,0,0.17142857142857143,1,1,0.9829601748290216
51,17,26,0,3,0,0,4,0,0,0,0,1,1,41,0.0196078431372549,1,0,1,0,0,4.091460822695208,0,0.17647058823529413,1,1,1.0
29,20,1,0,2,0,0,3,0,0,0,0,0,1,22,0.034482758620689655,1,0,1,0,0,3.9523029776623857,0,0.20689655172413793,1,1,1.0
28,20,0,0,3,0,0,2,0,0,0,0,0,0,22,0.0,1,0,2,0,0,3.797902689682947,0,0.21428571428571427,0,0,0.009382626890277582
20,12,0,0,2,1,0,2,0,0,0,0,0,0,14,0.0,1,0,1,0,0,3.5464393446710147,0,0.3,0,0,0.0699462038352099
21,13,0,0,2,0,0,2,0,0,0,0,0,0,16,0.0,1,0,1,0,0,3.7849418274376427,0,0.23809523809523808,0,0,0.022685964972047966
26,18,0,0,2,0,0,2,0,0,0,0,0,0,21,0.0,1,0,1,0,0,3.7483286603655737,0,0.19230769230769232,1,0,0.005362687428727657
23,15,0,0,2,0,0,2,0,0,0,0,0,0,18,0.0,1,0,1,0,0,3.7409532604048397,0,0.21739130434782608,0,0,0.010338787571948498
24,16,0,0,2,1,0,2,0,0,0,0,0,0,18,0.0,1,0,1,0,0,3.855388542207534,0,0.25,0,0,0.01845666697106601
21,14,0,0,2,1,0,2,0,0,0,0,0,0,15,0.0,0,0,1,0,0,3.6897037321995474,0,0.2857142857142857,1,1,0.9726765548623025
30,22,0,0,2,0,0,2,0,0,0,0,0,0,25,0.0,1,0,1,0,0,4.1898980954642875,0,0.16666666666666666,0,0,0.009076757205204527
27,20,0,0,3,0,0,2,0,0,0,0,0,7,14,0.25925925925925924,0,0,2,0,0,3.9582291686698787,0,0.2222222222222222,1,1,1.0
26,18,0,0,2,0,0,2,0,0,0,0,0,0,21,0.0,1,0,1,0,0,3.8441065448145375,0,0.19230769230769232,0,0,0.005665991885823571
30,22,0,0,2,0,0,2,0,0,0,0,0,0,25,0.0,1,0,1,0,0,3.739572261986723,0,0.16666666666666666,0,0,0.0049413344940275935
28,20,0,0,2,0,0,2,0,0,0,0,0,0,23,0.0,1,0,1,0,0,3.8962915290459277,0,0.17857142857142858,0,0,0.006509090438530513
28,20,0,0,2,1,0,2,0,0,0,0,0,0,22,0.0,1,0,1,0,0,3.9677201004744997,0,0.21428571428571427,0,0,0.0171076538562559
68,61,0,0,5,3,0,2,0,0,0,0,0,11,46,0.16176470588235295,0,0,4,0,0,4.714167576761307,1,0.16176470588235295,1,1,0.9966666666666667
23,15,0,0,2,0,0,2,0,0,0,0,0,0,18,0.0,1,0,1,0,0,3.6211755429194716,0,0.21739130434782608,0,0,0.011677131402054149
29,21,0,0,2,1,0,2,0,0,0,0,0,0,23,0.0,1,0,1,0,0,3.952302977662386,0,0.20689655172413793,0,0,0.015872125188961597
41,33,0,0,2,0,0,2,0,0,0,0,0,0,36,0.0,1,0,1,0,0,4.1803651142158795,0,0.12195121951219512,0,0,0.009870095200209844
350,13,21,308,10,3,0,11,3,8,7,0,0,72,225,0.2057142857142857,0,1,2,8,3,5.2083256272147525,0,0.15142857142857144,1,1,1.0
22,14,0,0,2,0,0,2,0,0,0,0,0,0,17,0.0,1,0,1,0,0,3.663532754804254,0,0.22727272727272727,0,0,0.014183225813440083
31,24,0,0,2,0,0,2,0,0,0,0,0,0,26,0.0,0,0,1,0,0,3.8574221168384875,0,0.16129032258064516,1,1,0.9777392301285024
26,17,1,0,2,1,0,3,0,0,0,0,0,2,17,0.07692307692307693,1,0,1,0,0,3.9500637564362093,0,0.2692307692307692,1,1,1.0
29,21,0,0,2,0,0,2,0,0,0,0,0,0,24,0.0,1,0,1,0,0,3.8833374604210067,0,0.1724137931034483,0,0,0.007443761570009687
38,29,1,0,2,1,0,3,0,0,0,0,0,4,27,0.10526315789473684,1,0,1,0,0,4.273728829005325,0,0.18421052631578946,1,1,1.0
33,25,0,0,2,0,0,2,0,0,0,0,0,1,27,0.030303030303030304,1,0,1,0,0,3.722889862557338,0,0.15151515151515152,0,0,0.038675149178486946
33,25,0,0,2,0,0,2,0,0,0,0,0,0,28,0.0,1,0,1,0,0,4.066677073707229,0,0.15151515151515152,0,0,0.007639683309273815
20,12,0,0,2,0,0,2,0,0,0,0,0,0,15,0.0,1,0,1,0,0,3.6841837197791887,0,0.25,0,0,0.007304607557808997
23,15,0,0,2,0,0,2,0,0,0,0,0,0,18,0.0,1,0,1,0,0,3.8820451081368628,0,0.21739130434782608,0,0,0.02375840767394129
91,73,10,0,4,0,0,3,0,0,0,0,0,12,71,0.13186813186813187,1,0,2,0,0,4.849444470741722,1,0.08791208791208792,1,1,1.0
32,23,1,0,2,0,0,3,0,0,0,0,0,1,25,0.03125,1,0,1,0,0,4.202819531114783,0,0.1875,1,1,0.9991035503740714
25,17,0,0,2,0,0,2,0,0,0,0,0,0,20,0.0,1,0,1,0,0,3.8634651896016465,0,0.2,0,0,0.0039272796960064665
25,17,0,0,2,0,0,2,0,0,0,0,0,0,20,0.0,1,0,1,0,0,3.8634651896016465,0,0.2,0,0,0.0039272796960064665
28,21,0,0,2,0,0,2,0,0,0,0,0,0,23,0.0,0,0,1,0,0,3.7534343861887844,0,0.17857142857142858,1,1,0.9806377235784195
33,25,0,0,2,1,0,2,0,0,0,0,0,0,27,0.0,1,0,1,0,0,4.066677073707229,0,0.18181818181818182,0,0,0.03476178806798061
29,21,0,0,2,0,0,2,0,0,0,0,0,0,24,0.0,1,0,1,0,0,3.7974676329840045,0,0.1724137931034483,0,0,0.006916874425909801
29,21,0,0,3,0,0,2,0,0,0,0,0,0,23,0.0,1,0,2,0,0,3.590571081259866,0,0.20689655172413793,0,0,0.01026848320301709
36,13,15,0,2,0,1,3,0,0,0,0,0,0,29,0.0,1,0,0,0,0,3.8400832519721115,0,0.19444444444444445,1,1,1.0
25,17,0,0,2,0,0,2,0,0,0,0,0,0,20,0.0,1,0,1,0,0,3.6038561897747243,0,0.2,0,0,0.0036561978575754997
17,10,0,0,2,0,0,2,0,0,0,0,0,0,12,0.0,0,0,1,0,0,3.1462863706621045,0,0.29411764705882354,1,1,0.9773149284556046
29,22,0,0,2,0,0,2,0,0,0,0,0,0,24,0.0,0,0,1,0,0,3.8924637537482623,0,0.1724137931034483,1,1,0.9871934095220376
25,17,0,0,2,0,0,2,0,0,0,0,0,0,20,0.0,1,0,1,0,0,3.9736606896881854,0,0.2,0,0,0.0025758722558427067
32,24,0,0,2,0,0,2,0,0,0,0,0,0,27,0.0,1,0,1,0,0,4.054229296672174,0,0.15625,0,0,0.00937134674062599
24,16,0,0,2,0,0,2,0,0,0,0,0,0,19,0.0,1,0,1,0,0,3.855388542207534,0,0.20833333333333334,0,0,0.005451851578679096
79,52,19,0,5,2,0,3,0,0,0,0,0,10,58,0.12658227848101267,1,0,3,0,0,4.631462597057422,1,0.13924050632911392,1,1,1.0
28,20,0,0,2,0,0,2,0,0,0,0,0,0,23,0.0,1,0,1,0,0,4.182005814760214,0,0.17857142857142858,0,0,0.012487241155164846
27,19,0,0,2,0,0,2,0,0,0,0,0,0,22,0.0,1,0,1,0,0,3.9121138909722295,0,0.18518518518518517,0,0,0.004712982618447872
23,15,0,0,2,0,0,2,0,0,0,0,0,0,18,0.0,1,0,1,0,0,3.675310868912364,0,0.21739130434782608,0,0,0.009622496680157706
34,26,0,0,2,1,0,2,0,0,0,0,0,0,28,0.0,1,0,1,0,0,4.043057694064253,0,0.17647058823529413,0,0,0.09344106232511044
25,18,0,0,2,0,0,2,0,0,0,0,0,0,20,0.0,0,0,1,0,0,3.8136606896881857,0,0.2,1,1,0.9868456959849959
178,15,108,46,3,3,1,7,1,4,3,0,0,19,136,0.10674157303370786,1,0,1,4,0,5.117744947381318,0,0.12921348314606743,1,1,1.0
29,21,0,0,2,0,0,2,0,0,0,0,0,0,24,0.0,1,0,1,0,0,3.9523029776623857,0,0.1724137931034483,0,0,0.005551052972240481
38,29,1,0,2,0,0,3,0,0,0,0,0,0,32,0.0,1,0,1,0,1,3.9483465138316336,0,0.15789473684210525,1,1,0.9989030682387954
28,20,0,0,2,0,0,2,0,0,0,0,0,0,23,0.0,1,0,1,0,0,3.7264741182543757,0,0.17857142857142858,0,0,0.006478953723360232
27,19,0,0,2,0,0,2,0,0,0,0,0,0,22,0.0,1,0,1,0,0,3.8282375018429553,0,0.18518518518518517,0,0,0.005115502200562859
37,28,1,0,2,0,0,3,0,0,0,0,0,0,31,0.0,1,0,1,0,0,3.7832128268947076,0,0.16216216216216217,1,1,1.0
23,15,0,0,2,0,0,2,0,0,0,0,0,0,18,0.0,1,0,1,0,0,3.6424896731661263,0,0.21739130434782608,0,0,0.011093423602731028
28,6,14,0,1,0,0,3,0,0,0,0,0,0,23,0.0,1,0,0,0,0,3.869331261111518,0,0.17857142857142858,1,1,1.0
39,31,0,0,2,0,0,2,0,0,0,0,0,0,34,0.0,1,0,1,0,0,4.2849009365890725,0,0.1282051282051282,0,0,0.013539571979631952
19,11,0,0,2,0,0,2,0,0,0,0,0,0,14,0.0,1,0,1,0,0,3.576617644908666,0,0.2631578947368421,0,0,0.005149518898988455
21,14,0,0,2,0,0,2,0,0,0,0,0,0,16,0.0,0,0,1,0,0,3.3273399000835093,0,0.23809523809523808,1,1,0.977916900268457
28,20,0,0,2,0,0,2,0,0,0,0,0,0,23,0.0,1,0,1,0,0,3.7264741182543757,0,0.17857142857142858,0,0,0.006478953723360232
24,17,0,0,2,0,0,2,0,0,0,0,0,0,19,0.0,0,0,1,0,0,3.886842188131012,0,0.20833333333333334,1,1,0.9894817563695597
24,17,0,0,3,0,0,2,0,0,0,0,0,0,18,0.0,0,0,2,0,0,3.855388542207534,0,0.25,1,1,0.9639696277108055
31,24,0,0,3,0,0,2,0,0,0,0,0,0,25,0.0,0,0,2,0,0,4.018081793978685,0,0.1935483870967742,1,1,0.9784960803937874
27,19,0,0,2,1,0,2,0,0,0,0,0,0,21,0.0,1,0,1,0,0,3.9121138909722295,0,0.2222222222222222,0,0,0.030332722188696593
29,21,0,0,2,0,0,2,0,0,0,0,0,0,24,0.0,1,0,1,0,0,3.978333581185264,0,0.1724137931034483,0,0,0.005551372769981398
30,21,1,0,2,1,0,3,0,0,0,0,0,4,19,0.13333333333333333,1,0,1,0,0,4.0980685120588385,0,0.23333333333333334,1,1,0.9994821398573632
25,17,0,0,2,0,0,2,0,0,0,0,0,0,20,0.0,1,0,1,0,0,3.8936606896881854,0,0.2,0,0,0.0030593884458796385
56,47,1,0,3,4,0,3,0,0,0,0,0,14,31,0.25,1,0,2,0,0,4.445200012459499,0,0.19642857142857142,1,1,1.0
43,34,1,0,3,0,0,3,0,0,0,0,0,6,30,0.13953488372093023,1,0,2,0,0,4.350342370830227,0,0.16279069767441862,1,1,1.0
83,74,1,0,3,0,0,3,0,0,0,0,0,7,69,0.08433734939759036,1,0,2,0,0,4.745731607043087,1,0.08433734939759036,1,1,1.0
48,41,0,0,2,0,0,2,0,0,0,0,0,0,43,0.0,0,0,1,0,0,4.165400719733289,0,0.10416666666666667,1,1,0.9288147866187235
35,26,1,0,2,1,0,3,0,0,0,0,0,3,25,0.08571428571428572,1,0,1,0,0,4.357295873840569,0,0.2,1,1,1.0
29,21,0,0,2,0,0,2,0,0,0,0,0,0,24,0.0,1,0,1,0,0,4.0472990984266435,0,0.1724137931034483,0,0,0.0080522095047739
33,25,0,0,2,0,0,2,0,0,0,0,0,0,28,0.0,1,0,1,0,0,3.9225895736416696,0,0.15151515151515152,0,0,0.005412834661508803
29,21,0,0,3,0,0,2,0,0,0,0,0,0,23,0.0,1,0,2,0,0,3.9783335811852636,0,0.20689655172413793,0,0,0.00893299095139407
31,23,0,0,2,0,0,2,0,0,0,0,0,0,26,0.0,1,0,1,0,0,3.9292144551992183,0,0.16129032258064516,0,0,0.004214823611314164
27,20,0,0,2,1,0,2,0,0,0,0,0,2,19,0.07407407407407407,0,0,1,0,0,4.2824842613426,0,0.2222222222222222,1,1,0.9247363821890812
20,12,0,0,2,0,0,2,0,0,0,0,0,0,15,0.0,1,0,1,0,0,3.4841837197791885,0,0.25,0,0,0.005476039157866035
24,16,0,0,2,0,0,2,0,0,0,0,0,0,19,0.0,1,0,1,0,0,3.9701755214643453,0,0.20833333333333334,0,0,0.005905620775876425
31,23,0,0,2,0,0,2,0,0,0,0,0,0,26,0.0,1,0,1,0,0,3.8087196973440705,0,0.16129032258064516,0,0,0.0051228209746506026
234,78,52,95,5,17,0,4,1,3,2,1,0,48,152,0.20512820512820512,1,0,3,3,0,5.179057636015744,1,0.1452991452991453,1,1,1.0
24,16,0,0,2,0,0,2,0,0,0,0,0,1,18,0.041666666666666664,1,0,1,0,0,3.9701755214643453,0,0.20833333333333334,1,0,0.026382187949932856
24,17,0,0,3,0,0,2,0,0,0,0,0,0,18,0.0,0,0,2,0,0,3.6887218755408675,0,0.25,1,1,0.973153676241807
31,16,7,0,2,1,0,4,0,0,0,0,0,1,22,0.03225806451612903,1,0,1,0,0,4.220167681284828,0,0.25806451612903225,1,1,1.0
63,24,12,19,2,0,0,4,1,2,1,0,0,17,35,0.2698412698412698,0,0,1,2,0,5.05244401069848,0,0.1746031746031746,1,1,1.0
18,11,0,0,2,0,0,2,0,0,0,0,0,0,13,0.0,0,0,1,0,0,3.5724312513221195,0,0.2777777777777778,1,1,0.9809268137396047
24,16,0,0,2,0,0,2,0,0,0,0,0,0,19,0.0,1,0,1,0,0,3.8868421881310122,0,0.20833333333333334,0,0,0.005295858157184312
36,28,1,0,2,1,0,3,0,0,0,0,0,0,29,0.0,0,0,1,0,0,3.995906598484245,0,0.19444444444444445,1,1,1.0
22,13,1,0,1,0,0,3,0,0,0,0,0,0,17,0.0,1,0,0,0,0,3.4474015047059154,0,0.22727272727272727,1,1,1.0
35,27,0,0,2,0,0,2,0,0,0,0,0,0,30,0.0,1,0,1,0,0,3.9001530166977116,0,0.14285714285714285,0,0,0.0024138680222711728
26,18,0,0,2,0,0,2,0,0,0,0,0,0,21,0.0,1,0,1,0,0,4.056020968057881,0,0.19230769230769232,0,0,0.0058260547090382715
29,21,0,0,2,0,0,2,0,0,0,0,0,0,24,0.0,1,0,1,0,0,3.8798938235206664,0,0.1724137931034483,0,0,0.008198516387835688
41,32,1,0,3,0,0,3,0,0,0,0,0,14,20,0.34146341463414637,1,0,2,0,0,4.4546361507484775,0,0.17073170731707318,1,1,0.9985870833333333
198,21,13,156,1,1,0,3,1,2,1,0,0,28,160,0.1414141414141414,0,0,0,2,1,5.047557974003564,0,0.050505050505050504,1,1,1.0
20,12,0,0,2,0,0,2,0,0,0,0,0,0,15,0.0,1,0,1,0,0,3.484183719779189,0,0.25,0,0,0.005476039157866035
36,28,0,0,2,0,0,2,0,0,0,0,0,0,31,0.0,1,0,1,0,0,3.9511943630832222,0,0.1388888888888889,0,0,0.002833357279704495
25,17,0,0,2,0,0,2,0,0,0,0,0,2,18,0.08,1,0,1,0,0,3.8634651896016465,0,0.2,0,0,0.02148902667308657
26,17,1,0,1,0,0,3,0,0,0,0,0,0,21,0.0,1,0,0,0,0,3.9500637564362093,0,0.19230769230769232,1,1,1.0
30,22,0,0,2,0,0,2,0,0,0,0,0,0,25,0.0,1,0,1,0,0,4.256564762130954,0,0.16666666666666666,0,0,0.008207731419442308
45,36,1,0,2,0,0,3,0,0,0,0,0,3,36,0.06666666666666667,1,0,1,0,0,4.455648863372105,0,0.13333333333333333,1,1,1.0
22,14,0,0,3,0,0,2,0,0,0,0,0,0,16,0.0,1,0,2,0,0,3.629219686524097,0,0.2727272727272727,0,0,0.005136414472514094
35,19,8,0,2,1,0,3,0,0,0,0,0,0,28,0.0,1,0,1,0,0,4.150292659616668,0,0.2,1,1,0.9993435164750069
22,14,1,0,3,0,0,3,0,0,0,0,0,11,4,0.5,0,1,2,0,0,3.4817145729860726,0,0.3181818181818182,1,1,0.9991035503740714
54,36,10,0,4,2,0,4,0,0,0,0,0,0,43,0.0,1,0,3,0,1,4.312770780294447,0,0.2037037037037037,1,1,1.0
31,23,0,0,2,0,0,2,0,0,0,0,0,0,26,0.0,1,0,1,0,0,3.9779168746936358,0,0.16129032258064516,0,0,0.004732917317744725
45,38,0,0,3,3,0,2,0,0,0,0,0,0,36,0.0,0,0,2,0,1,4.280090318263434,0,0.2,1,1,0.8995358125562513
24,16,0,0,3,0,0,2,0,0,0,0,0,0,18,0.0,1,0,2,0,0,3.5424812503605785,0,0.25,0,0,0.009809995003539896
28,21,0,0,2,0,0,2,0,0,0,0,0,2,21,0.07142857142857142,0,0,1,0,0,4.021640636343319,0,0.17857142857142858,1,1,0.9550799329162004
26,19,0,0,2,0,0,2,0,0,0,0,0,0,21,0.0,0,0,1,0,0,3.9500637564362093,0,0.19230769230769232,1,1,0.9947047992012047
25,17,0,0,2,0,0,2,0,0,0,0,0,0,20,0.0,1,0,1,0,0,3.563074189428569,0,0.2,0,0,0.005568260982188091
34,26,0,0,3,0,0,2,0,0,0,0,0,0,28,0.0,1,0,2,0,0,4.035273502696888,0,0.17647058823529413,0,0,0.257135563214871
24,16,0,0,2,0,0,2,0,0,0,0,0,0,19,0.0,1,0,1,0,0,3.855388542207534,0,0.20833333333333334,0,0,0.005451851578679096
47,24,16,0,4,0,0,4,0,0,0,0,0,1,37,0.02127659574468085,0,0,2,0,0,4.1348217037372,0,0.19148936170212766,1,1,1.0
31,23,0,0,3,0,0,2,0,0,0,0,0,0,25,0.0,1,0,2,0,0,3.8371256496420134,0,0.1935483870967742,0,0,0.010712483319921626
29,21,0,0,2,0,0,2,0,0,0,0,0,0,24,0.0,1,0,1,0,0,3.978333581185264,0,0.1724137931034483,0,0,0.005551372769981398
23,15,0,0,3,0,0,2,0,0,0,0,0,0,17,0.0,1,0,2,0,0,3.7294461949052566,0,0.2608695652173913,0,0,0.008717500117404017
26,18,0,0,2,0,0,2,0,0,0,0,0,0,21,0.0,1,0,1,0,0,3.921029621737614,0,0.19230769230769232,0,0,0.0032517506120185355
33,25,0,0,2,0,0,2,0,0,0,0,0,0,28,0.0,1,0,1,0,0,4.043801694853791,0,0.15151515151515152,0,0,0.007689876217572313
26,18,0,0,3,0,0,2,0,0,0,0,0,0,20,0.0,1,0,2,0,0,3.7962176025900556,0,0.23076923076923078,0,0,0.006075983089393559
21,13,0,0,2,0,0,2,0,0,0,0,0,0,16,0.0,1,0,1,0,0,3.463280517810811,0,0.23809523809523808,0,0,0.011092273151606446
38,21,9,0,2,0,0,3,0,0,0,0,0,0,32,0.0,1,0,0,0,0,3.860320777833044,0,0.15789473684210525,1,1,1.0
30,22,0,0,3,0,0,2,0,0,0,0,0,0,24,0.0,1,0,2,0,0,3.9395722619867226,0,0.2,0,0,0.014778286039594753
33,25,0,0,2,0,0,2,0,0,0,0,0,0,28,0.0,1,0,1,0,0,3.8848588918890474,0,0.15151515151515152,0,0,0.00604574542238935
31,24,0,0,2,0,0,2,0,0,0,0,0,0,26,0.0,0,0,1,0,1,4.15565155225257,0,0.16129032258064516,1,1,0.9482268338637002
30,22,0,0,2,0,0,2,0,0,0,0,0,0,25,0.0,1,0,1,0,0,3.8150610122030693,0,0.16666666666666666,0,0,0.005152881012256618
26,19,0,0,2,0,0,2,0,0,0,0,0,0,21,0.0,0,0,1,0,0,3.5073801024236353,0,0.19230769230769232,1,1,0.9898434485504803
22,14,0,0,2,0,0,2,0,0,0,0,0,0,17,0.0,1,0,1,0,0,3.6069367321753214,0,0.22727272727272727,0,0,0.013892352074782982
117,7,66,19,3,0,0,5,1,1,0,0,1,10,94,0.08547008547008547,1,0,0,1,0,4.918860717294126,0,0.1111111111111111,1,1,1.0
34,25,1,0,2,1,0,3,0,0,0,0,0,3,24,0.08823529411764706,1,0,1,0,0,4.101881223476017,0,0.20588235294117646,1,1,1.0
33,25,0,0,2,0,0,2,0,0,0,0,0,0,28,0.0,1,0,1,0,0,4.040775468486825,0,0.15151515151515152,0,0,0.009045789595691946
37,15,15,0,2,0,0,5,0,0,0,0,0,0,29,0.0,0,0,1,0,0,4.09811781214885,0,0.21621621621621623,1,1,1.0
31,23,0,0,2,0,0,2,0,0,0,0,0,0,26,0.0,1,0,1,0,0,3.9779168746936358,0,0.16129032258064516,0,0,0.004732917317744725
35,26,1,0,2,1,0,3,0,0,0,0,0,0,28,0.0,1,0,1,0,0,3.8757315032041886,0,0.2,1,1,1.0
24,16,0,0,2,0,0,2,0,0,0,0,0,0,19,0.0,1,0,1,0,0,3.9701755214643453,0,0.20833333333333334,0,0,0.005905620775876425
31,23,0,0,2,0,0,2,0,0,0,0,0,0,26,0.0,1,0,1,0,0,4.0022680844408445,0,0.16129032258064516,0,0,0.004795190438054153
29,21,0,0,2,0,0,2,0,0,0,0,0,0,24,0.0,1,0,1,0,0,4.1852301329094015,0,0.1724137931034483,0,0,0.01375921827495875
24,16,0,0,2,0,0,2,0,0,0,0,0,0,19,0.0,1,0,1,0,0,3.6368421881310122,0,0.20833333333333334,0,0,0.006141593138909664
23,15,0,0,2,0,0,2,0,0,0,0,0,0,18,0.0,1,0,1,0,0,3.7950885863977324,0,0.21739130434782608,0,0,0.011731102673641447
36,28,1,0,2,2,0,3,0,0,0,0,0,6,22,0.16666666666666666,0,0,1,0,0,4.162573265150911,0,0.2222222222222222,1,1,1.0
39,31,0,0,3,0,0,2,0,0,0,0,0,0,33,0.0,1,0,2,0,0,4.265544846790009,0,0.15384615384615385,0,0,0.05347119397202445
19,11,0,0,2,0,0,2,0,0,0,0,0,0,14,0.0,1,0,1,0,0,3.6818808028034025,0,0.2631578947368421,0,0,0.0055625888535179
24,17,0,0,2,0,0,2,0,0,0,0,0,0,19,0.0,0,0,1,0,0,3.605388542207534,0,0.20833333333333334,1,1,0.989958727813774
26,18,0,0,2,0,0,2,0,0,0,0,0,0,21,0.0,1,0,1,0,0,3.8731406795131327,0,0.19230769230769232,0,0,0.005348427811046243
20,12,0,0,2,0,0,2,0,0,0,0,0,0,15,0.0,1,0,1,0,0,3.6464393446710153,0,0.25,0,0,0.007223605105533406
22,14,0,0,2,0,0,2,0,0,0,0,0,0,17,0.0,1,0,1,0,0,3.879664004902594,0,0.22727272727272727,0,0,0.014859307294805977
21,13,0,0,2,0,0,2,0,0,0,0,0,0,16,0.0,1,0,1,0,0,3.5944656369614525,0,0.23809523809523808,0,0,0.010524297992008323
27,20,0,0,2,0,0,2,0,0,0,0,0,0,22,0.0,0,0,1,0,0,3.958229168669879,0,0.18518518518518517,1,1,0.9834559869900106
27,19,0,0,3,0,0,2,0,0,0,0,0,0,21,0.0,1,0,2,0,0,4.032303242743954,0,0.2222222222222222,0,0,0.013315166883716483
96,40,48,0,2,4,0,8,0,0,0,0,0,0,81,0.0,1,0,1,0,1,4.196296212262634,0,0.15625,1,1,1.0
35,27,1,0,2,1,0,3,0,0,0,0,0,0,28,0.0,0,0,1,0,0,3.935727659493042,0,0.2,1,1,1.0
25,17,0,0,2,0,0,2,0,0,0,0,0,0,20,0.0,1,0,1,0,0,3.753269689515108,0,0.2,0,0,0.0034397638404539835
45,36,1,0,3,2,0,3,0,0,0,0,0,5,31,0.1111111111111111,1,0,2,0,0,4.413423651596769,0,0.2,1,1,1.0
27,20,0,0,2,0,0,2,0,0,0,0,0,0,22,0.0,0,0,1,0,0,3.7360069464476564,0,0.18518518518518517,1,1,0.9863993822540204
19,11,0,0,2,0,0,2,0,0,0,0,0,0,14,0.0,1,0,1,0,0,3.5766176449086657,0,0.2631578947368421,0,0,0.005149518898988455
28,20,0,0,2,0,0,2,0,0,0,0,0,0,23,0.0,1,0,1,0,0,4.137537511266051,0,0.17857142857142858,0,0,0.011937591349575923
34,26,0,0,3,0,0,2,0,0,0,0,0,0,28,0.0,1,0,2,0,0,4.124083797069061,0,0.17647058823529413,0,0,0.03382118308535797
28,20,0,0,2,0,0,2,0,0,0,0,0,0,23,0.0,1,0,1,0,0,3.6820058147602133,0,0.17857142857142858,0,0,0.005139926259465729
51,27,16,0,5,0,0,4,0,0,0,0,0,5,36,0.09803921568627451,1,0,3,0,0,4.272737538339062,0,0.19607843137254902,1,1,1.0
34,27,0,0,3,0,0,2,0,0,0,0,0,0,28,0.0,0,0,2,0,0,4.057476076289931,0,0.17647058823529413,1,1,0.9863565413763522
23,15,0,0,3,0,0,2,0,0,0,0,0,0,17,0.0,1,0,2,0,0,3.6424896731661263,0,0.2608695652173913,0,0,0.009336352468545918
30,22,0,0,2,0,0,2,0,0,0,0,0,0,25,0.0,1,0,1,0,0,3.7614063297218423,0,0.16666666666666666,0,0,0.004974177627871585
30,22,0,0,2,0,0,2,0,0,0,0,0,0,25,0.0,1,0,1,0,0,3.8150610122030693,0,0.16666666666666666,0,0,0.005152881012256618
24,16,0,0,2,0,0,2,0,0,0,0,0,0,19,0.0,1,0,1,0,0,3.7201755214643453,0,0.20833333333333334,0,0,0.005364499988881662
21,14,0,0,2,0,0,2,0,0,0,0,0,2,14,0.09523809523809523,0,0,1,0,0,3.5944656369614525,0,0.23809523809523808,1,1,0.9891312963359036
31,23,0,0,2,0,0,2,0,0,0,0,0,0,26,0.0,1,0,1,0,0,3.9134007456613777,0,0.16129032258064516,0,0,0.004214823611314164
33,25,0,0,2,0,0,2,0,0,0,0,0,0,28,0.0,1,0,1,0,0,4.017900089633386,0,0.15151515151515152,0,0,0.006427994994141065
26,18,0,0,2,0,0,2,0,0,0,0,0,0,21,0.0,1,0,1,0,0,3.767183467891461,0,0.19230769230769232,0,0,0.005432964222511789
23,15,0,0,3,0,0,2,0,0,0,0,0,0,17,0.0,1,0,2,0,0,3.675310868912364,0,0.2608695652173913,0,0,0.008588700532376405
35,27,0,0,5,0,0,2,0,0,0,0,0,0,27,0.0,1,0,4,0,0,3.897299717551716,0,0.22857142857142856,0,0,0.11115057587054457
39,30,1,0,2,2,0,3,0,0,0,0,0,6,25,0.15384615384615385,1,0,1,0,0,4.333622334791382,0,0.20512820512820512,1,1,1.0
30,22,0,0,4,0,0,2,0,0,0,0,0,0,23,0.0,1,0,3,0,0,3.948394345536403,0,0.23333333333333334,0,0,0.00879223940884882
27,19,0,0,2,0,0,2,0,0,0,0,0,0,22,0.0,1,0,1,0,0,4.060262039120378,0,0.18518518518518517,0,0,0.011615360845647432
21,13,0,0,2,0,0,2,0,0,0,0,0,0,16,0.0,1,0,1,0,0,3.5944656369614525,0,0.23809523809523808,0,0,0.010524297992008323
36,28,0,0,2,0,0,2,0,0,0,0,0,0,31,0.0,1,0,1,0,0,4.037844793048881,0,0.1388888888888889,0,0,0.012079130927963014
25,18,0,0,3,0,0,2,0,0,0,0,0,0,19,0.0,0,0,2,0,0,3.7532696895151085,0,0.24,1,1,0.9854466551949362
29,21,0,0,2,0,0,2,0,0,0,0,0,0,24,0.0,1,0,1,0,0,3.9093680639438846,0,0.1724137931034483,0,0,0.004970814269591249
23,15,0,0,2,0,0,2,0,0,0,0,0,0,18,0.0,1,0,1,0,0,3.849223912390625,0,0.21739130434782608,0,0,0.016307470413877676
19,10,1,0,1,0,0,3,0,0,0,0,0,0,14,0.0,1,0,0,0,0,3.7871439606981387,0,0.2631578947368421,1,1,1.0
34,25,1,0,2,0,0,3,0,0,0,0,0,3,25,0.08823529411764706,1,0,1,0,0,4.043057694064253,0,0.17647058823529413,1,1,0.9995724264891309
46,25,10,3,3,0,0,3,1,1,0,0,0,2,35,0.043478260869565216,0,0,1,1,0,4.288910053459812,0,0.1956521739130435,1,1,1.0
39,21,10,0,2,2,0,3,0,0,0,0,0,8,23,0.20512820512820512,1,0,1,0,0,4.314266244992319,0,0.20512820512820512,1,1,1.0
27,20,0,0,3,0,0,2,0,0,0,0,0,0,21,0.0,0,0,2,0,0,3.782122224145305,0,0.2222222222222222,1,1,0.979974134715398
25,18,0,0,2,0,0,2,0,0,0,0,0,0,20,0.0,0,0,1,0,0,3.893660689688186,0,0.2,1,1,0.991999185187531
25,17,0,0,2,0,0,2,0,0,0,0,0,0,20,0.0,1,0,1,0,0,3.8634651896016465,0,0.2,0,0,0.0039272796960064665
32,24,0,0,2,0,0,2,0,0,0,0,0,0,27,0.0,1,0,1,0,0,4.093139062229566,0,0.15625,0,0,0.008567991280756693
19,11,0,0,2,0,0,2,0,0,0,0,0,0,14,0.0,1,0,1,0,0,3.6818808028034025,0,0.2631578947368421,0,0,0.0055625888535179
25,17,0,0,2,1,0,2,0,0,0,0,0,0,19,0.0,1,0,1,0,0,3.8332696895151077,0,0.24,0,0,0.009817591776293889
26,18,0,0,2,0,0,2,0,0,0,0,0,0,21,0.0,1,0,1,0,1,4.103909910282363,0,0.19230769230769232,0,0,0.0193806922113676
31,23,0,0,2,0,0,2,0,0,0,0,0,0,26,0.0,1,0,1,0,0,4.042433003725894,0,0.16129032258064516,0,0,0.005310445388312812
27,19,0,0,2,0,0,2,0,0,0,0,0,0,22,0.0,1,0,1,0,0,3.8380398168981555,0,0.18518518518518517,0,0,0.006043732008081724
27,19,0,0,2,0,0,2,0,0,0,0,0,0,22,0.0,1,0,1,0,1,3.763965742824081,0,0.18518518518518517,0,0,0.059168483256089054
23,15,0,0,3,0,0,2,0,0,0,0,0,0,17,0.0,1,0,2,0,0,3.7622673906514943,0,0.2608695652173913,0,0,0.009279386441678156
27,19,0,0,2,1,0,2,0,0,0,0,0,0,21,0.0,1,0,1,0,0,3.9861879650463035,0,0.2222222222222222,0,0,0.029435953381530197
75,28,40,0,2,0,0,4,0,0,0,0,0,6,62,0.08,0,0,1,0,0,4.705076357995963,0,0.09333333333333334,1,1,1.0
30,22,0,0,3,0,0,2,0,0,0,0,0,0,24,0.0,1,0,2,0,0,3.898068512058838,0,0.2,0,0,0.011761981183664606
35,28,0,0,3,0,0,2,0,0,0,0,0,0,29,0.0,0,0,2,0,0,4.107156230921613,0,0.17142857142857143,1,1,0.9872950601980983
25,18,0,0,2,0,0,2,0,0,0,0,0,0,20,0.0,0,0,1,0,0,3.8936606896881854,0,0.2,1,1,0.991999185187531
33,25,0,0,3,1,0,2,0,0,0,0,0,0,26,0.0,1,0,2,0,0,3.7970832266696606,0,0.21212121212121213,0,0,0.015058892097286641
49,40,1,0,3,2,0,3,0,0,0,0,0,1,39,0.02040816326530612,1,0,2,0,0,4.489823813936356,0,0.1836734693877551,1,1,1.0
31,23,0,0,2,0,0,2,0,0,0,0,0,0,26,0.0,1,0,1,0,0,3.9779168746936358,0,0.16129032258064516,0,0,0.004732917317744725
43,34,1,0,2,0,0,3,0,0,0,0,0,0,37,0.0,1,0,1,0,0,4.158140917190916,0,0.13953488372093023,1,1,1.0
28,19,1,0,2,0,0,3,0,0,0,0,0,0,22,0.0,1,0,1,0,0,3.7534343861887853,0,0.21428571428571427,1,1,1.0
33,25,1,0,2,1,0,3,0,0,0,0,0,6,20,0.18181818181818182,0,0,1,0,0,4.2831997109110675,0,0.21212121212121213,1,1,1.0
21,14,0,0,2,1,0,2,0,0,0,0,0,0,15,0.0,0,0,1,0,0,3.7849418274376427,0,0.2857142857142857,1,1,0.9693760631648525
53,19,20,6,2,0,0,6,1,1,0,0,0,7,35,0.1320754716981132,0,0,1,1,1,4.335949935491174,0,0.20754716981132076,1,1,0.9966666666666667
20,12,0,0,2,0,0,2,0,0,0,0,0,1,14,0.05,1,0,1,0,0,3.546439344671015,0,0.25,0,0,0.006444344757474916
25,17,0,0,3,0,0,2,0,0,0,0,0,0,19,0.0,1,0,2,0,0,3.863465189601647,0,0.24,0,0,0.00405474241485936
22,15,0,0,2,0,0,2,0,0,0,0,0,0,17,0.0,0,0,1,0,0,3.572623663895164,0,0.22727272727272727,1,1,0.9720013172744082
29,21,0,0,3,0,0,2,0,0,0,0,0,0,23,0.0,1,0,2,0,0,3.883337460421006,0,0.20689655172413793,0,0,0.009568981065469022
32,25,0,0,2,0,0,2,0,0,0,0,0,0,27,0.0,0,0,1,0,0,4.030639062229566,0,0.15625,1,1,0.971592548693726
30,21,1,0,2,0,0,3,0,0,0,0,0,0,24,0.0,1,0,1,0,0,3.9647351787255047,0,0.2,1,1,1.0
48,41,0,0,2,0,0,2,0,0,0,0,0,18,25,0.375,0,0,1,0,0,4.422995052579129,0,0.10416666666666667,1,1,0.9994821398573632
464,14,21,421,13,3,3,11,3,10,9,0,0,90,309,0.1939655172413793,0,1,2,10,3,5.28512382053644,0,0.1400862068965517,1,1,1.0
28,20,0,0,2,0,0,2,0,0,0,0,0,1,22,0.03571428571428571,1,0,1,0,0,3.967720100474499,0,0.17857142857142858,0,0,0.03790108626672074
19,11,0,0,2,0,0,2,0,0,0,0,0,0,14,0.0,1,0,1,0,0,3.5766176449086657,0,0.2631578947368421,0,0,0.005149518898988455
21,13,0,0,2,0,0,2,0,0,0,0,0,0,16,0.0,1,0,1,0,0,3.558518613048906,0,0.23809523809523808,0,0,0.010524297992008323
36,28,0,0,3,1,0,2,0,0,0,0,0,1,28,0.027777777777777776,1,0,2,0,0,3.826465890981193,0,0.19444444444444445,1,0,0.38710439988681394
28,20,0,0,2,0,0,2,0,0,0,0,0,0,23,0.0,1,0,1,0,0,3.967720100474499,0,0.17857142857142858,0,0,0.00683287457054348
26,10,9,0,1,1,0,3,0,0,0,0,0,3,17,0.11538461538461539,0,0,0,0,0,3.979097891134804,0,0.23076923076923078,1,1,1.0
26,19,0,0,2,1,0,2,0,0,0,0,0,0,20,0.0,0,0,1,0,0,3.8441065448145375,0,0.23076923076923078,1,1,0.9850421640864111
31,23,0,0,4,0,0,2,0,0,0,0,0,0,24,0.0,1,0,3,0,0,3.9377519554085865,0,0.22580645161290322,0,0,0.012862163531704647
30,22,0,0,2,0,0,2,0,0,0,0,0,0,25,0.0,1,0,1,0,0,4.0980685120588385,0,0.16666666666666666,0,0,0.009789803984405671
29,21,0,0,2,0,0,2,0,0,0,0,0,0,24,0.0,1,0,1,0,0,3.8833374604210062,0,0.1724137931034483,0,0,0.007443761570009687
36,28,0,0,3,0,0,2,0,0,0,0,0,0,30,0.0,1,0,2,0,0,4.0860486123130375,0,0.16666666666666666,0,0,0.025603841485044732
27,19,0,0,2,0,0,2,0,0,0,0,0,0,22,0.0,1,0,1,0,0,4.134336113194452,0,0.18518518518518517,0,0,0.021090983479268553
23,16,0,0,2,0,0,2,0,0,0,0,0,0,18,0.0,0,0,1,0,0,3.501397825434103,0,0.21739130434782608,1,1,0.9816947751163637
32,24,0,0,3,0,0,2,0,0,0,0,0,0,26,0.0,1,0,2,0,0,4.093139062229566,0,0.1875,0,0,0.012025930327784469
27,19,0,0,2,1,0,2,0,0,0,0,0,0,21,0.0,1,0,1,0,0,3.9121138909722295,0,0.2222222222222222,0,0,0.030332722188696593
33,24,1,0,2,1,0,3,0,0,0,0,0,2,24,0.06060606060606061,1,0,1,0,0,4.020926316000352,0,0.21212121212121213,1,1,1.0
19,11,0,0,2,0,0,2,0,0,0,0,0,0,14,0.0,1,0,1,0,0,3.5766176449086657,0,0.2631578947368421,0,0,0.005149518898988455
33,25,0,0,2,1,0,2,0,0,0,0,0,0,27,0.0,1,0,1,0,0,4.165013816065913,0,0.18181818181818182,0,0,0.20230801957947417
49,29,9,3,4,0,0,3,1,1,0,0,0,1,38,0.02040816326530612,0,0,2,1,0,4.167896517797226,0,0.20408163265306123,1,1,1.0
38,14,17,0,2,1,0,4,0,0,0,0,0,6,24,0.15789473684210525,0,0,1,0,0,4.418722908066561,0,0.21052631578947367,1,1,1.0
25,17,0,0,2,0,0,2,0,0,0,0,0,0,20,0.0,1,0,1,0,0,3.9238561897747237,0,0.2,0,0,0.0025758722558427067
24,16,1,0,2,2,0,3,0,0,0,0,0,0,16,0.0,0,0,1,0,0,3.7406015629507228,0,0.3333333333333333,1,1,0.9922364015721288
22,6,8,0,1,0,0,3,0,0,0,0,0,2,15,0.09090909090909091,1,0,0,0,0,3.845350936622436,0,0.22727272727272727,1,1,1.0
39,31,0,0,2,0,0,2,0,0,0,0,0,0,34,0.0,1,0,1,0,0,4.169766962341045,0,0.1282051282051282,0,0,0.004316993593520827
35,27,0,0,2,0,0,2,0,0,0,0,0,0,30,0.0,1,0,1,0,0,3.9713023022883713,0,0.14285714285714285,0,0,0.004038286580893655
76,28,40,0,2,1,0,4,0,0,0,0,0,4,64,0.05263157894736842,1,0,1,0,0,4.726233559604841,0,0.10526315789473684,1,1,1.0
21,13,0,0,2,0,0,2,0,0,0,0,0,0,16,0.0,1,0,1,0,0,3.7849418274376427,0,0.23809523809523808,0,0,0.022685964972047966
42,33,1,0,2,0,0,3,0,0,0,0,0,0,36,0.0,1,0,1,0,0,4.008056339745009,0,0.14285714285714285,1,1,1.0
34,25,1,0,2,1,0,3,0,0,0,0,0,6,21,0.17647058823529413,1,0,1,0,0,4.289832974227876,0,0.20588235294117646,1,1,1.0
37,14,15,0,2,1,0,3,0,0,0,0,0,2,28,0.05405405405405406,1,0,1,0,1,4.2629790410707376,0,0.1891891891891892,1,1,1.0
20,12,0,0,2,0,0,2,0,0,0,0,0,0,15,0.0,1,0,1,0,0,3.6219280948873616,0,0.25,0,0,0.006103523061771641
94,20,66,0,2,0,0,5,0,0,0,0,0,9,77,0.09574468085106383,1,0,1,0,0,4.82019716575212,0,0.0851063829787234,1,1,1.0
20,12,0,0,2,0,0,2,0,0,0,0,0,0,15,0.0,1,0,1,0,0,3.6841837197791882,0,0.25,0,0,0.007304607557808997
24,16,0,0,2,0,0,2,0,0,0,0,0,0,19,0.0,1,0,1,0,0,4.053508854797679,0,0.20833333333333334,0,0,0.0069669853214584495
21,6,8,0,1,0,0,3,0,0,0,0,0,1,15,0.047619047619047616,0,0,0,0,0,3.5944656369614525,0,0.23809523809523808,1,1,1.0
51,42,1,0,2,2,0,3,0,0,0,0,0,0,43,0.0,1,0,1,0,0,4.274695684811804,0,0.1568627450980392,1,1,1.0
50,43,0,0,3,2,0,2,0,0,0,0,0,3,39,0.06,0,0,2,0,0,4.543465189601646,0,0.16,1,1,0.9966666666666667
28,19,1,0,2,1,0,3,0,0,0,0,0,3,18,0.10714285714285714,1,0,1,0,0,3.869331261111518,0,0.25,1,1,0.99
26,18,0,0,2,0,0,2,0,0,0,0,0,0,21,0.0,1,0,1,0,0,3.8441065448145375,0,0.19230769230769232,0,0,0.005665991885823571
23,15,0,0,2,0,0,2,0,0,0,0,0,0,18,0.0,1,0,1,0,0,3.849223912390625,0,0.21739130434782608,0,0,0.016307470413877676
36,28,0,0,2,0,0,2,0,0,0,0,0,0,31,0.0,1,0,1,0,0,4.041336376912015,0,0.1388888888888889,0,0,0.0034906371307921926
18,11,0,0,2,0,0,2,0,0,0,0,0,0,13,0.0,0,0,1,0,0,3.4613201402110083,0,0.2777777777777778,1,1,0.9872779597184101
20,13,0,0,2,0,0,2,0,0,0,0,0,0,15,0.0,0,0,1,0,0,3.6841837197791887,0,0.25,1,1,0.9802862792048526
27,19,0,0,2,0,0,2,0,0,0,0,0,0,22,0.0,1,0,1,0,0,4.032303242743953,0,0.18518518518518517,0,0,0.016507349865286017
18,11,0,0,2,0,0,2,0,0,0,0,0,0,13,0.0,0,0,1,0,0,3.350209029099897,0,0.2777777777777778,1,1,0.9872779597184101
24,16,0,0,2,0,0,2,0,0,0,0,0,0,19,0.0,1,0,1,0,0,3.6572682296173893,0,0.20833333333333334,0,0,0.0054823693991794195
35,27,0,0,2,3,0,2,0,0,0,0,0,0,27,0.0,1,0,1,0,0,4.014438730983427,0,0.22857142857142856,0,0,0.042634488022528394
20,13,0,0,2,0,0,2,0,0,0,0,0,2,13,0.1,0,0,1,0,0,3.2841837197791883,0,0.25,1,1,0.9928128320753323
34,26,0,0,2,0,0,2,0,0,0,0,0,0,29,0.0,1,0,1,0,0,3.8732212966872726,0,0.14705882352941177,0,0,0.005286448311591687
23,15,0,0,2,0,0,2,0,0,0,0,0,0,18,0.0,1,0,1,0,0,3.849223912390625,0,0.21739130434782608,0,0,0.016307470413877676
30,22,0,0,2,0,0,2,0,0,0,0,0,0,25,0.0,1,0,1,0,0,4.056564762130954,0,0.16666666666666666,0,0,0.007731188722957833
37,29,0,0,2,0,0,2,0,0,0,0,0,0,32,0.0,1,0,1,0,0,4.175273297885966,0,0.13513513513513514,0,0,0.005956519792217424
26,18,0,0,3,0,0,2,0,0,0,0,0,0,20,0.0,1,0,2,0,0,3.767183467891461,0,0.23076923076923078,0,0,0.00680595916865964
24,16,0,0,2,0,0,2,0,0,0,0,0,0,19,0.0,1,0,1,0,0,4.053508854797679,0,0.20833333333333334,0,0,0.0069669853214584495
98,10,58,22,3,1,0,12,1,1,0,0,0,8,71,0.08163265306122448,0,0,0,1,1,4.566910834611107,0,0.19387755102040816,1,1,1.0
21,14,0,0,2,0,0,2,0,0,0,0,0,0,16,0.0,0,0,1,0,1,3.558518613048906,0,0.23809523809523808,1,1,0.9679623096907742
19,12,0,0,2,0,0,2,0,0,0,0,0,0,14,0.0,0,0,1,0,0,3.5766176449086657,0,0.2631578947368421,1,1,0.9815712518998642
21,13,0,0,2,0,0,2,0,0,0,0,0,0,16,0.0,1,0,1,0,0,3.7849418274376427,0,0.23809523809523808,0,0,0.022685964972047966
43,34,1,0,2,2,0,3,0,0,0,0,0,5,30,0.11627906976744186,1,0,1,0,0,4.452443755145651,0,0.18604651162790697,1,1,1.0
32,24,0,0,2,0,0,2,0,0,0,0,0,0,27,0.0,1,0,1,0,0,3.944548827786958,0,0.15625,0,0,0.010441422019060021
36,28,0,0,3,0,0,2,0,0,0,0,0,0,30,0.0,1,0,2,0,0,3.8746697102453482,0,0.16666666666666666,0,0,0.06433984988227083
38,31,0,0,3,0,0,2,0,0,0,0,0,0,32,0.0,0,0,2,0,0,4.063202513215852,0,0.15789473684210525,1,1,0.9805111735519351
22,14,0,0,2,0,0,2,0,0,0,0,0,0,17,0.0,1,0,1,0,0,3.6635327548042547,0,0.22727272727272727,0,0,0.014183225813440083
23,16,0,0,2,0,0,2,0,0,0,0,0,0,18,0.0,0,0,1,0,0,3.8820451081368628,0,0.21739130434782608,1,1,0.9814116439857196
25,17,0,0,2,0,0,2,0,0,0,0,0,0,20,0.0,1,0,1,0,0,4.053660689688185,0,0.2,0,0,0.004912225321018954
29,21,0,0,2,0,0,2,0,0,0,0,0,0,24,0.0,1,0,1,0,0,4.021268494903765,0,0.1724137931034483,0,0,0.006030051060254468
24,17,0,0,2,0,0,2,0,0,0,0,0,0,19,0.0,0,0,1,0,0,3.7201755214643453,0,0.20833333333333334,1,1,0.9901853234817914
32,25,0,0,4,0,0,2,0,0,0,0,0,0,25,0.0,0,0,3,0,0,4.077819531114783,0,0.21875,1,1,0.9930286337054766
19,11,0,0,2,0,0,2,0,0,0,0,0,0,14,0.0,1,0,1,0,0,3.5766176449086653,0,0.2631578947368421,0,0,0.005149518898988455
27,19,0,0,2,0,0,2,0,0,0,0,0,0,22,0.0,1,0,1,0,0,3.8561962982193796,0,0.18518518518518517,0,0,0.006135218630085277
46,37,1,0,2,1,0,3,0,0,0,0,0,0,39,0.0,1,0,1,0,0,4.2077070644704735,0,0.15217391304347827,1,1,0.9985870833333333
38,30,0,0,2,0,0,2,0,0,0,0,0,0,33,0.0,1,0,1,0,0,4.313459750171823,0,0.13157894736842105,0,0,0.10940335508574459
27,19,0,0,2,0,0,2,0,0,0,0,0,0,22,0.0,1,0,1,0,0,3.986187965046304,0,0.18518518518518517,0,0,0.005086770973511688
27,19,0,0,2,0,0,2,0,0,0,0,0,0,22,0.0,1,0,1,0,0,3.763965742824081,0,0.18518518518518517,0,0,0.004065482931420731
35,27,0,0,3,0,0,2,0,0,0,0,0,0,29,0.0,1,0,2,0,0,4.128724445269141,0,0.17142857142857143,0,0,0.019350235207031653
22,15,0,0,2,0,0,2,0,0,0,0,0,0,17,0.0,0,0,1,0,0,3.788754913993503,0,0.22727272727272727,1,1,0.9705598557053348
35,27,0,0,3,0,0,2,0,0,0,0,0,0,29,0.0,1,0,2,0,0,3.7183093602234187,0,0.17142857142857143,0,0,0.021866185678462578
27,20,0,0,2,0,0,2,0,0,0,0,0,0,22,0.0,0,0,1,0,0,4.088220835496803,0,0.18518518518518517,1,1,0.9814435346272522
22,14,0,0,2,0,0,2,0,0,0,0,0,0,17,0.0,1,0,1,0,0,3.6635327548042547,0,0.22727272727272727,0,0,0.014183225813440083
38,30,1,0,2,2,0,3,0,0,0,0,0,0,30,0.0,0,0,1,0,1,4.178738290204356,0,0.21052631578947367,1,1,0.9966666666666667
32,24,0,0,2,0,0,2,0,0,0,0,0,0,27,0.0,1,0,1,0,0,3.9764097655573916,0,0.15625,0,0,0.008928299707288402
46,15,24,0,2,0,1,4,0,0,0,0,0,1,37,0.021739130434782608,0,0,0,0,0,4.102168956377575,0,0.17391304347826086,1,1,1.0
23,16,0,0,3,0,0,2,0,0,0,0,0,1,16,0.043478260869565216,0,0,2,0,0,3.9361804341297555,0,0.2608695652173913,1,1,0.9722455166874516
37,29,0,0,2,0,0,2,0,0,0,0,0,0,32,0.0,1,0,1,0,0,4.208924987016684,0,0.13513513513513514,0,0,0.032962391780457866
35,28,0,0,4,0,0,2,0,0,0,0,0,0,28,0.0,0,0,3,0,0,4.071581588126284,0,0.2,1,1,0.974891704645517
63,24,12,19,2,0,0,4,1,2,1,0,0,17,35,0.2698412698412698,0,0,1,2,0,4.9014952011059885,0,0.1746031746031746,1,1,1.0
67,7,52,0,1,0,0,4,0,0,0,0,0,7,54,0.1044776119402985,1,0,0,0,0,4.706483460162238,0,0.08955223880597014,1,1,1.0
29,21,0,0,2,0,0,2,0,0,0,0,0,0,24,0.0,1,0,1,0,0,3.995237891380887,0,0.1724137931034483,0,0,0.006177662102521045
32,24,0,0,2,0,0,2,0,0,0,0,0,0,27,0.0,1,0,1,0,0,4.155639062229566,0,0.15625,0,0,0.008979070909556434
28,19,1,0,2,0,0,3,0,0,0,0,0,0,22,0.0,1,0,1,0,0,3.9677201004744997,0,0.21428571428571427,1,1,1.0
32,25,0,0,3,0,0,2,0,0,0,0,0,2,24,0.0625,0,0,2,0,0,4.027518266288633,0,0.1875,1,1,0.9848204573226073
24,17,0,0,2,0,0,2,0,0,0,0,0,0,19,0.0,0,0,1,0,0,3.8239348962840563,0,0.20833333333333334,1,1,0.9901853234817914
27,19,0,0,2,0,0,2,0,0,0,0,0,0,22,0.0,1,0,1,0,0,3.7043494289560517,0,0.18518518518518517,0,0,0.003962772112783566
36,27,1,0,2,2,0,3,0,0,0,0,0,6,22,0.16666666666666666,1,0,1,0,0,4.173416585305445,0,0.2222222222222222,1,1,1.0
46,21,17,0,2,0,0,5,0,0,0,0,0,1,37,0.021739130434782608,1,0,1,0,0,4.134990152123812,0,0.17391304347826086,1,1,1.0
29,21,0,0,2,0,0,2,0,0,0,0,0,0,24,0.0,1,0,1,0,0,4.1162646156680225,0,0.1724137931034483,0,0,0.012425061540673205
34,25,1,0,2,1,0,3,0,0,0,0,0,6,21,0.17647058823529413,1,0,1,0,0,4.373796296941798,0,0.20588235294117646,1,1,1.0
24,16,0,0,2,0,0,2,0,0,0,0,0,0,19,0.0,1,0,1,0,0,3.9701755214643453,0,0.20833333333333334,0,0,0.005905620775876425
55,47,0,0,3,4,0,2,0,0,0,0,0,21,24,0.38181818181818183,1,0,2,0,0,4.483467386520037,0,0.18181818181818182,1,1,1.0
31,24,0,0,2,0,0,2,0,0,0,0,0,0,26,0.0,0,0,1,0,0,3.953565664946427,0,0.16129032258064516,1,1,0.9772400522667598
31,24,0,0,2,0,0,2,0,0,0,0,0,0,26,0.0,0,0,1,0,0,4.091135423220312,0,0.16129032258064516,1,1,0.9741895337371251
24,16,0,0,3,0,0,2,0,0,0,0,0,0,18,0.0,1,0,2,0,0,3.5535088547976788,0,0.25,0,0,0.009809995003539896
24,16,0,0,2,1,0,2,0,0,0,0,0,0,18,0.0,1,0,1,0,0,3.7201755214643453,0,0.25,0,0,0.029033835532330066
36,28,0,0,2,0,0,2,0,0,0,0,0,0,31,0.0,1,0,1,0,0,4.117861029749889,0,0.1388888888888889,0,0,0.004089887688804502
29,21,0,0,2,0,0,2,0,0,0,0,0,0,24,0.0,1,0,1,0,0,3.83127625337525,0,0.1724137931034483,0,0,0.008332866530251754
27,19,0,0,3,0,0,2,0,0,0,0,0,0,21,0.0,1,0,2,0,0,3.9582291686698787,0,0.2222222222222222,0,0,0.009843223697704944
54,45,1,0,2,2,0,3,0,0,0,0,0,0,46,0.0,1,0,1,0,1,4.210737909843949,0,0.14814814814814814,1,1,1.0
21,13,0,0,2,0,0,2,0,0,0,0,0,2,14,0.09523809523809523,1,0,1,0,0,3.880179922675738,0,0.23809523809523808,0,0,0.07315354307401112
22,14,0,0,2,0,0,2,0,0,0,0,0,0,17,0.0,1,0,1,0,0,3.879664004902594,0,0.22727272727272727,0,0,0.014859307294805977
18,10,0,0,2,0,0,2,0,0,0,0,0,0,13,0.0,1,0,1,0,0,3.4613201402110083,0,0.2777777777777778,0,0,0.0041895600508676375
55,21,26,0,3,0,0,6,0,0,0,0,0,2,43,0.03636363636363636,1,0,1,0,0,4.135841650542516,0,0.18181818181818182,1,1,1.0
36,27,1,0,2,2,0,3,0,0,0,0,0,6,22,0.16666666666666666,1,0,1,0,0,4.096891932467571,0,0.2222222222222222,1,1,1.0
96,74,14,0,4,0,0,3,0,0,0,0,0,11,77,0.11458333333333333,1,0,2,0,0,4.704579563925711,1,0.08333333333333333,1,1,1.0
30,22,0,0,2,0,0,2,0,0,0,0,0,0,25,0.0,1,0,1,0,0,4.1898980954642875,0,0.16666666666666666,0,0,0.009076757205204527
24,16,0,0,2,0,0,2,0,0,0,0,0,0,19,0.0,1,0,1,0,0,3.7720552088742005,0,0.20833333333333334,0,0,0.005417498700028583
24,16,0,0,2,0,0,2,0,0,0,0,0,0,19,0.0,1,0,1,0,0,3.605388542207534,0,0.20833333333333334,0,0,0.006719295019099116
31,23,0,0,2,0,0,2,0,0,0,0,0,0,26,0.0,1,0,1,0,0,4.0022680844408445,0,0.16129032258064516,0,0,0.004795190438054153
27,19,0,0,2,0,0,2,0,0,0,0,0,0,22,0.0,1,0,1,0,0,3.6339740759971577,0,0.18518518518518517,0,0,0.005603325307891132
28,20,0,0,2,0,0,2,0,0,0,0,0,0,23,0.0,1,0,1,0,0,3.869331261111518,0,0.17857142857142858,0,0,0.008075687736109968
25,17,0,0,2,0,0,2,0,0,0,0,0,0,20,0.0,1,0,1,0,0,3.8136606896881853,0,0.2,0,0,0.0039010576648637997
24,16,0,0,2,0,0,2,0,0,0,0,0,0,19,0.0,1,0,1,0,0,3.7406015629507228,0,0.20833333333333334,0,0,0.005364499988881662
24,15,1,0,1,1,0,3,0,0,0,0,0,0,18,0.0,1,0,0,0,0,3.886842188131012,0,0.25,1,1,1.0
55,37,11,0,5,1,0,4,0,0,0,0,0,13,31,0.23636363636363636,0,0,3,0,0,4.483467386520037,0,0.2,1,1,1.0
37,29,0,0,2,0,0,2,0,0,0,0,0,0,32,0.0,1,0,1,0,0,4.195675662809304,0,0.13513513513513514,0,0,0.006802714180815867
29,21,0,0,2,0,0,2,0,0,0,0,0,0,24,0.0,1,0,1,0,0,3.814371943179627,0,0.1724137931034483,0,0,0.0069613591805978
38,29,1,0,2,1,0,3,0,0,0,0,0,5,26,0.13157894736842105,1,0,1,0,0,4.293594289588574,0,0.18421052631578946,1,1,1.0
36,28,0,0,2,0,0,2,0,0,0,0,0,0,31,0.0,1,0,1,0,0,4.107017709595357,0,0.1388888888888889,0,0,0.0038363625764452447
27,19,0,0,2,0,0,2,0,0,0,0,0,0,22,0.0,1,0,1,0,0,3.689891668750007,0,0.18518518518518517,0,0,0.003962772112783566
35,28,0,0,2,0,0,2,0,0,0,0,0,0,30,0.0,0,0,1,0,0,4.150292659616668,0,0.14285714285714285,1,1,0.9828688630808324
27,19,0,0,2,0,0,2,0,0,0,0,0,0,22,0.0,1,0,1,0,0,3.930270372293454,0,0.18518518518518517,0,0,0.004732439099188848
25,17,1,0,1,1,0,3,0,0,0,0,0,0,19,0.0,0,0,0,0,0,3.5132696895151083,0,0.24,1,1,1.0
27,19,0,0,2,0,0,2,0,0,0,0,0,0,22,0.0,1,0,1,0,0,3.838039816898155,0,0.18518518518518517,0,0,0.006043732008081724
27,20,0,0,2,1,0,2,0,0,0,0,0,0,21,0.0,0,0,1,0,0,3.661932872373582,0,0.2222222222222222,1,1,0.9831036080394137
30,22,0,0,2,0,0,2,0,0,0,0,0,0,25,0.0,1,0,1,0,0,3.789898095464287,0,0.16666666666666666,0,0,0.005092354940356013
34,25,1,0,2,1,0,3,0,0,0,0,0,6,21,0.17647058823529413,1,0,1,0,0,4.373796296941798,0,0.20588235294117646,1,1,1.0
143,12,123,0,1,1,4,7,0,0,0,0,0,3,126,0.02097902097902098,1,0,0,0,0,4.654920977416966,0,0.0979020979020979,1,1,1.0
30,22,0,0,2,0,0,2,0,0,0,0,0,0,25,0.0,1,0,1,0,0,4.081727678869736,0,0.16666666666666666,0,0,0.03402832601555986
33,25,0,0,3,0,0,2,0,0,0,0,0,0,27,0.0,1,0,2,0,0,4.150158513166728,0,0.18181818181818182,0,0,0.017209850664225066
26,18,0,0,2,0,0,2,0,0,0,0,0,0,21,0.0,1,0,1,0,0,3.8731406795131327,0,0.19230769230769232,0,0,0.005348427811046243
34,26,0,0,2,0,0,2,0,0,0,0,0,0,29,0.0,1,0,1,0,0,3.914689224164245,0,0.14705882352941177,0,0,0.003964106985513404
75,28,40,0,2,0,0,4,0,0,0,0,0,4,64,0.05333333333333334,0,0,1,0,0,4.643567317301467,0,0.09333333333333334,1,1,1.0
19,12,0,0,2,0,0,2,0,0,0,0,0,0,14,0.0,0,0,1,0,0,3.4316235658474303,0,0.2631578947368421,1,1,0.9872779597184101
26,19,0,0,2,0,0,2,0,0,0,0,0,0,21,0.0,0,0,1,0,0,3.902174814211728,0,0.19230769230769232,1,1,0.9974576811625622
21,14,0,0,2,0,0,2,0,0,0,0,0,0,16,0.0,0,0,1,0,0,3.4225779953216042,0,0.23809523809523808,1,1,0.9737706408867907
38,30,0,0,5,0,0,2,0,0,0,0,0,0,30,0.0,1,0,4,0,0,4.178738290204357,0,0.21052631578947367,0,0,0.4997094494678641
22,14,0,0,2,1,0,2,0,0,0,0,0,0,16,0.0,1,0,1,0,0,3.7544418457133455,0,0.2727272727272727,0,0,0.018223010603548292
29,22,0,0,3,1,0,2,0,0,0,0,0,0,22,0.0,0,0,2,0,0,4.1162646156680225,0,0.2413793103448276,1,1,0.9108571203111453
38,30,1,0,2,0,0,3,0,0,0,0,0,6,26,0.15789473684210525,0,0,1,0,0,4.145972171840238,0,0.15789473684210525,1,1,1.0
55,40,7,0,2,2,0,3,0,0,0,0,0,0,47,0.0,1,0,1,0,0,4.041530904948097,0,0.14545454545454545,1,1,0.9985870833333333
23,15,0,0,2,0,0,2,0,0,0,0,0,0,18,0.0,1,0,1,0,0,3.675310868912364,0,0.21739130434782608,0,0,0.009622496680157706
29,21,0,0,2,0,0,2,0,0,0,0,0,0,24,0.0,1,0,1,0,0,3.995237891380887,0,0.1724137931034483,0,0,0.006177662102521045
27,19,0,0,2,0,0,2,0,0,0,0,0,0,22,0.0,1,0,1,0,0,3.7821222241453056,0,0.18518518518518517,0,0,0.004065482931420731
30,23,0,0,2,0,0,2,0,0,0,0,0,0,25,0.0,0,0,1,0,0,4.0980685120588385,0,0.16666666666666666,1,1,0.9804242135808969
25,17,0,0,2,0,0,2,0,0,0,0,0,0,20,0.0,1,0,1,0,0,3.7336606896881857,0,0.2,0,0,0.0034397638404539835
35,27,0,0,2,0,0,2,0,0,0,0,0,0,30,0.0,1,0,1,0,0,4.171860873964196,0,0.14285714285714285,0,0,0.006173657944899336
34,26,0,0,2,0,0,2,0,0,0,0,0,0,29,0.0,1,0,1,0,0,4.13850217929474,0,0.14705882352941177,0,0,0.006113656784811768
26,18,0,0,2,0,0,2,0,0,0,0,0,0,21,0.0,1,0,1,0,0,3.719294525666979,0,0.19230769230769232,0,0,0.005344884861171762
38,30,0,0,2,0,0,2,0,0,0,0,0,0,33,0.0,1,0,1,0,0,3.8275546594689245,0,0.13157894736842105,0,0,0.018958073051646256
26,18,0,0,2,0,0,2,0,0,0,0,0,0,21,0.0,1,0,1,0,0,3.9500637564362093,0,0.19230769230769232,0,0,0.0032517506120185355
46,37,1,0,3,0,0,3,0,0,0,0,0,0,39,0.0,1,0,2,0,0,3.893263728672426,0,0.15217391304347827,1,1,1.0
33,25,1,0,1,0,0,3,0,0,0,0,0,0,28,0.0,0,0,0,0,0,3.98319563424773,0,0.15151515151515152,1,1,1.0
28,11,9,0,1,0,0,3,0,0,0,0,0,0,23,0.0,1,0,0,0,0,3.9852281360342516,0,0.17857142857142858,1,1,1.0
25,17,0,0,2,1,0,2,0,0,0,0,0,0,19,0.0,1,0,1,0,0,3.9736606896881854,0,0.24,0,0,0.007534766774693109
31,24,0,0,3,0,0,2,0,0,0,0,0,0,25,0.0,0,0,2,0,0,3.824533406881911,0,0.1935483870967742,1,1,0.9762612636445728
30,23,0,0,2,0,0,2,0,0,0,0,0,0,25,0.0,0,0,1,0,0,3.7483943455364033,0,0.16666666666666666,1,1,0.9801116189951025
33,26,0,0,3,0,0,2,0,0,0,0,0,0,27,0.0,0,0,2,0,0,4.150158513166728,0,0.18181818181818182,1,1,0.9760602334494989
25,17,0,0,3,0,0,2,0,0,0,0,0,0,19,0.0,1,0,2,0,0,3.833269689515108,0,0.24,0,0,0.005541231382994377
21,13,0,0,2,0,0,2,0,0,0,0,0,0,16,0.0,1,0,1,0,0,3.594465636961452,0,0.23809523809523808,0,0,0.010524297992008323
56,47,1,0,3,4,0,3,0,0,0,0,0,20,25,0.35714285714285715,1,0,2,0,0,4.5788908592099045,0,0.19642857142857142,1,1,1.0
25,17,0,0,2,0,0,2,0,0,0,0,0,0,20,0.0,1,0,1,0,0,3.9434651896016466,0,0.2,0,0,0.0025758722558427067
80,7,65,0,1,0,0,4,0,0,0,0,0,11,63,0.1375,1,0,0,0,0,4.700795788990976,0,0.075,1,1,1.0
74,7,53,5,1,0,0,5,1,0,0,0,0,5,61,0.06756756756756757,1,0,0,1,0,4.802170048231414,0,0.10810810810810811,1,1,1.0
55,47,1,0,5,0,0,3,0,0,0,0,0,7,39,0.12727272727272726,0,0,4,0,0,4.577017332478706,0,0.16363636363636364,1,1,1.0
26,18,0,0,2,0,0,2,0,0,0,0,0,1,20,0.038461538461538464,1,0,1,0,0,3.7962176025900556,0,0.19230769230769232,0,0,0.012494089109506489
27,19,0,0,2,0,0,2,0,0,0,0,0,0,22,0.0,1,0,1,0,0,3.958229168669879,0,0.18518518518518517,0,0,0.005016375113258696
24,16,0,0,2,0,0,2,0,0,0,0,0,0,19,0.0,1,0,1,0,0,3.8349625007211565,0,0.20833333333333334,0,0,0.005567624736251228
28,20,0,0,2,0,0,2,0,0,0,0,0,0,23,0.0,1,0,1,0,0,3.7534343861887853,0,0.17857142857142858,0,0,0.006496756290916128
26,18,0,0,2,0,0,2,0,0,0,0,0,0,21,0.0,1,0,1,0,0,3.767183467891461,0,0.19230769230769232,0,0,0.005432964222511789
18,11,0,0,1,0,0,2,0,0,0,0,0,0,14,0.0,0,0,0,0,0,3.461320140211008,0,0.2222222222222222,1,1,1.0
28,20,0,0,2,0,0,2,0,0,0,0,0,0,23,0.0,1,0,1,0,0,3.940759832540089,0,0.17857142857142858,0,0,0.006802621866933727
37,29,0,0,2,0,0,2,0,0,0,0,0,0,32,0.0,1,0,1,0,0,4.229327351940021,0,0.13513513513513514,0,0,0.015011240969544221
25,17,0,0,3,0,0,2,0,0,0,0,0,0,19,0.0,1,0,2,0,0,3.9434651896016466,0,0.24,0,0,0.0037752001308789885
27,19,0,0,2,0,0,2,0,0,0,0,0,0,22,0.0,1,0,1,0,0,3.85619629821938,0,0.18518518518518517,0,0,0.006135218630085277
35,27,0,0,2,0,0,2,0,0,0,0,0,0,30,0.0,1,0,1,0,0,3.900153016697712,0,0.14285714285714285,0,0,0.0024138680222711728
36,28,0,0,3,0,0,2,0,0,0,0,0,0,30,0.0,1,0,2,0,0,4.0514621540398,0,0.16666666666666666,0,0,0.05966187957988847
36,27,1,0,2,2,0,3,0,0,0,0,0,1,27,0.027777777777777776,1,0,1,0,0,4.218128820706467,0,0.2222222222222222,1,1,1.0
27,18,1,0,2,1,0,3,0,0,0,0,0,2,18,0.07407407407407407,1,0,1,0,0,3.9302703722934544,0,0.25925925925925924,1,1,1.0
26,18,0,0,3,0,0,2,0,0,0,0,0,0,20,0.0,1,0,2,0,0,3.7381493331928657,0,0.23076923076923078,0,0,0.007488574101174194
23,15,0,0,2,0,0,2,0,0,0,0,0,4,14,0.17391304347826086,1,0,1,0,0,3.8820451081368628,0,0.21739130434782608,0,0,0.24437880913320786
26,18,0,0,2,0,0,2,0,0,0,0,0,0,21,0.0,1,0,1,0,0,3.8731406795131327,0,0.19230769230769232,0,0,0.005348427811046243
29,22,0,0,2,0,0,2,0,0,0,0,0,0,24,0.0,0,0,1,0,0,3.7974676329840045,0,0.1724137931034483,1,1,0.9864953065156328
24,9,7,0,1,0,0,3,0,0,0,0,0,3,16,0.125,1,0,0,0,0,3.636842188131012,0,0.20833333333333334,1,1,0.9966666666666667
25,17,0,0,2,0,0,2,0,0,0,0,0,1,19,0.04,1,0,1,0,0,3.8634651896016465,0,0.2,0,0,0.019555345609908008
24,17,0,0,2,0,0,2,0,0,0,0,0,0,19,0.0,0,0,1,0,0,3.772055208874201,0,0.20833333333333334,1,1,0.9901853234817914
23,15,0,0,2,0,0,2,0,0,0,0,0,0,18,0.0,1,0,1,0,0,3.7950885863977324,0,0.21739130434782608,0,0,0.011731102673641447
25,17,0,0,2,0,0,2,0,0,0,0,0,0,20,0.0,1,0,1,0,0,3.753269689515108,0,0.2,0,0,0.0034397638404539835
49,17,25,0,3,0,0,5,0,0,0,0,0,0,40,0.0,0,0,1,0,0,4.218717436076268,0,0.1836734693877551,1,1,1.0
57,4,11,33,3,0,0,6,1,0,0,0,0,3,42,0.05263157894736842,1,0,0,1,0,4.391121427017651,0,0.21052631578947367,1,1,1.0
35,26,1,0,2,1,0,3,0,0,0,0,0,2,26,0.05714285714285714,1,0,1,0,1,4.240156860408858,0,0.2,1,1,0.9966666666666667
28,20,0,0,2,1,0,2,0,0,0,0,0,0,22,0.0,1,0,1,0,0,4.066108939837481,0,0.21428571428571427,0,0,0.019560657833242834
30,22,0,0,2,1,0,2,0,0,0,0,0,0,24,0.0,1,0,1,0,0,4.12323142879762,0,0.2,0,0,0.014715497169314183
36,28,0,0,2,0,0,2,0,0,0,0,0,0,31,0.0,1,0,1,0,0,3.9749375012019263,0,0.1388888888888889,0,0,0.002833357279704495
28,20,0,0,2,0,0,2,0,0,0,0,0,0,23,0.0,1,0,1,0,0,3.8073549220576046,0,0.17857142857142858,0,0,0.00643761644910091
25,17,0,0,3,0,0,2,0,0,0,0,0,0,19,0.0,1,0,2,0,0,3.623465189601647,0,0.24,0,0,0.0099604049342108
28,19,1,0,2,0,0,3,0,0,0,0,0,3,19,0.10714285714285714,1,0,1,0,1,4.280394654123195,0,0.21428571428571427,1,1,0.9903660904138463
21,13,0,0,2,0,0,2,0,0,0,0,0,0,16,0.0,1,0,1,0,0,3.880179922675738,0,0.23809523809523808,0,0,0.013643109196132819
27,19,0,0,2,0,0,2,0,0,0,0,0,0,22,0.0,1,0,1,0,0,4.060262039120378,0,0.18518518518518517,0,0,0.011615360845647432
30,22,0,0,4,0,0,2,0,0,0,0,0,0,23,0.0,1,0,3,0,0,3.9232314287976204,0,0.23333333333333334,0,0,0.006871822742182154
30,22,0,0,2,0,0,2,0,0,0,0,0,0,25,0.0,1,0,1,0,0,3.898068512058838,0,0.16666666666666666,0,0,0.005996834651531154
26,18,0,0,2,0,0,2,0,0,0,0,0,0,21,0.0,1,0,1,0,0,3.8731406795131327,0,0.19230769230769232,0,0,0.005348427811046243
25,18,0,0,3,0,0,2,0,0,0,0,0,0,19,0.0,0,0,2,0,0,3.833269689515108,0,0.24,1,1,0.9844395264050596
24,16,0,0,2,0,0,2,0,0,0,0,0,0,19,0.0,1,0,1,0,0,3.605388542207534,0,0.20833333333333334,0,0,0.006719295019099116
91,7,76,0,2,0,0,5,0,0,0,0,0,7,76,0.07692307692307693,1,0,0,0,0,4.85819976175414,0,0.08791208791208792,1,1,1.0
24,16,0,0,3,0,0,2,0,0,0,0,0,0,18,0.0,1,0,2,0,0,3.8239348962840563,0,0.25,0,0,0.0042573731044687185
75,28,40,0,2,0,0,4,0,0,0,0,0,5,63,0.06666666666666667,0,0,1,0,0,4.765503944337821,0,0.09333333333333334,1,1,1.0
34,26,0,0,2,0,0,2,0,0,0,0,0,0,29,0.0,1,0,1,0,0,4.0796786498829745,0,0.14705882352941177,0,0,0.006067003808679057
19,12,0,0,2,0,0,2,0,0,0,0,0,0,14,0.0,0,0,1,0,0,3.576617644908666,0,0.2631578947368421,1,1,0.9815712518998642
29,22,0,0,2,0,0,2,0,0,0,0,0,0,24,0.0,0,0,1,0,1,4.1852301329094015,0,0.1724137931034483,1,1,0.9607639645838298
28,20,0,0,2,0,0,2,0,0,0,0,0,0,23,0.0,1,0,1,0,0,3.770942421748537,0,0.17857142857142858,0,0,0.00656703308470026
24,17,0,0,2,0,0,2,0,0,0,0,0,0,19,0.0,0,0,1,0,0,3.7201755214643453,0,0.20833333333333334,1,1,0.9901853234817914
25,17,0,0,2,0,0,2,0,0,0,0,0,0,20,0.0,1,0,1,0,0,3.4292750707107134,0,0.2,0,0,0.00447737510828392
27,19,0,0,2,0,0,2,0,0,0,0,0,0,22,0.0,1,0,1,0,0,3.9582291686698783,0,0.18518518518518517,0,0,0.005016375113258696
38,29,1,0,2,1,0,3,0,0,0,0,0,0,31,0.0,1,0,1,0,0,4.201231789474708,0,0.18421052631578946,1,1,0.9942988317936471
35,27,0,0,2,0,0,2,0,0,0,0,0,0,30,0.0,1,0,1,0,0,3.88614658824991,0,0.14285714285714285,0,0,0.003173832167350511
36,15,13,0,3,1,1,3,0,0,0,0,0,0,27,0.0,1,0,1,0,0,3.766332639970623,0,0.25,1,1,1.0
20,12,0,0,2,0,0,2,0,0,0,0,0,0,15,0.0,1,0,1,0,0,3.6841837197791882,0,0.25,0,0,0.007304607557808997
43,34,1,0,2,1,0,3,0,0,0,0,0,2,34,0.046511627906976744,1,0,1,0,0,3.718685174115573,0,0.16279069767441862,1,1,0.9966666666666667
27,19,0,0,2,0,0,2,0,0,0,0,0,0,22,0.0,1,0,1,0,0,3.9302703722934544,0,0.18518518518518517,0,0,0.004732439099188848
29,20,1,0,2,1,0,3,0,0,0,0,0,0,22,0.0,1,0,1,0,2,3.8143719431796272,0,0.2413793103448276,1,1,0.9754119875524285
32,24,0,0,2,0,0,2,0,0,0,0,0,0,27,0.0,1,0,1,0,0,3.5428377974034158,0,0.15625,0,0,0.019336114271575475
31,23,0,0,2,0,0,2,0,0,0,0,0,0,26,0.0,1,0,1,0,0,3.9292144551992183,0,0.16129032258064516,0,0,0.004214823611314164
23,15,0,0,2,0,0,2,0,0,0,0,0,0,18,0.0,1,0,1,0,0,3.6753108689123644,0,0.21739130434782608,0,0,0.009622496680157706
24,16,0,0,3,0,0,2,0,0,0,0,0,2,16,0.08333333333333333,1,0,2,0,0,3.7406015629507228,0,0.25,0,0,0.07226704804327938
25,18,0,0,3,0,0,2,0,0,0,0,0,0,19,0.0,0,0,2,0,0,3.6732696895151085,0,0.24,1,1,0.9854466551949362
42,33,1,0,5,0,0,3,0,0,0,0,0,2,31,0.047619047619047616,1,0,4,0,0,4.121267946939376,0,0.21428571428571427,1,1,1.0
67,7,52,0,1,0,0,4,0,0,0,0,0,7,54,0.1044776119402985,1,0,0,0,0,4.48712725102761,0,0.08955223880597014,1,1,1.0
37,29,0,0,3,0,0,2,0,0,0,0,0,0,31,0.0,1,0,2,0,0,3.9519040409537936,0,0.16216216216216217,0,0,0.10019251290959379
53,46,0,0,7,0,0,2,0,0,0,0,0,0,43,0.0,0,0,6,0,0,3.89018289953947,0,0.18867924528301888,1,1,0.9690064989756112
71,11,52,0,1,1,0,4,0,0,0,0,0,8,56,0.11267605633802817,1,0,0,0,0,4.612667063911602,0,0.09859154929577464,1,1,1.0
33,25,0,0,2,0,0,2,0,0,0,0,0,0,28,0.0,1,0,1,0,0,3.9534850284493626,0,0.15151515151515152,1,0,0.006404589691966984
25,17,0,0,3,0,0,2,0,0,0,0,0,0,19,0.0,1,0,2,0,0,3.5932696895151084,0,0.24,0,0,0.0099604049342108
210,10,58,133,3,1,0,14,1,1,0,0,0,23,166,0.10952380952380952,1,0,0,1,2,4.955868840723418,0,0.1,1,1,1.0
48,39,1,0,2,3,0,3,0,0,0,0,0,7,32,0.14583333333333334,1,0,1,0,0,4.254786012555233,0,0.1875,1,1,1.0
30,22,0,0,2,0,0,2,0,0,0,0,0,0,25,0.0,1,0,1,0,0,4.0062389286533895,0,0.16666666666666666,0,0,0.0051658936250570334
59,42,9,0,2,2,0,4,0,0,0,0,0,7,43,0.11864406779661017,1,0,1,0,1,4.493688186614819,0,0.15254237288135594,1,1,1.0
30,23,0,0,4,0,0,2,0,0,0,0,0,1,22,0.03333333333333333,0,0,3,0,0,3.964735178725505,0,0.23333333333333334,1,1,0.9521251980970893
24,16,0,0,2,0,0,2,0,0,0,0,0,0,19,0.0,1,0,1,0,0,3.8035088547976788,0,0.20833333333333334,0,0,0.00550127317221087
32,24,0,0,2,0,0,2,0,0,0,0,0,0,27,0.0,1,0,1,0,0,3.6792292966721747,0,0.15625,0,0,0.019539315695382482
38,30,0,0,2,0,0,2,0,0,0,0,0,0,33,0.0,1,0,1,0,0,3.9682119744148827,0,0.13157894736842105,0,0,0.007014894580531285
44,27,1,7,2,1,0,3,1,1,0,0,0,2,33,0.045454545454545456,1,0,1,1,0,4.243300368538958,0,0.20454545454545456,1,1,1.0
20,13,0,0,2,0,0,2,0,0,0,0,0,1,14,0.05,0,0,1,0,0,3.684183719779189,0,0.25,1,1,0.921732901566853
27,19,0,0,2,1,0,2,0,0,0,0,0,0,21,0.0,1,0,1,0,0,3.763965742824081,0,0.2222222222222222,0,0,0.02288706729894297
31,23,0,0,2,1,0,2,0,0,0,0,0,0,25,0.0,1,0,1,0,0,3.9134007456613777,0,0.1935483870967742,0,0,0.008656929939139427
28,20,0,0,2,0,0,2,0,0,0,0,0,0,23,0.0,1,0,1,0,0,3.967720100474499,0,0.17857142857142858,0,0,0.00683287457054348
32,24,0,0,2,0,0,2,0,0,0,0,0,0,27,0.0,1,0,1,0,0,4.030639062229566,0,0.15625,0,0,0.009266364610441415
89,15,66,0,2,0,0,5,0,0,0,0,0,5,76,0.056179775280898875,1,0,1,0,0,4.655179712996191,0,0.0898876404494382,1,1,1.0
39,30,1,0,2,0,0,3,0,0,0,0,0,0,33,0.0,1,0,1,0,0,3.9552918860179607,0,0.15384615384615385,1,1,1.0
25,18,0,0,2,1,0,2,0,0,0,0,0,0,19,0.0,0,0,1,0,0,3.9434651896016466,0,0.24,1,1,0.9819067860443018
25,17,0,0,2,0,0,2,0,0,0,0,0,0,20,0.0,1,0,1,0,0,3.653660689688185,0,0.2,0,0,0.0029490762484657954
26,18,0,0,2,0,0,2,0,0,0,0,0,0,21,0.0,1,0,1,0,0,3.997952698660691,0,0.19230769230769232,0,0,0.004588694151064218
25,17,0,0,2,0,0,2,0,0,0,0,0,0,20,0.0,1,0,1,0,0,3.863465189601647,0,0.2,0,0,0.0039272796960064665
29,22,0,0,3,0,0,2,0,0,0,0,0,5,18,0.1724137931034483,0,0,2,0,0,4.1852301329094015,0,0.20689655172413793,1,1,0.9890719015015251
28,20,0,0,4,0,0,2,0,0,0,0,0,0,21,0.0,1,0,3,0,0,4.06610893983748,0,0.25,0,0,0.005791211967772514
32,24,0,0,3,0,0,2,0,0,0,0,0,0,26,0.0,1,0,2,0,0,4.030639062229566,0,0.1875,0,0,0.010618737330739416
55,47,0,0,3,4,0,2,0,0,0,0,0,18,27,0.32727272727272727,1,0,2,0,0,4.521646758703854,0,0.18181818181818182,1,1,1.0
25,17,0,0,2,0,0,2,0,0,0,0,0,0,20,0.0,1,0,1,0,0,3.6732696895151085,0,0.2,0,0,0.003320223633697498
29,21,0,0,3,0,0,2,0,0,0,0,0,0,23,0.0,1,0,2,0,0,3.9523029776623857,0,0.20689655172413793,0,0,0.008775967235653812
179,19,23,128,2,2,4,4,1,5,4,0,0,28,128,0.1564245810055866,1,0,1,5,0,4.913863925815654,0,0.12849162011173185,1,1,1.0
20,13,0,0,2,0,0,2,0,0,0,0,0,0,15,0.0,0,0,1,0,0,3.7841837197791888,0,0.25,1,1,0.9824995304944241
34,26,0,0,2,0,0,2,0,0,0,0,0,0,29,0.0,1,0,1,0,0,3.9986525468781666,0,0.14705882352941177,0,0,0.004924449789347887
31,23,0,0,2,0,0,2,0,0,0,0,0,0,26,0.0,1,0,1,0,0,3.667928472292448,0,0.16129032258064516,0,0,0.004153737660071723
40,31,1,0,3,0,0,3,0,0,0,0,0,0,33,0.0,1,0,2,0,0,4.137326145256008,0,0.175,1,1,0.9885870833333333
29,21,0,0,3,0,0,2,0,0,0,0,0,0,23,0.0,1,0,2,0,0,3.9262723741395074,0,0.20689655172413793,0,0,0.008775967235653812
53,44,1,0,2,2,0,3,0,0,0,0,0,4,41,0.07547169811320754,1,0,1,0,0,4.348006720416648,0,0.1509433962264151,1,1,1.0
28,21,0,0,3,0,0,2,0,0,0,0,0,0,22,0.0,0,0,2,0,0,4.0836169753972325,0,0.21428571428571427,1,1,0.9589288791135501
41,33,0,0,3,0,0,2,0,0,0,0,0,0,35,0.0,1,0,2,0,0,4.204278528638955,0,0.14634146341463414,0,0,0.1711203230420879
24,16,0,0,2,0,0,2,0,0,0,0,0,0,19,0.0,1,0,1,0,0,3.4701755214643453,0,0.20833333333333334,0,0,0.01402696159817601
252,97,49,97,5,16,0,3,1,3,2,2,0,51,168,0.20238095238095238,1,0,3,3,0,5.211518877174286,1,0.13095238095238096,1,1,1.0
22,6,8,0,1,0,0,3,0,0,0,0,0,2,15,0.09090909090909091,1,0,0,0,0,3.9705730958116843,0,0.22727272727272727,1,1,1.0
29,21,0,0,2,0,0,2,0,0,0,0,0,0,24,0.0,1,0,1,0,0,3.7714370294611257,0,0.1724137931034483,0,0,0.006749307883568526
28,20,0,0,2,0,0,2,0,0,0,0,0,0,23,0.0,1,0,1,0,0,3.9946803684089085,0,0.17857142857142858,0,0,0.015016707486398545
37,29,0,0,2,0,0,2,0,0,0,0,0,0,32,0.0,1,0,1,0,0,3.6966380020874077,0,0.13513513513513514,0,0,0.018379878884697984
30,23,0,0,2,1,0,2,0,0,0,0,0,0,24,0.0,0,0,1,0,0,3.91440934524794,0,0.2,1,1,0.9801753447366258
48,39,1,0,2,2,0,3,0,0,0,0,0,3,37,0.0625,1,0,1,0,1,4.266541406655651,0,0.16666666666666666,1,1,1.0
28,20,0,0,2,0,0,2,0,0,0,0,0,0,23,0.0,1,0,1,0,0,3.597558387024489,0,0.17857142857142858,0,0,0.005467649359944346
21,13,0,0,2,0,0,2,0,0,0,0,0,0,16,0.0,1,0,1,0,0,3.499227541723357,0,0.23809523809523808,0,0,0.01049770034854723
21,13,0,0,2,0,0,2,0,0,0,0,0,0,16,0.0,1,0,1,0,0,3.6537567082870015,0,0.23809523809523808,0,0,0.011853011841857757
38,18,12,0,1,1,0,4,0,0,0,0,0,0,31,0.0,1,0,0,0,1,4.333325210755072,0,0.18421052631578946,1,1,1.0
52,38,6,0,2,0,0,3,0,0,0,0,0,0,46,0.0,1,0,1,0,1,4.08796911368024,0,0.11538461538461539,1,1,0.9933333333333333
32,24,0,0,2,0,0,2,0,0,0,0,0,0,27,0.0,1,0,1,0,0,3.9917292966721747,0,0.15625,0,0,0.008920411576691491
27,19,0,0,2,0,0,2,0,0,0,0,0,0,22,0.0,1,0,1,0,0,3.838039816898155,0,0.18518518518518517,0,0,0.006043732008081724
48,40,1,0,4,2,0,3,0,0,0,0,0,0,38,0.0,0,0,3,0,0,3.906934637304816,0,0.20833333333333334,1,1,1.0
26,18,0,0,2,0,0,2,0,0,0,0,0,0,21,0.0,1,0,1,0,0,3.9500637564362093,0,0.19230769230769232,0,0,0.0032517506120185355
26,18,0,0,2,0,0,2,0,0,0,0,0,0,21,0.0,1,0,1,0,0,3.748328660365574,0,0.19230769230769232,0,0,0.005362687428727657
88,15,65,0,2,0,0,4,0,0,0,0,0,9,72,0.10227272727272728,1,0,1,0,0,4.796047568126556,0,0.07954545454545454,1,1,1.0
22,15,0,0,2,1,0,2,0,0,0,0,0,0,16,0.0,0,0,1,0,0,3.8796640049025934,0,0.2727272727272727,1,1,0.9830102846719594
27,18,1,0,2,0,0,3,0,0,0,0,0,0,21,0.0,1,0,1,0,0,3.930270372293454,0,0.2222222222222222,1,1,1.0
31,22,1,0,2,0,0,3,0,0,0,0,0,0,25,0.0,1,0,1,0,0,3.6553362295323453,0,0.1935483870967742,1,1,1.0
22,15,0,0,2,0,0,2,0,0,0,0,0,0,17,0.0,0,0,1,0,0,3.663532754804254,0,0.22727272727272727,1,1,0.9707580438587186
23,16,0,0,2,0,0,2,0,0,0,0,0,0,18,0.0,0,0,1,0,0,3.7622673906514947,0,0.21739130434782608,1,1,0.9808552195426523
19,11,0,0,2,0,0,2,0,0,0,0,0,0,14,0.0,1,0,1,0,0,3.155565013329719,0,0.2631578947368421,0,0,0.0028720187085362423
26,18,0,0,2,0,0,2,0,0,0,0,0,0,21,0.0,1,0,1,0,0,3.47834596772504,0,0.19230769230769232,0,0,0.00909227586684684
26,19,0,0,2,0,0,2,0,0,0,0,0,0,21,0.0,0,0,1,0,0,4.103909910282363,0,0.19230769230769232,1,1,0.9864548908779613
20,12,0,0,2,0,0,2,0,0,0,0,0,0,15,0.0,1,0,1,0,0,3.6841837197791882,0,0.25,0,0,0.007304607557808997
25,17,0,0,2,0,0,2,0,0,0,0,0,0,20,0.0,1,0,1,0,0,3.6732696895151085,0,0.2,0,0,0.003320223633697498
20,11,1,0,1,0,0,3,0,0,0,0,0,0,15,0.0,1,0,0,0,0,3.1086949695628423,0,0.25,1,1,1.0
25,18,0,0,2,0,0,2,0,0,0,0,0,0,20,0.0,0,0,1,0,0,3.8136606896881857,0,0.2,1,1,0.9868456959849959
25,18,0,0,2,0,0,2,0,0,0,0,0,0,20,0.0,0,0,1,0,0,3.8634651896016465,0,0.2,1,1,0.9868456959849959
38,30,0,0,2,1,0,2,0,0,0,0,0,0,32,0.0,1,0,1,0,0,3.8801862384162926,0,0.15789473684210525,0,0,0.08267455739901151
20,13,0,0,2,0,0,2,0,0,0,0,0,0,15,0.0,0,0,1,0,0,3.7841837197791888,0,0.25,1,1,0.9824995304944241
30,22,0,0,2,0,0,2,0,0,0,0,0,0,25,0.0,1,0,1,0,0,4.106890595608519,0,0.16666666666666666,0,0,0.009824143773252601
22,14,0,0,3,0,0,2,0,0,0,0,0,0,16,0.0,1,0,2,0,0,3.538310595615006,0,0.2727272727272727,0,0,0.0058153346603093915
27,19,0,0,3,0,0,2,0,0,0,0,0,0,21,0.0,1,0,2,0,0,3.85619629821938,0,0.2222222222222222,0,0,0.010685260495828998
349,14,21,306,10,1,1,11,3,8,7,0,0,72,225,0.20630372492836677,0,1,2,8,3,5.199070317489021,0,0.1489971346704871,1,1,1.0
28,20,0,0,2,0,0,2,0,0,0,0,0,0,23,0.0,1,0,1,0,0,3.9232517969803373,0,0.17857142857142858,0,0,0.0062027140142167795
79,7,64,0,2,0,0,5,0,0,0,0,0,6,65,0.0759493670886076,1,0,0,0,0,4.724437001714972,0,0.10126582278481013,1,1,1.0
32,25,0,0,2,0,0,2,0,0,0,0,0,0,27,0.0,0,0,1,0,0,4.202819531114783,0,0.15625,1,1,0.9688999091527755
28,21,0,0,3,0,0,2,0,0,0,0,0,0,22,0.0,0,0,2,0,0,4.110577243331642,0,0.21428571428571427,1,1,0.9589288791135501
28,20,0,0,2,0,0,2,0,0,0,0,0,0,23,0.0,1,0,1,0,0,3.8962915290459277,0,0.17857142857142858,0,0,0.006509090438530513
24,16,0,0,2,0,0,2,0,0,0,0,0,0,19,0.0,1,0,1,0,0,3.7720552088742005,0,0.20833333333333334,0,0,0.005417498700028583
29,21,0,0,2,0,0,2,0,0,0,0,0,0,24,0.0,1,0,1,0,0,4.0472990984266435,0,0.1724137931034483,0,0,0.0080522095047739
33,20,5,0,2,0,0,4,0,0,0,0,0,0,26,0.0,1,0,1,0,0,3.9683403313485464,0,0.21212121212121213,1,1,1.0
104,21,75,0,3,1,0,5,0,0,0,0,0,6,88,0.057692307692307696,1,0,1,0,0,4.734180772146864,0,0.09615384615384616,1,1,1.0
27,19,0,0,2,0,0,2,0,0,0,0,0,0,22,0.0,1,0,1,0,0,3.9121138909722295,0,0.18518518518518517,0,0,0.004712982618447872
24,16,0,0,2,0,0,2,0,0,0,0,0,0,19,0.0,1,0,1,0,0,3.772055208874201,0,0.20833333333333334,0,0,0.005417498700028583
29,21,0,0,2,0,0,2,0,0,0,0,0,0,24,0.0,1,0,1,0,0,3.952302977662386,0,0.1724137931034483,0,0,0.005551052972240481
33,25,0,0,2,0,0,2,0,0,0,0,0,0,28,0.0,1,0,1,0,0,4.0060710131011685,0,0.15151515151515152,0,0,0.006427994994141065
18,10,0,0,2,0,0,2,0,0,0,0,0,0,13,0.0,1,0,1,0,0,3.4613201402110083,0,0.2777777777777778,0,0,0.0041895600508676375
35,26,1,0,2,2,0,3,0,0,0,0,0,1,26,0.02857142857142857,1,0,1,0,0,4.16429908806447,0,0.22857142857142856,1,1,1.0
35,26,1,0,2,0,0,3,0,0,0,0,0,0,29,0.0,1,0,1,0,0,4.093149802473811,0,0.17142857142857143,1,1,1.0
29,22,0,0,2,1,0,2,0,0,0,0,0,0,23,0.0,0,0,1,0,0,4.021268494903765,0,0.20689655172413793,1,1,0.9740134095377749
19,11,0,0,2,0,0,2,0,0,0,0,0,0,14,0.0,1,0,1,0,0,3.326360407952694,0,0.2631578947368421,0,0,0.003483505614106025
19,11,0,0,2,0,0,2,0,0,0,0,0,0,14,0.0,1,0,1,0,0,3.2210972500579573,0,0.2631578947368421,0,0,0.0028720187085362423
32,24,0,0,2,0,0,2,0,0,0,0,0,0,27,0.0,1,0,1,0,0,4.015319531114783,0,0.15625,0,0,0.008725304306328108
38,30,0,0,2,0,0,2,0,0,0,0,0,0,33,0.0,1,0,1,0,0,4.145972171840237,0,0.13157894736842105,0,0,0.006515321338903563
27,19,0,0,3,0,0,2,0,0,0,0,0,0,21,0.0,1,0,2,0,0,3.8100810205217304,0,0.2222222222222222,0,0,0.010547552118765654
29,21,0,0,2,0,0,2,0,0,0,0,0,0,24,0.0,1,0,1,0,0,3.8833374604210062,0,0.1724137931034483,0,0,0.007443761570009687
19,12,0,0,2,0,0,2,0,0,0,0,0,0,14,0.0,0,0,1,0,0,3.471354487013929,0,0.2631578947368421,1,1,0.9846342486996992
23,16,0,0,2,0,0,2,0,0,0,0,0,0,18,0.0,0,0,1,0,0,3.708132064658602,0,0.21739130434782608,1,1,0.9808552195426523
23,15,0,0,2,0,0,2,0,0,0,0,0,0,18,0.0,1,0,1,0,0,3.5013978254341036,0,0.21739130434782608,0,0,0.010350837509813788
42,34,0,0,2,0,0,2,0,0,0,0,0,0,37,0.0,1,0,1,0,0,4.177566232096525,0,0.11904761904761904,0,0,0.023913999690610536
23,15,0,0,2,0,0,2,0,0,0,0,0,0,18,0.0,1,0,1,0,0,3.5883543471732335,0,0.21739130434782608,0,0,0.01167112548292048
33,25,0,0,2,0,0,2,0,0,0,0,0,0,28,0.0,1,0,1,0,0,4.0060710131011685,0,0.15151515151515152,0,0,0.006427994994141065
50,31,12,0,6,0,0,4,0,0,0,0,0,0,39,0.0,0,0,4,0,0,4.0488840705376345,0,0.22,1,1,1.0
56,47,1,0,3,4,0,3,0,0,0,0,0,21,24,0.375,1,0,2,0,0,4.476474118254377,0,0.19642857142857142,1,1,1.0
48,39,1,0,3,4,0,3,0,0,0,0,0,1,36,0.020833333333333332,1,0,2,0,0,3.8656015629507223,0,0.22916666666666666,1,1,1.0
32,24,0,0,2,0,0,2,0,0,0,0,0,0,27,0.0,1,0,1,0,0,4.015319531114783,0,0.15625,0,0,0.008725304306328108
54,46,1,0,2,3,0,3,0,0,0,0,0,9,36,0.16666666666666666,0,0,1,0,0,4.512413725685677,0,0.16666666666666666,1,1,1.0
32,18,6,0,1,0,0,4,0,0,0,0,0,1,25,0.03125,1,0,0,0,0,3.816428031846024,0,0.1875,1,1,1.0
16,9,0,0,1,0,0,2,0,0,0,0,0,0,12,0.0,0,0,0,0,0,2.952819531114783,0,0.25,1,1,0.97
22,14,0,0,2,0,0,2,0,0,0,0,0,0,17,0.0,1,0,1,0,0,3.4817145729860726,0,0.22727272727272727,0,0,0.012541002497734313
32,23,1,0,2,1,0,3,0,0,0,0,0,1,24,0.03125,1,0,1,0,0,4.093139062229566,0,0.21875,1,1,1.0
27,19,0,0,2,0,0,2,0,0,0,0,0,0,22,0.0,1,0,1,0,0,3.689891668750007,0,0.18518518518518517,0,0,0.003962772112783566
29,22,0,0,2,1,0,2,0,0,0,0,0,0,23,0.0,0,0,1,0,0,3.853863219997788,0,0.20689655172413793,1,1,0.9740571173156948
27,19,0,0,2,0,0,2,0,0,0,0,0,0,22,0.0,1,0,1,0,0,4.014146761422729,0,0.18518518518518517,0,0,0.00627873222531848
27,19,0,0,2,0,0,2,0,0,0,0,0,0,22,0.0,1,0,1,0,0,3.9302703722934544,0,0.18518518518518517,0,0,0.004732439099188848
40,31,1,0,2,1,0,3,0,0,0,0,0,0,33,0.0,1,0,1,0,0,4.156198332810095,0,0.175,1,1,1.0
26,18,0,0,2,0,0,2,0,0,0,0,0,0,21,0.0,1,0,1,0,0,3.9790978911348045,0,0.19230769230769232,0,0,0.004194649840584041
22,15,0,0,2,0,0,2,0,0,0,0,0,0,17,0.0,0,0,1,0,0,3.6635327548042547,0,0.22727272727272727,1,1,0.9707580438587186
27,19,0,0,2,1,0,2,0,0,0,0,0,0,21,0.0,1,0,1,0,0,3.958229168669879,0,0.2222222222222222,0,0,0.07490863814519266
46,24,15,0,2,1,0,4,0,0,0,0,0,4,34,0.08695652173913043,0,0,1,0,0,4.490740760310774,0,0.17391304347826086,1,1,1.0
91,74,9,0,4,0,0,3,0,0,0,0,0,12,71,0.13186813186813187,1,0,2,0,0,4.934448179461608,1,0.08791208791208792,1,1,1.0
22,15,0,0,2,0,0,2,0,0,0,0,0,0,17,0.0,0,0,1,0,0,3.663532754804254,0,0.22727272727272727,1,1,0.9707580438587186
24,16,0,0,2,0,0,2,0,0,0,0,0,0,19,0.0,1,0,1,0,0,3.855388542207534,0,0.20833333333333334,0,0,0.005451851578679096
25,17,0,0,2,0,0,2,0,0,0,0,0,0,20,0.0,1,0,1,0,0,3.753269689515108,0,0.2,0,0,0.0034397638404539835
21,13,0,0,2,0,0,2,0,0,0,0,0,0,16,0.0,1,0,1,0,0,3.5944656369614525,0,0.23809523809523808,0,0,0.010524297992008323
30,23,0,0,2,0,0,2,0,0,0,0,0,0,25,0.0,0,0,1,0,0,3.9232314287976204,0,0.16666666666666666,1,1,0.9859114167829045
24,17,0,0,2,0,0,2,0,0,0,0,0,0,19,0.0,0,0,1,0,0,3.855388542207534,0,0.20833333333333334,1,1,0.9901853234817914
28,20,0,0,2,0,0,2,0,0,0,0,0,0,23,0.0,1,0,1,0,0,3.8248629576173565,0,0.17857142857142858,0,0,0.006448753291144667
43,34,1,0,2,1,0,3,0,0,0,0,0,0,36,0.0,1,0,1,0,0,4.167219045692385,0,0.16279069767441862,1,1,1.0
21,13,0,0,3,0,0,2,0,0,0,0,0,0,15,0.0,1,0,2,0,0,3.558518613048906,0,0.2857142857142857,0,0,0.005552514166838968
39,30,1,0,2,2,0,3,0,0,0,0,0,6,25,0.15384615384615385,1,0,1,0,0,4.387465039153175,0,0.20512820512820512,1,1,1.0
28,20,0,0,2,1,0,2,0,0,0,0,0,0,22,0.0,1,0,1,0,0,3.9137995646056805,0,0.21428571428571427,0,0,0.019376773353294414
31,24,0,0,2,0,0,2,0,0,0,0,0,0,26,0.0,0,0,1,0,1,4.0667842134731025,0,0.16129032258064516,1,1,0.953203512705464
29,22,0,0,2,0,0,2,0,0,0,0,0,0,24,0.0,0,0,1,0,0,3.978333581185264,0,0.1724137931034483,1,1,0.9861372398890054
98,74,17,0,4,0,0,3,0,0,0,0,0,8,82,0.08163265306122448,0,0,2,0,0,4.804931819255095,1,0.08163265306122448,1,1,1.0
21,14,0,0,2,1,0,2,0,0,0,0,0,0,15,0.0,0,0,1,0,0,3.784941827437643,0,0.2857142857142857,1,1,0.9693760631648525
27,19,0,0,2,0,0,2,0,0,0,0,0,0,22,0.0,1,0,1,0,0,3.85619629821938,0,0.18518518518518517,0,0,0.006135218630085277
23,15,0,0,3,0,0,2,0,0,0,0,0,0,17,0.0,1,0,2,0,0,3.6424896731661263,0,0.2608695652173913,0,0,0.009336352468545918
24,16,0,0,2,0,0,2,0,0,0,0,0,0,19,0.0,1,0,1,0,0,3.7720552088742005,0,0.20833333333333334,0,0,0.005417498700028583
47,38,1,0,2,1,0,3,0,0,0,0,0,0,40,0.0,1,0,1,0,0,4.2429135220660505,0,0.14893617021276595,1,1,0.9985870833333333
34,25,1,0,2,1,0,3,0,0,0,0,0,6,21,0.17647058823529413,1,0,1,0,0,4.373796296941798,0,0.20588235294117646,1,1,1.0
23,16,0,0,2,0,0,2,0,0,0,0,0,0,18,0.0,0,0,1,0,0,3.501397825434103,0,0.21739130434782608,1,1,0.9816947751163637
21,13,1,0,2,0,0,3,0,0,0,0,0,0,15,0.0,0,0,1,0,0,3.6537567082870015,0,0.2857142857142857,1,1,1.0
30,23,0,0,2,0,0,2,0,0,0,0,0,0,25,0.0,0,0,1,0,0,3.9647351787255047,0,0.16666666666666666,1,1,0.9831585348215474
25,17,0,0,2,0,0,2,0,0,0,0,0,0,20,0.0,1,0,1,0,0,4.0536606896881855,0,0.2,0,0,0.004912225321018954
26,17,1,0,2,0,0,3,0,0,0,0,0,1,19,0.038461538461538464,1,0,1,0,0,3.921029621737614,0,0.23076923076923078,1,1,0.9996745575191514
26,19,0,0,2,0,0,2,0,0,0,0,0,0,21,0.0,0,0,1,0,1,3.8252517372886508,0,0.19230769230769232,1,1,0.974862345685901
28,20,0,0,2,0,0,2,0,0,0,0,0,0,23,0.0,1,0,1,0,0,3.7534343861887853,0,0.17857142857142858,0,0,0.006496756290916128
28,20,0,0,2,0,0,2,0,0,0,0,0,0,23,0.0,1,0,1,0,0,3.8962915290459277,0,0.17857142857142858,0,0,0.006509090438530513
26,18,0,0,2,0,0,2,0,0,0,0,0,2,19,0.07692307692307693,1,0,1,0,0,3.7962176025900556,0,0.19230769230769232,0,0,0.030296291445777723
105,27,7,62,1,1,0,5,1,3,1,0,0,18,73,0.17142857142857143,1,0,0,2,0,5.0405427858195,0,0.13333333333333333,1,1,1.0
40,25,7,0,3,0,0,3,0,0,0,0,0,0,33,0.0,1,0,1,0,0,4.0964393446710154,0,0.175,1,1,1.0
27,19,0,0,3,0,0,2,0,0,0,0,0,0,21,0.0,1,0,2,0,0,3.8282375018429553,0,0.2222222222222222,0,0,0.011022741155535965
36,28,0,0,2,0,0,2,0,0,0,0,0,0,31,0.0,1,0,1,0,0,4.027719015921097,0,0.1388888888888889,0,0,0.0038890510805160137
34,26,0,0,2,0,0,2,0,0,0,0,0,0,29,0.0,1,0,1,0,0,3.998652546878167,0,0.14705882352941177,0,0,0.004924449789347887
20,12,0,0,2,0,0,2,0,0,0,0,0,0,15,0.0,1,0,1,0,0,3.5464393446710156,0,0.25,0,0,0.005799058396048044
33,25,0,0,2,0,0,2,0,0,0,0,0,0,28,0.0,1,0,1,0,0,3.98319563424773,0,0.15151515151515152,0,0,0.006396701561370074
33,25,0,0,2,0,0,2,0,0,0,0,0,0,28,0.0,1,0,1,0,0,4.150158513166728,0,0.15151515151515152,0,0,0.07667035826626582
23,16,0,0,2,0,0,2,0,0,0,0,0,2,16,0.08695652173913043,0,0,1,0,0,4.0559581516151235,0,0.21739130434782608,1,1,0.954396564358848
31,23,0,0,2,2,0,2,0,0,0,0,0,0,24,0.0,1,0,1,0,0,3.953565664946427,0,0.22580645161290322,0,0,0.031754574639347444
25,17,0,0,2,0,0,2,0,0,0,0,0,3,17,0.12,1,0,1,0,0,3.7034651896016464,0,0.2,0,0,0.03209094159720948
27,19,1,0,2,0,0,3,0,0,0,0,0,0,21,0.0,0,0,1,0,0,4.134336113194452,0,0.2222222222222222,1,1,1.0
21,13,0,0,3,0,0,2,0,0,0,0,0,0,15,0.0,1,0,2,0,0,3.5585186130489066,0,0.2857142857142857,0,0,0.005552514166838968
25,17,0,0,2,0,0,2,0,0,0,0,0,0,20,0.0,1,0,1,0,0,3.8332696895151077,0,0.2,0,0,0.004043052853578598
26,18,0,0,3,0,0,2,0,0,0,0,0,0,20,0.0,1,0,2,0,0,3.7962176025900556,0,0.23076923076923078,0,0,0.006075983089393559
31,22,1,0,2,0,0,3,0,0,0,0,0,0,25,0.0,1,0,1,0,0,3.9292144551992183,0,0.1935483870967742,1,1,1.0
22,14,0,0,2,0,0,2,0,0,0,0,0,0,17,0.0,1,0,1,0,0,3.788754913993503,0,0.22727272727272727,0,0,0.01743044864218114
27,19,0,0,2,0,0,2,0,0,0,0,0,0,22,0.0,1,0,1,0,0,3.7360069464476564,0,0.18518518518518517,0,0,0.0039952061376365994
40,32,1,0,5,0,0,3,0,0,0,0,0,5,26,0.125,0,0,4,0,0,4.375070520364181,0,0.225,1,1,1.0
22,14,0,0,2,0,0,2,0,0,0,0,0,0,17,0.0,1,0,1,0,0,3.754441845713345,0,0.22727272727272727,0,0,0.022352039536623132
36,27,1,0,3,1,0,3,0,0,0,0,0,0,28,0.0,1,0,2,0,1,4.363826390090815,0,0.2222222222222222,1,1,0.985546643809964
99,15,76,0,2,2,0,7,0,0,0,0,0,7,80,0.0707070707070707,1,0,1,0,0,4.725585021797572,0,0.12121212121212122,1,1,1.0
26,18,0,0,2,0,0,2,0,0,0,0,0,0,21,0.0,1,0,1,0,0,4.132944044980958,0,0.19230769230769232,0,0,0.007033282331541619
21,14,0,0,2,0,0,2,0,0,0,0,0,0,16,0.0,0,0,1,0,0,3.653756708287001,0,0.23809523809523808,1,1,0.9737310891449493
29,21,0,0,2,0,0,2,0,0,0,0,0,0,24,0.0,1,0,1,0,0,3.745406425938248,0,0.1724137931034483,0,0,0.006529407979116419
90,73,9,0,4,0,0,3,0,0,0,0,0,16,66,0.17777777777777778,1,0,2,0,0,4.868373830346845,1,0.08888888888888889,1,1,1.0
25,17,0,0,2,0,0,2,0,0,0,0,0,0,20,0.0,1,0,1,0,0,3.6234651896016468,0,0.2,0,0,0.0036622037767091676
22,14,0,0,2,0,0,2,0,0,0,0,0,4,13,0.18181818181818182,1,0,1,0,0,3.788754913993503,0,0.22727272727272727,0,0,0.19003925561890458
24,16,0,0,2,0,0,2,0,0,0,0,0,0,19,0.0,1,0,1,0,0,3.66829583405449,0,0.20833333333333334,0,0,0.0054823693991794195
35,27,1,0,3,0,0,3,0,0,0,0,0,7,21,0.2,0,0,2,0,0,4.085588016574086,0,0.2,1,1,1.0
48,39,1,0,3,2,0,3,0,0,0,0,0,6,33,0.125,1,0,2,0,0,4.53778203183594,0,0.1875,1,1,1.0
99,15,77,0,1,2,1,10,0,0,0,0,0,0,84,0.0,0,0,0,0,0,4.358675439576007,0,0.15151515151515152,1,1,1.0
30,22,0,0,2,0,0,2,0,0,0,0,0,0,25,0.0,1,0,1,0,0,3.7647351787255046,0,0.16666666666666666,0,0,0.004974177627871585
29,21,0,0,2,0,0,2,0,0,0,0,0,0,24,0.0,1,0,1,0,1,3.9783335811852636,0,0.1724137931034483,0,0,0.015876268175321215
24,15,1,0,2,0,0,3,0,0,0,0,0,0,18,0.0,1,0,1,0,0,3.688721875540867,0,0.25,1,1,1.0
30,22,0,0,3,1,0,2,0,0,0,0,0,0,23,0.0,1,0,2,0,0,3.9647351787255047,0,0.23333333333333334,0,0,0.006838289373160903
28,21,0,0,2,1,0,2,0,0,0,0,0,0,22,0.0,0,0,1,0,0,4.012188403968661,0,0.21428571428571427,1,1,0.9693574778373257
38,30,0,0,4,0,0,2,0,0,0,0,0,0,31,0.0,1,0,3,0,0,4.198603750787606,0,0.18421052631578946,1,0,0.27342273299153635
38,30,0,0,2,0,0,2,0,0,0,0,0,0,33,0.0,1,0,1,0,0,4.023471592049353,0,0.13157894736842105,0,0,0.004176500404668791
29,21,0,0,2,0,0,2,0,0,0,0,0,0,24,0.0,1,0,1,0,0,3.9523029776623857,0,0.1724137931034483,0,0,0.005551052972240481
28,19,1,0,2,2,0,3,0,0,0,0,0,1,19,0.03571428571428571,1,0,1,0,0,3.9137995646056805,0,0.2857142857142857,1,1,1.0
49,21,20,0,2,2,0,3,0,0,0,0,0,0,41,0.0,1,0,1,0,1,4.229519987361591,0,0.16326530612244897,1,1,0.9985870833333333
37,30,0,0,2,0,0,2,0,0,0,0,0,0,32,0.0,0,0,1,0,0,4.208924987016684,0,0.13513513513513514,1,1,0.9638745835417681
27,19,0,0,2,0,0,2,0,0,0,0,0,0,22,0.0,1,0,1,0,0,4.060262039120378,0,0.18518518518518517,0,0,0.011615360845647432
23,15,0,0,2,0,0,2,0,0,0,0,0,0,18,0.0,1,0,1,0,0,3.675310868912364,0,0.21739130434782608,0,0,0.009622496680157706
39,31,0,0,2,0,0,2,0,0,0,0,0,0,34,0.0,1,0,1,0,0,4.150410872541982,0,0.1282051282051282,0,0,0.009044517222050779
25,17,1,0,1,0,0,3,0,0,0,0,0,0,20,0.0,0,0,0,0,0,3.8634651896016465,0,0.2,1,1,1.0
55,14,34,0,3,2,0,5,0,0,0,0,0,7,37,0.12727272727272726,0,0,1,0,0,4.467926423387795,0,0.2,1,1,1.0
29,22,0,0,2,0,0,2,0,0,0,0,0,0,24,0.0,0,0,1,0,0,3.9262723741395074,0,0.1724137931034483,1,1,0.9888901218503626
29,21,0,0,2,0,0,2,0,0,0,0,0,0,24,0.0,1,0,1,0,0,4.073329701949522,0,0.1724137931034483,0,0,0.025800702385302146
43,17,19,0,2,0,0,6,0,0,0,0,0,11,23,0.2558139534883721,0,0,1,0,0,4.25116417300487,0,0.20930232558139536,1,1,1.0
35,26,1,0,2,1,0,3,0,0,0,0,0,1,27,0.02857142857142857,1,0,1,0,0,4.147439360470672,0,0.2,1,1,0.9982512505801661
33,26,0,0,3,0,0,2,0,0,0,0,0,0,27,0.0,0,0,2,0,0,3.98319563424773,0,0.18181818181818182,1,1,0.9877026633949169
56,22,26,0,4,0,1,5,0,0,0,0,0,0,45,0.0,1,0,2,0,0,4.218181378134552,0,0.19642857142857142,1,1,1.0
27,19,0,0,2,0,0,2,0,0,0,0,0,0,22,0.0,1,0,1,0,0,3.930270372293454,0,0.18518518518518517,0,0,0.004732439099188848
30,23,0,0,3,0,0,2,0,0,0,0,0,0,24,0.0,0,0,2,0,0,3.9647351787255047,0,0.2,1,1,0.9820461684532601
24,16,0,0,2,0,0,2,0,0,0,0,0,0,19,0.0,1,0,1,0,0,3.9701755214643457,0,0.20833333333333334,0,0,0.005905620775876425
28,20,0,0,2,0,0,2,0,0,0,0,0,0,23,0.0,1,0,1,0,0,3.9677201004744997,0,0.17857142857142858,0,0,0.00683287457054348
23,15,0,0,2,0,0,2,0,0,0,0,0,0,18,0.0,1,0,1,0,0,3.5883543471732335,0,0.21739130434782608,0,0,0.01167112548292048
35,27,0,0,2,0,0,2,0,0,0,0,0,0,30,0.0,1,0,1,0,0,4.343289445392767,0,0.14285714285714285,0,0,0.008891433598769425
28,20,0,0,3,1,0,2,0,0,0,0,0,0,21,0.0,1,0,2,0,0,3.7673757978160416,0,0.25,0,0,0.006844497281466782
26,18,0,0,2,0,0,2,0,0,0,0,0,2,19,0.07692307692307693,1,0,1,0,0,4.085055102756476,0,0.19230769230769232,0,0,0.07392362352732264
22,14,0,0,2,0,0,2,0,0,0,0,0,0,17,0.0,1,0,1,0,0,3.6635327548042547,0,0.22727272727272727,0,0,0.014183225813440083
24,16,0,0,2,0,0,2,0,0,0,0,0,0,19,0.0,1,0,1,0,0,3.8035088547976788,0,0.20833333333333334,0,0,0.00550127317221087
30,22,0,0,2,1,0,2,0,0,0,0,0,0,24,0.0,1,0,1,0,0,3.9232314287976204,0,0.2,0,0,0.023410071445990215
27,19,0,0,2,1,0,2,0,0,0,0,0,0,21,0.0,1,0,1,0,0,4.106377316818028,0,0.2222222222222222,0,0,0.13960522600873168
20,12,0,0,3,0,0,2,0,0,0,0,0,0,14,0.0,1,0,2,0,0,3.3464393446710154,0,0.3,0,0,0.03538892742475106
18,10,0,0,2,0,0,2,0,0,0,0,0,0,13,0.0,1,0,1,0,0,3.419381945646371,0,0.2777777777777778,0,0,0.0041895600508676375
31,23,0,0,2,0,0,2,0,0,0,0,0,0,26,0.0,1,0,1,0,0,3.9134007456613777,0,0.16129032258064516,0,0,0.004214823611314164
23,16,0,0,3,0,0,2,0,0,0,0,0,0,17,0.0,0,0,2,0,0,3.7622673906514943,0,0.2608695652173913,1,1,0.9649836598678526
24,16,0,0,2,0,0,2,0,0,0,0,0,0,19,0.0,1,0,1,0,0,3.7201755214643453,0,0.20833333333333334,0,0,0.005364499988881662
28,20,0,0,2,0,0,2,0,0,0,0,0,0,23,0.0,1,0,1,0,0,3.869331261111518,0,0.17857142857142858,0,0,0.008075687736109968
26,19,0,0,2,1,0,2,0,0,0,0,0,0,20,0.0,0,0,1,0,0,4.056020968057881,0,0.23076923076923078,1,1,0.979355456954057
23,15,0,0,2,0,0,2,0,0,0,0,0,0,18,0.0,1,0,1,0,0,4.0559581516151235,0,0.21739130434782608,0,0,0.01619806817136383
35,27,0,0,2,1,0,2,0,0,0,0,0,0,29,0.0,1,0,1,0,0,4.171860873964196,0,0.17142857142857143,0,0,0.033297249535992154
30,22,0,0,2,1,0,2,0,0,0,0,0,0,24,0.0,1,0,1,0,0,3.8817276788697366,0,0.2,0,0,0.09261579911218748
57,48,1,0,2,2,0,3,0,0,0,0,0,0,49,0.0,1,0,1,0,0,4.01098700658642,0,0.14035087719298245,1,1,1.0
30,23,0,0,3,0,0,2,0,0,0,0,0,0,24,0.0,0,0,2,0,0,3.8729055953200557,0,0.2,1,1,0.9798385348539258
25,17,0,0,2,0,0,2,0,0,0,0,0,0,20,0.0,1,0,1,0,0,3.8634651896016465,0,0.2,0,0,0.0039272796960064665
88,15,65,0,2,0,0,4,0,0,0,0,0,11,70,0.125,1,0,1,0,0,4.700702573517884,0,0.07954545454545454,1,1,1.0
41,34,0,0,2,2,0,2,0,0,0,0,0,7,27,0.17073170731707318,0,0,1,0,0,4.716950480069538,0,0.17073170731707318,1,1,0.9757286156994072
22,14,0,0,2,0,0,2,0,0,0,0,0,0,17,0.0,1,0,1,0,0,3.788754913993503,0,0.22727272727272727,0,0,0.01743044864218114
28,20,0,0,2,0,0,2,0,0,0,0,0,0,23,0.0,1,0,1,0,0,3.9677201004744997,0,0.17857142857142858,0,0,0.00683287457054348
109,19,82,0,2,2,0,5,0,0,0,0,0,7,92,0.06422018348623854,1,0,0,0,0,4.793426876628102,0,0.09174311926605505,1,1,1.0
23,16,0,0,2,1,0,2,0,0,0,0,0,0,17,0.0,0,0,1,0,0,3.882045108136863,0,0.2608695652173913,1,1,0.9741886027725707
84,57,19,0,5,3,0,3,0,0,0,0,0,10,62,0.11904761904761904,1,0,3,0,0,4.771424828511843,1,0.14285714285714285,1,1,1.0
23,15,0,0,2,0,0,2,0,0,0,0,0,0,18,0.0,1,0,1,0,0,3.9690016298759936,0,0.21739130434782608,0,0,0.013642207161904406
28,20,0,0,2,1,0,2,0,0,0,0,0,0,22,0.0,1,0,1,0,0,3.6820058147602133,0,0.21428571428571427,0,0,0.03113126861235558
30,21,1,0,2,1,0,3,0,0,0,0,0,3,20,0.1,1,0,1,0,0,3.9647351787255043,0,0.23333333333333334,1,1,1.0
19,10,1,0,1,1,0,3,0,0,0,0,0,0,13,0.0,1,0,0,0,0,3.7871439606981383,0,0.3157894736842105,1,1,1.0
22,14,0,0,2,0,0,2,0,0,0,0,0,0,17,0.0,1,0,1,0,0,3.629219686524097,0,0.22727272727272727,0,0,0.01487581762780018
29,21,0,0,3,0,0,2,0,0,0,0,0,0,23,0.0,1,0,2,0,0,4.021268494903765,0,0.20689655172413793,0,0,0.009392769403543924
28,20,0,0,2,0,0,2,0,0,0,0,0,0,23,0.0,1,0,1,0,0,3.9137995646056796,0,0.17857142857142858,0,0,0.0062027140142167795
32,24,0,0,2,1,0,2,0,0,0,0,0,0,26,0.0,1,0,1,0,0,3.7150182662886326,0,0.1875,0,0,0.016205902073839942
30,22,0,0,2,0,0,2,0,0,0,0,0,0,25,0.0,1,0,1,0,0,3.923231428797621,0,0.16666666666666666,0,0,0.004360213646522737
28,20,0,0,2,0,0,2,0,0,0,0,0,0,23,0.0,1,0,1,0,0,3.937193208607594,0,0.17857142857142858,0,0,0.006802621866933727
32,24,0,0,2,0,0,2,0,0,0,0,0,0,27,0.0,1,0,1,0,0,3.875,0,0.15625,0,0,0.017716902984816048
50,36,7,0,5,2,0,3,0,0,0,0,0,0,39,0.0,0,0,3,0,0,3.9308813799398323,0,0.22,1,1,1.0
44,36,0,0,3,4,0,2,0,0,0,0,0,0,34,0.0,1,0,2,0,0,4.317052925307969,0,0.22727272727272727,0,0,0.34948810787736756
31,15,8,0,2,0,0,3,0,0,0,0,0,0,25,0.0,1,0,0,0,0,3.550655181215038,0,0.1935483870967742,1,1,1.0
28,20,0,0,3,0,0,2,0,0,0,0,0,0,22,0.0,1,0,2,0,0,4.110577243331643,0,0.21428571428571427,0,0,0.009407505470807249
21,13,0,0,3,0,0,2,0,0,0,0,0,0,15,0.0,1,0,2,0,0,3.6537567082870015,0,0.2857142857142857,0,0,0.0045703237515657335
99,15,76,0,2,0,0,7,0,0,0,0,0,16,73,0.16161616161616163,1,0,1,0,0,4.839553182119222,0,0.10101010101010101,1,1,1.0
24,16,0,0,2,0,0,2,0,0,0,0,0,0,19,0.0,1,0,1,0,0,3.8553885422075345,0,0.20833333333333334,0,0,0.005451851578679096
55,19,29,0,4,1,0,5,0,0,0,0,0,5,39,0.09090909090909091,0,0,1,0,1,4.290920287142166,0,0.2,1,1,1.0
26,18,0,0,2,0,0,2,0,0,0,0,0,0,21,0.0,1,0,1,0,0,3.8252517372886503,0,0.19230769230769232,0,0,0.017886606571311466
32,25,0,0,2,0,0,2,0,0,0,0,0,0,27,0.0,0,0,1,0,0,3.8667292966721747,0,0.15625,1,1,0.9743107270262965
28,20,0,0,2,0,0,2,0,0,0,0,0,0,23,0.0,1,0,1,0,0,3.8962915290459277,0,0.17857142857142858,0,0,0.006509090438530513
27,19,0,0,2,1,0,2,0,0,0,0,0,0,21,0.0,1,0,1,0,0,4.032303242743953,0,0.2222222222222222,0,0,0.03238128144015912
28,21,0,0,2,0,0,2,0,0,0,0,0,0,23,0.0,0,0,1,0,0,3.967720100474499,0,0.17857142857142858,1,1,0.9805257012905227
24,16,0,0,2,0,0,2,0,0,0,0,0,0,19,0.0,1,0,1,0,0,3.569773835029478,0,0.20833333333333334,0,0,0.0066916916642598065
31,23,0,0,2,0,0,2,0,0,0,0,0,0,26,0.0,1,0,1,0,0,4.026619294188054,0,0.16129032258064516,0,0,0.005072175452277715
21,14,0,0,2,0,0,2,0,0,0,0,0,0,16,0.0,0,0,1,0,0,3.5585186130489066,0,0.23809523809523808,1,1,0.9757794509851898
27,20,0,0,3,0,0,2,0,0,0,0,0,7,14,0.25925925925925924,0,0,2,0,0,4.032303242743953,0,0.2222222222222222,1,1,1.0
28,19,1,0,2,0,0,3,0,0,0,0,0,0,22,0.0,1,0,1,0,0,3.869331261111518,0,0.21428571428571427,1,1,1.0
32,24,0,0,2,0,0,2,0,0,0,0,0,0,27,0.0,1,0,1,0,0,3.9292292966721747,0,0.15625,0,0,0.10006465608632352
19,11,0,0,2,0,0,2,0,0,0,0,0,0,14,0.0,1,0,1,0,0,3.5766176449086657,0,0.2631578947368421,0,0,0.005149518898988455
36,29,0,0,2,0,0,2,0,0,0,0,0,0,31,0.0,0,0,1,0,0,4.117861029749889,0,0.1388888888888889,1,1,0.9682829009868048
21,13,0,0,3,0,0,2,0,0,0,0,0,0,15,0.0,1,0,2,0,0,3.5585186130489066,0,0.2857142857142857,0,0,0.005552514166838968
48,39,1,0,3,2,0,3,0,0,0,0,0,1,38,0.020833333333333332,1,0,2,0,0,4.189260032810927,0,0.1875,1,1,1.0
83,16,59,0,3,0,1,5,0,0,0,0,0,32,41,0.3855421686746988,1,0,1,0,0,4.69504918515939,0,0.12048192771084337,1,1,1.0
29,22,0,0,2,0,0,2,0,0,0,0,0,0,24,0.0,0,0,1,0,0,3.9262723741395074,0,0.1724137931034483,1,1,0.9888901218503626
26,18,0,0,2,1,0,2,0,0,0,0,0,0,20,0.0,1,0,1,0,0,3.9021748142117274,0,0.23076923076923078,0,0,0.008951373691738585
33,24,1,0,1,1,0,3,0,0,0,0,0,1,26,0.030303030303030304,1,0,0,0,0,4.369707376737532,0,0.18181818181818182,1,1,0.9966666666666667
30,22,0,0,2,0,0,2,0,0,0,0,0,0,25,0.0,1,0,1,0,0,3.923231428797621,0,0.16666666666666666,0,0,0.004360213646522737
35,5,22,0,1,0,0,3,0,0,0,0,0,0,30,0.0,1,0,0,0,0,4.150292659616668,0,0.14285714285714285,1,1,0.9989030682387954
27,20,0,0,2,2,0,2,0,0,0,0,0,0,20,0.0,0,0,1,0,0,3.8841550945958048,0,0.25925925925925924,1,1,0.98495368147466
52,16,28,0,3,2,0,5,0,0,0,0,0,0,41,0.0,1,0,1,0,0,4.044417911632347,0,0.21153846153846154,1,1,1.0
27,19,0,0,2,0,0,2,0,0,0,0,0,0,22,0.0,1,0,1,0,0,3.8659986132745803,0,0.18518518518518517,0,0,0.006135218630085277
26,18,0,0,2,0,0,2,0,0,0,0,0,0,21,0.0,1,0,1,0,0,3.902174814211728,0,0.19230769230769232,0,0,0.003727924127110542
31,24,0,0,3,0,0,2,0,0,0,0,0,1,24,0.03225806451612903,0,0,2,0,0,4.042433003725894,0,0.1935483870967742,1,1,0.9940794063323699
27,19,0,0,2,0,0,2,0,0,0,0,0,0,22,0.0,1,0,1,0,0,3.7360069464476564,0,0.18518518518518517,0,0,0.0039952061376365994
37,29,0,0,2,0,0,2,0,0,0,0,0,0,32,0.0,1,0,1,0,0,4.1317695012795665,0,0.13513513513513514,0,0,0.0028287488077564293
59,52,0,0,4,3,0,2,0,0,0,0,0,1,48,0.01694915254237288,0,0,3,0,0,4.342069269877415,1,0.1694915254237288,1,1,0.9957702170407381
29,21,0,0,2,0,0,2,0,0,0,0,0,0,24,0.0,1,0,1,0,0,4.1162646156680225,0,0.1724137931034483,0,0,0.012425061540673205
21,13,0,0,3,0,0,2,0,0,0,0,0,0,15,0.0,1,0,2,0,0,3.6537567082870015,0,0.2857142857142857,0,0,0.0045703237515657335
18,10,0,0,2,0,0,2,0,0,0,0,0,0,13,0.0,1,0,1,0,0,3.350209029099897,0,0.2777777777777778,0,0,0.004135081384393822
27,20,0,0,3,0,0,2,0,0,0,0,0,0,21,0.0,0,0,2,0,0,4.004344446367528,0,0.2222222222222222,1,1,0.9757730394195397
32,24,0,0,3,0,0,2,0,0,0,0,0,0,26,0.0,1,0,2,0,0,4.241729296672174,0,0.1875,0,0,0.009386378978294814
74,12,14,39,2,0,0,4,1,2,1,0,0,22,41,0.2972972972972973,1,0,0,2,1,4.632656902276233,0,0.14864864864864866,1,1,1.0
20,13,0,0,2,0,0,2,0,0,0,0,0,0,15,0.0,0,0,1,0,0,3.546439344671015,0,0.25,1,1,0.9821950658287005
27,20,0,0,2,0,0,2,0,0,0,0,0,0,22,0.0,0,0,1,0,0,3.8841550945958043,0,0.18518518518518517,1,1,0.9776876926050001
28,20,0,0,2,0,0,2,0,0,0,0,0,0,23,0.0,1,0,1,0,0,3.878783493486176,0,0.17857142857142858,0,0,0.008076194723942531
25,18,0,0,3,0,0,2,0,0,0,0,0,0,19,0.0,0,0,2,0,0,3.7230741894285693,0,0.24,1,1,0.9854466551949362
21,14,0,0,2,0,0,2,0,0,0,0,0,0,16,0.0,0,0,1,0,0,3.689703732199548,0,0.23809523809523808,1,1,0.97312417488659
25,17,0,0,2,0,0,2,0,0,0,0,0,0,20,0.0,1,0,1,0,0,3.6994705707972515,0,0.2,0,0,0.0034251323831568465
33,25,0,0,2,1,0,2,0,0,0,0,0,0,27,0.0,1,0,1,0,0,4.142138437212474,0,0.18181818181818182,0,0,0.053901796303209494
25,17,0,0,2,0,0,2,0,0,0,0,0,0,20,0.0,1,0,1,0,0,3.943465189601646,0,0.2,0,0,0.0025758722558427067
31,23,0,0,2,1,0,2,0,0,0,0,0,0,25,0.0,1,0,1,0,0,3.897587036123537,0,0.1935483870967742,0,0,0.008656929939139427
16,9,0,0,2,0,0,2,0,0,0,0,0,1,10,0.0625,0,0,1,0,0,3.327819531114783,0,0.3125,1,1,0.955579706051882
44,35,1,0,2,3,0,3,0,0,0,0,0,0,35,0.0,1,0,1,0,0,4.299896391167891,0,0.20454545454545456,1,1,1.0
25,17,0,0,2,0,0,2,0,0,0,0,0,0,20,0.0,1,0,1,0,0,4.053660689688185,0,0.2,0,0,0.004912225321018954
28,20,0,0,2,0,0,2,0,0,0,0,0,0,23,0.0,1,0,1,0,0,3.770942421748537,0,0.17857142857142858,0,0,0.00656703308470026
29,21,0,0,2,0,0,2,0,0,0,0,0,0,24,0.0,1,0,1,0,0,3.745406425938248,0,0.1724137931034483,0,0,0.006529407979116419
26,18,0,0,2,0,0,2,0,0,0,0,0,0,21,0.0,1,0,1,0,0,4.056020968057881,0,0.19230769230769232,0,0,0.0058260547090382715
24,16,0,0,2,0,0,2,0,0,0,0,0,0,19,0.0,1,0,1,0,0,3.6368421881310122,0,0.20833333333333334,0,0,0.006141593138909664
27,19,0,0,2,0,0,2,0,0,0,0,0,0,22,0.0,1,0,1,0,0,3.9121138909722295,0,0.18518518518518517,0,0,0.004712982618447872
34,25,1,0,2,1,0,3,0,0,0,0,0,6,21,0.17647058823529413,1,0,1,0,0,4.373796296941798,0,0.20588235294117646,1,1,1.0
36,27,1,0,2,2,0,3,0,0,0,0,0,6,22,0.16666666666666666,1,0,1,0,0,4.173416585305445,0,0.2222222222222222,1,1,1.0
31,23,0,0,3,0,0,2,0,0,0,0,0,0,25,0.0,1,0,2,0,0,4.235981390822668,0,0.1935483870967742,0,0,0.01390196324976582
26,18,0,0,2,0,0,2,0,0,0,0,0,0,21,0.0,1,0,1,0,0,3.902174814211728,0,0.19230769230769232,0,0,0.003727924127110542
30,22,0,0,2,0,0,2,0,0,0,0,0,0,25,0.0,1,0,1,0,0,4.031401845392172,0,0.16666666666666666,0,0,0.005982794053951009
29,21,0,0,2,0,0,2,0,0,0,0,0,0,24,0.0,1,0,1,0,0,3.840402546702505,0,0.1724137931034483,0,0,0.008372027405062704
51,42,1,0,3,1,0,3,0,0,0,0,0,0,43,0.0,1,0,2,0,0,4.0862713617836315,0,0.1568627450980392,1,1,1.0
39,31,0,0,3,0,0,2,0,0,0,0,0,0,33,0.0,1,0,2,0,0,4.092342603144791,0,0.15384615384615385,0,0,0.083019901174272
30,22,0,0,4,0,0,2,0,0,0,0,0,0,23,0.0,1,0,3,0,0,3.81506101220307,0,0.23333333333333334,0,0,0.008128306343728868
22,15,0,0,2,1,0,2,0,0,0,0,0,0,16,0.0,0,0,1,0,0,3.697845823084412,0,0.2727272727272727,1,1,0.980222179536953
19,10,1,0,1,0,0,3,0,0,0,0,0,4,10,0.21052631578947367,1,0,0,0,0,3.681880802803402,0,0.2631578947368421,1,1,1.0
48,41,0,0,5,2,0,2,0,0,0,0,0,3,35,0.0625,0,0,4,0,0,4.418833991324551,0,0.20833333333333334,1,1,1.0
35,27,0,0,2,0,0,2,0,0,0,0,0,0,30,0.0,1,0,1,0,0,4.107156230921613,0,0.14285714285714285,0,0,0.002891307286799735
29,21,0,0,2,0,0,2,0,0,0,0,0,0,24,0.0,1,0,1,0,0,3.65041030517399,0,0.1724137931034483,0,0,0.0062099001590306836
21,13,0,0,2,0,0,2,0,0,0,0,0,0,16,0.0,1,0,1,0,0,3.558518613048906,0,0.23809523809523808,0,0,0.010524297992008323
28,20,0,0,2,0,0,2,0,0,0,0,0,0,23,0.0,1,0,1,0,0,3.9232517969803373,0,0.17857142857142858,0,0,0.0062027140142167795
27,19,0,0,2,0,0,2,0,0,0,0,0,0,22,0.0,1,0,1,0,0,3.754163427768881,0,0.18518518518518517,0,0,0.0039952061376365994
22,14,1,0,1,1,0,3,0,0,0,0,0,0,16,0.0,0,0,0,0,0,3.754441845713345,0,0.2727272727272727,1,1,1.0
24,16,0,0,2,0,0,2,0,0,0,0,0,0,19,0.0,1,0,1,0,0,3.8035088547976788,0,0.20833333333333334,0,0,0.00550127317221087
32,24,0,0,2,0,0,2,0,0,0,0,0,0,27,0.0,1,0,1,0,0,4.179229296672174,0,0.15625,0,0,0.00932305458081863
64,46,10,0,3,0,0,3,0,0,0,0,0,0,57,0.0,1,0,1,0,1,4.229683985216441,0,0.109375,1,1,0.9994821398573632
43,35,0,0,4,0,0,2,0,0,0,0,0,0,36,0.0,1,0,3,0,0,3.958371371475034,0,0.16279069767441862,0,0,0.43358891814313644
22,15,0,0,2,0,0,2,0,0,0,0,0,0,17,0.0,0,0,1,0,0,3.788754913993503,0,0.22727272727272727,1,1,0.9705598557053348
32,24,0,0,2,0,0,2,0,0,0,0,0,0,27,0.0,1,0,1,0,0,3.952819531114783,0,0.15625,0,0,0.008928299707288402
23,15,0,0,2,0,0,2,0,0,0,0,0,3,15,0.13043478260869565,1,0,1,0,0,3.9690016298759936,0,0.21739130434782608,0,0,0.044234678418843335
20,12,0,0,3,0,0,2,0,0,0,0,0,0,14,0.0,1,0,2,0,0,3.5464393446710156,0,0.3,0,0,0.04071345511729783
33,25,0,0,3,0,0,2,0,0,0,0,0,0,27,0.0,1,0,2,0,0,4.020926316000352,0,0.18181818181818182,0,0,0.010170274465428727
22,14,0,0,2,0,0,2,0,0,0,0,0,0,17,0.0,1,0,1,0,0,3.538310595615006,0,0.22727272727272727,0,0,0.012582616153236418
29,21,0,0,2,0,0,2,0,0,0,0,0,0,24,0.0,1,0,1,0,0,3.8833374604210067,0,0.1724137931034483,0,0,0.007443761570009687
18,10,0,0,2,0,0,2,0,0,0,0,0,0,13,0.0,1,0,1,0,0,3.127986806877675,0,0.2777777777777778,0,0,0.0028720187085362423
25,17,0,0,2,0,0,2,0,0,0,0,0,0,20,0.0,1,0,1,0,0,3.8634651896016465,0,0.2,0,0,0.0039272796960064665
26,18,0,0,2,0,0,2,0,0,0,0,0,0,21,0.0,1,0,1,0,0,3.9790978911348045,0,0.19230769230769232,0,0,0.004194649840584041
37,30,0,0,3,0,0,2,0,0,0,0,0,0,31,0.0,0,0,2,0,0,4.195675662809305,0,0.16216216216216217,1,1,0.9680384290172909
25,17,0,0,2,0,0,2,0,0,0,0,0,0,20,0.0,1,0,1,0,0,3.843856189774724,0,0.2,0,0,0.00404049405059699
27,19,0,0,2,0,0,2,0,0,0,0,0,0,22,0.0,1,0,1,0,0,3.8561962982193796,0,0.18518518518518517,0,0,0.006135218630085277
56,49,0,0,4,3,0,2,0,0,0,0,0,3,43,0.05357142857142857,0,0,3,0,0,4.495141646068961,0,0.17857142857142858,1,1,1.0
34,26,0,0,2,0,0,2,0,0,0,0,0,0,29,0.0,1,0,1,0,0,4.138502179294739,0,0.14705882352941177,0,0,0.006113656784811768
35,27,1,0,3,0,0,3,0,0,0,0,0,4,24,0.11428571428571428,0,0,2,0,0,4.085588016574086,0,0.2,1,1,1.0
33,25,0,0,2,0,0,2,0,0,0,0,0,0,28,0.0,1,0,1,0,0,4.2107645737727895,0,0.15151515151515152,0,0,0.02243097027513293
51,11,32,0,2,0,0,6,0,0,0,0,0,0,42,0.0,1,0,0,0,2,4.0542032828934405,0,0.17647058823529413,1,1,1.0
28,20,0,0,2,0,0,2,0,0,0,0,0,0,23,0.0,1,0,1,0,0,3.869331261111518,0,0.17857142857142858,0,0,0.008075687736109968
26,19,0,0,2,0,0,2,0,0,0,0,0,0,21,0.0,0,0,1,0,0,3.7962176025900556,0,0.19230769230769232,1,1,0.9923041919600268
51,42,1,0,3,2,0,3,0,0,0,0,0,6,36,0.11764705882352941,1,0,2,0,0,4.191074851351209,0,0.17647058823529413,1,1,1.0
30,23,0,0,2,0,0,2,0,0,0,0,0,0,25,0.0,0,0,1,0,0,4.173557262275185,0,0.16666666666666666,1,1,0.978647128632053
26,18,0,0,2,0,0,2,0,0,0,0,0,0,21,0.0,1,0,1,0,0,3.8731406795131327,0,0.19230769230769232,0,0,0.005348427811046243
22,14,0,0,3,0,0,2,0,0,0,0,0,0,16,0.0,1,0,2,0,0,3.5726236638951634,0,0.2727272727272727,0,0,0.005819568794325204
30,22,0,0,2,0,0,2,0,0,0,0,0,0,25,0.0,1,0,1,0,0,3.9362434129830604,0,0.16666666666666666,0,0,0.004922432951000173
29,21,0,0,2,1,0,2,0,0,0,0,0,0,23,0.0,1,0,1,0,0,3.857306856898128,0,0.20689655172413793,0,0,0.02931759566860639
22,14,0,0,2,0,0,2,0,0,0,0,0,0,17,0.0,1,0,1,0,0,3.572623663895164,0,0.22727272727272727,0,0,0.013892352074782982
21,13,0,0,3,0,0,2,0,0,0,0,0,0,15,0.0,1,0,2,0,0,3.403989446485262,0,0.2857142857142857,0,0,0.004057976569730399
22,14,0,0,2,0,0,2,0,0,0,0,0,0,17,0.0,1,0,1,0,0,3.6069367321753214,0,0.22727272727272727,0,0,0.013892352074782982
26,19,0,0,2,0,0,2,0,0,0,0,0,0,21,0.0,0,0,1,0,0,3.9790978911348045,0,0.19230769230769232,1,1,0.9923256673702195
26,18,0,0,2,0,0,2,0,0,0,0,0,0,21,0.0,1,0,1,0,0,3.767183467891461,0,0.19230769230769232,0,0,0.005432964222511789
29,21,0,0,2,0,0,2,0,0,0,0,0,0,24,0.0,1,0,1,0,0,3.8798938235206664,0,0.1724137931034483,0,0,0.008198516387835688
22,15,0,0,2,0,0,2,0,0,0,0,0,0,17,0.0,0,0,1,0,0,3.788754913993503,0,0.22727272727272727,1,1,0.9705598557053348
24,16,0,0,2,0,0,2,0,0,0,0,0,0,19,0.0,1,0,1,0,0,3.7720552088742005,0,0.20833333333333334,0,0,0.005417498700028583
31,23,0,0,2,0,0,2,0,0,0,0,0,0,26,0.0,1,0,1,0,0,3.9134007456613777,0,0.16129032258064516,0,0,0.004214823611314164
22,15,0,0,2,0,0,2,0,0,0,0,0,3,14,0.13636363636363635,0,0,1,0,0,3.572623663895164,0,0.22727272727272727,1,1,0.9884616835970685
36,27,1,0,2,0,0,3,0,0,0,0,0,0,30,0.0,1,0,1,0,0,4.030493056757482,0,0.16666666666666666,1,1,1.0
21,14,0,0,2,0,0,2,0,0,0,0,0,0,16,0.0,0,0,1,0,0,3.7849418274376427,0,0.23809523809523808,1,1,0.9722434590430602
27,20,0,0,3,0,0,2,0,0,0,0,0,0,21,0.0,0,0,2,0,0,3.8561962982193796,0,0.2222222222222222,1,1,0.9733074680487314
48,39,1,0,2,3,0,3,0,0,0,0,0,3,36,0.0625,1,0,1,0,0,4.360087760732172,0,0.1875,1,1,1.0
20,13,0,0,2,0,0,2,0,0,0,0,0,0,15,0.0,0,0,1,0,0,3.4841837197791885,0,0.25,1,1,0.9852053799238518
26,18,0,0,2,0,0,2,0,0,0,0,0,0,21,0.0,1,0,1,0,0,4.026986833359286,0,0.19230769230769232,0,0,0.005467869501421709
31,23,0,0,2,0,0,2,0,0,0,0,0,0,26,0.0,1,0,1,0,0,4.042433003725894,0,0.16129032258064516,0,0,0.005310445388312812
55,46,1,0,5,0,0,3,0,0,0,0,0,4,42,0.07272727272727272,1,0,4,0,0,4.467926423387795,0,0.16363636363636364,1,1,1.0
27,19,0,0,2,0,0,2,0,0,0,0,0,0,22,0.0,1,0,1,0,0,3.689891668750007,0,0.18518518518518517,0,0,0.003962772112783566
28,20,0,0,2,0,0,2,0,0,0,0,0,0,23,0.0,1,0,1,0,0,3.8248629576173565,0,0.17857142857142858,0,0,0.006448753291144667
46,37,1,0,2,2,0,3,0,0,0,0,0,4,34,0.08695652173913043,1,0,1,0,1,4.186954489636055,0,0.17391304347826086,1,1,1.0
28,21,0,0,2,0,0,2,0,0,0,0,0,0,23,0.0,0,0,1,0,0,4.208966082694624,0,0.17857142857142858,1,1,0.9639922994311568
49,31,10,0,2,2,0,3,0,0,0,0,0,0,41,0.0,1,0,0,0,3,4.1345195377278445,0,0.16326530612244897,1,1,1.0
40,32,0,0,2,0,0,2,0,0,0,0,0,0,35,0.0,1,0,1,0,0,3.891446071165521,0,0.125,0,0,0.003958134423555565
26,18,0,0,2,0,0,2,0,0,0,0,0,0,21,0.0,1,0,1,0,0,3.8731406795131327,0,0.19230769230769232,0,0,0.005348427811046243
28,21,0,0,2,0,0,2,0,0,0,0,0,0,23,0.0,0,0,1,0,0,3.8962915290459286,0,0.17857142857142858,1,1,0.9815818709235551
37,29,0,0,3,1,0,2,0,0,0,0,0,0,30,0.0,1,0,2,0,0,4.317033095124792,0,0.1891891891891892,0,0,0.04663996128128283
29,21,0,0,2,0,0,2,0,0,0,0,0,0,24,0.0,1,0,1,0,0,3.9523029776623857,0,0.1724137931034483,0,0,0.005551052972240481
21,14,0,0,2,0,0,2,0,0,0,0,0,0,16,0.0,0,0,1,0,0,3.880179922675738,0,0.23809523809523808,1,1,0.9730706199934047
31,23,0,0,2,0,0,2,0,0,0,0,0,0,26,0.0,1,0,1,0,0,3.8732358263763285,0,0.16129032258064516,0,0,0.005357268499544268
24,16,0,0,2,0,0,2,0,0,0,0,0,0,19,0.0,1,0,1,0,0,4.053508854797679,0,0.20833333333333334,0,0,0.0069669853214584495
32,24,0,0,2,0,0,2,0,0,0,0,0,1,26,0.03125,1,0,1,0,0,4.077819531114783,0,0.15625,0,0,0.012046342851259847
26,9,9,0,2,0,0,3,0,0,0,0,0,4,16,0.15384615384615385,1,0,1,0,1,3.979097891134804,0,0.23076923076923078,1,1,0.9933333333333333
22,14,0,0,3,0,0,2,0,0,0,0,0,0,16,0.0,1,0,2,0,0,3.7544418457133455,0,0.2727272727272727,0,0,0.006362296034076586
54,45,1,0,3,0,0,3,0,0,0,0,0,0,47,0.0,1,0,2,0,0,4.0351093273372065,0,0.12962962962962962,1,1,1.0
22,15,0,0,2,0,0,2,0,0,0,0,0,3,14,0.13636363636363635,0,0,1,0,0,3.879664004902594,0,0.22727272727272727,1,1,0.9957714867801212
33,25,0,0,2,0,0,2,0,0,0,0,0,0,28,0.0,1,0,1,0,0,4.104407755459851,0,0.15151515151515152,0,0,0.00731337703179946
36,27,1,0,2,0,0,3,0,0,0,0,0,11,19,0.3055555555555556,1,0,1,0,0,4.384795487373134,0,0.16666666666666666,1,1,1.0
37,29,0,0,2,0,0,2,0,0,0,0,0,0,32,0.0,1,0,1,0,0,4.1885226220933465,0,0.13513513513513514,0,0,0.0059012511859793775
23,14,1,0,2,0,0,3,0,0,0,0,0,0,17,0.0,1,0,1,0,0,3.501397825434103,0,0.2608695652173913,1,1,1.0
32,24,0,0,2,0,0,2,0,0,0,0,0,0,27,0.0,1,0,1,0,0,4.116729296672174,0,0.15625,0,0,0.008590874537941278
28,20,0,0,2,0,0,2,0,0,0,0,0,0,23,0.0,1,0,1,0,0,3.607010619399147,0,0.17857142857142858,0,0,0.005467649359944346
27,19,0,0,2,1,0,2,0,0,0,0,0,0,21,0.0,1,0,1,0,0,4.106377316818027,0,0.2222222222222222,0,0,0.13960522600873168
21,13,0,0,2,0,0,2,0,0,0,0,0,0,16,0.0,1,0,1,0,0,3.499227541723357,0,0.23809523809523808,0,0,0.01049770034854723
26,18,0,0,2,0,0,2,0,0,0,0,0,0,21,0.0,1,0,1,0,0,4.132944044980958,0,0.19230769230769232,0,0,0.007033282331541619
33,25,0,0,2,1,0,2,0,0,0,0,0,0,27,0.0,1,0,1,0,0,3.942438726128142,0,0.18181818181818182,0,0,0.035754749133666296
22,14,0,0,2,0,0,2,0,0,0,0,0,0,17,0.0,1,0,1,0,0,3.7321588913645694,0,0.22727272727272727,0,0,0.015139655322829052
32,24,0,0,2,0,0,2,0,0,0,0,0,0,27,0.0,1,0,1,0,0,4.093139062229566,0,0.15625,0,0,0.008567991280756693
26,18,0,0,3,0,0,2,0,0,0,0,0,0,20,0.0,1,0,2,0,0,3.8252517372886508,0,0.23076923076923078,0,0,0.00609260050912676
20,12,0,0,2,0,0,2,0,0,0,0,0,0,15,0.0,1,0,1,0,0,3.5841837197791886,0,0.25,0,0,0.006103523061771641
23,16,0,0,2,0,0,2,0,0,0,0,0,1,17,0.043478260869565216,0,0,1,0,0,3.6211755429194716,0,0.21739130434782608,1,1,0.9683740280941847
29,22,0,0,2,0,0,2,0,0,0,0,0,0,24,0.0,0,0,1,0,0,3.909368063943885,0,0.1724137931034483,1,1,0.9888901218503626
28,21,0,0,2,1,0,2,0,0,0,0,0,0,22,0.0,0,0,1,0,0,3.8248629576173565,0,0.21428571428571427,1,1,0.9678714656281238
29,21,0,0,2,0,0,2,0,0,0,0,0,0,24,0.0,1,0,1,0,0,4.0472990984266435,0,0.1724137931034483,0,0,0.0080522095047739
53,18,27,0,1,0,0,4,0,0,0,0,0,17,30,0.32075471698113206,1,0,0,0,0,4.420671161824627,0,0.11320754716981132,1,1,1.0
19,11,0,0,2,0,0,2,0,0,0,0,0,0,14,0.0,1,0,1,0,0,3.471354487013929,0,0.2631578947368421,0,0,0.004879182365489953
24,16,0,0,2,0,0,2,0,0,0,0,0,0,19,0.0,1,0,1,0,0,3.6887218755408675,0,0.20833333333333334,0,0,0.017097303856533737
25,17,0,0,2,0,0,2,0,0,0,0,0,0,20,0.0,1,0,1,0,0,3.8634651896016465,0,0.2,0,0,0.0039272796960064665
25,18,0,0,3,0,0,2,0,0,0,0,0,1,18,0.04,0,0,2,0,0,3.833269689515108,0,0.24,1,1,0.9915226696508538
28,20,0,0,2,0,0,2,0,0,0,0,0,0,23,0.0,1,0,1,0,0,3.94075983254009,0,0.17857142857142858,0,0,0.006802621866933727
28,20,0,0,2,0,0,2,0,0,0,0,0,0,23,0.0,1,0,1,0,0,3.869331261111519,0,0.17857142857142858,0,0,0.008075687736109968
51,37,7,0,5,2,0,3,0,0,0,0,0,0,40,0.0,0,0,3,0,0,3.939020871502711,0,0.21568627450980393,1,1,1.0
27,18,1,0,2,1,0,3,0,0,0,0,0,3,17,0.1111111111111111,1,0,1,0,0,4.078418520441603,0,0.25925925925925924,1,1,0.9980153922687501
25,17,0,0,3,0,0,2,0,0,0,0,0,0,19,0.0,1,0,2,0,0,3.833269689515108,0,0.24,0,0,0.005541231382994377
28,20,0,0,2,0,0,2,0,0,0,0,0,0,23,0.0,1,0,1,0,0,3.9677201004744997,0,0.17857142857142858,0,0,0.00683287457054348
21,14,0,0,2,0,0,2,0,0,0,0,0,0,16,0.0,0,0,1,0,0,3.653756708287002,0,0.23809523809523808,1,1,0.9737310891449493
18,10,0,0,2,0,0,2,0,0,0,0,0,0,13,0.0,1,0,1,0,0,3.4613201402110083,0,0.2777777777777778,0,0,0.0041895600508676375
22,14,0,0,2,0,0,2,0,0,0,0,0,0,17,0.0,1,0,1,0,0,3.5726236638951634,0,0.22727272727272727,0,0,0.013892352074782982
24,16,0,0,2,0,0,2,0,0,0,0,0,0,19,0.0,1,0,1,0,0,3.5220552088742005,0,0.20833333333333334,0,0,0.008502459850236357
32,24,0,0,2,0,0,2,0,0,0,0,0,0,27,0.0,1,0,1,0,0,3.9917292966721747,0,0.15625,0,0,0.008920411576691491
42,33,1,0,2,3,0,3,0,0,0,0,0,12,21,0.2857142857142857,1,0,1,0,0,4.225185279715573,0,0.21428571428571427,1,1,1.0
44,36,0,0,2,0,0,2,0,0,0,0,0,0,39,0.0,1,0,1,0,0,4.2461571189724285,0,0.11363636363636363,0,0,0.03962901305871896
33,25,0,0,3,0,0,2,0,0,0,0,0,0,27,0.0,1,0,2,0,0,4.150158513166728,0,0.18181818181818182,0,0,0.017209850664225066
23,16,0,0,3,0,0,2,0,0,0,0,0,0,17,0.0,0,0,2,0,0,3.7622673906514947,0,0.2608695652173913,1,1,0.9649836598678526
35,26,1,0,2,0,0,3,0,0,0,0,0,1,28,0.02857142857142857,1,0,1,0,0,4.171860873964196,0,0.17142857142857143,1,1,1.0
24,16,0,0,2,0,0,2,0,0,0,0,0,0,19,0.0,1,0,1,0,0,3.7720552088742005,0,0.20833333333333334,0,0,0.005417498700028583
18,10,0,0,2,0,0,2,0,0,0,0,0,0,13,0.0,1,0,1,0,0,3.4613201402110083,0,0.2777777777777778,0,0,0.0041895600508676375
26,18,0,0,2,0,0,2,0,0,0,0,0,0,21,0.0,1,0,1,0,0,3.5843031793467124,0,0.19230769230769232,0,0,0.00660245893909252
22,14,0,0,2,0,0,2,0,0,0,0,0,0,17,0.0,1,0,1,0,0,3.6978458230844122,0,0.22727272727272727,0,0,0.014792267275827395
37,29,0,0,2,0,0,2,0,0,0,0,0,0,32,0.0,1,0,1,0,0,4.175273297885967,0,0.13513513513513514,0,0,0.005956519792217424
170,32,130,0,5,9,0,7,0,1,0,3,0,59,84,0.34705882352941175,1,0,3,0,0,4.956541291136026,0,0.1588235294117647,1,1,1.0
25,17,0,0,2,0,0,2,0,0,0,0,0,0,20,0.0,1,0,1,0,0,3.9434651896016466,0,0.2,0,0,0.0025758722558427067
23,15,0,0,2,0,0,2,0,0,0,0,0,0,18,0.0,1,0,1,0,0,3.6753108689123644,0,0.21739130434782608,0,0,0.009622496680157706
26,18,0,0,2,0,0,2,0,0,0,0,0,1,20,0.038461538461538464,1,0,1,0,0,3.7004397181410917,0,0.19230769230769232,0,0,0.010357195252968838
56,38,10,0,3,1,0,3,0,0,0,0,0,0,48,0.0,1,0,1,0,0,4.085861565023532,0,0.14285714285714285,1,1,1.0
23,16,0,0,3,0,0,2,0,0,0,0,0,0,17,0.0,0,0,2,0,0,3.5227119556807582,0,0.2608695652173913,1,1,0.9614484776579657
41,32,1,0,2,1,0,3,0,0,0,0,0,1,33,0.024390243902439025,1,0,1,0,0,4.308294687333843,0,0.17073170731707318,1,1,1.0
22,14,0,0,2,1,0,2,0,0,0,0,0,0,16,0.0,1,0,1,0,0,3.6978458230844122,0,0.2727272727272727,0,0,0.0179486146075097
24,16,0,0,2,0,0,2,0,0,0,0,0,0,19,0.0,1,0,1,0,0,3.886842188131012,0,0.20833333333333334,0,0,0.005295858157184312
34,27,0,0,2,0,0,2,0,0,0,0,0,0,29,0.0,0,0,1,0,0,4.0796786498829745,0,0.14705882352941177,1,1,0.9860752170468714
24,16,0,0,2,0,0,2,0,0,0,0,0,0,19,0.0,1,0,1,0,0,3.855388542207534,0,0.20833333333333334,0,0,0.005451851578679096
26,18,0,0,2,0,0,2,0,0,0,0,0,0,21,0.0,1,0,1,0,0,3.7192945256669785,0,0.19230769230769232,0,0,0.005344884861171762
28,20,0,0,2,0,0,2,0,0,0,0,0,0,23,0.0,1,0,1,0,0,3.9677201004744997,0,0.17857142857142858,0,0,0.00683287457054348
26,18,0,0,2,0,0,2,0,0,0,0,0,0,21,0.0,1,0,1,0,0,4.132944044980958,0,0.19230769230769232,0,0,0.007033282331541619
29,22,0,0,2,0,0,2,0,0,0,0,0,6,18,0.20689655172413793,0,0,1,0,0,3.935398667466763,0,0.1724137931034483,1,1,0.9867941840814761
19,11,0,0,2,0,0,2,0,0,0,0,0,0,14,0.0,1,0,1,0,0,3.4316235658474303,0,0.2631578947368421,0,0,0.0041895600508676375
18,10,0,0,2,0,0,2,0,0,0,0,0,0,13,0.0,1,0,1,0,0,3.4613201402110083,0,0.2777777777777778,0,0,0.0041895600508676375
25,17,0,0,2,1,0,2,0,0,0,0,0,0,19,0.0,1,0,1,0,0,3.703465189601647,0,0.24,0,0,0.008482900683970927
34,26,0,0,2,0,0,2,0,0,0,0,0,0,29,0.0,1,0,1,0,0,4.256149238118268,0,0.14705882352941177,0,0,0.03152316932492337
35,27,0,0,2,0,0,2,0,0,0,0,0,0,30,0.0,1,0,1,0,0,4.085588016574086,0,0.14285714285714285,0,0,0.002929015629730012
22,14,0,0,2,0,0,2,0,0,0,0,0,0,17,0.0,1,0,1,0,0,3.6635327548042547,0,0.22727272727272727,0,0,0.014183225813440083
31,23,0,0,2,0,0,2,0,0,0,0,0,0,26,0.0,1,0,1,0,0,4.018081793978685,0,0.16129032258064516,0,0,0.004795190438054153
25,17,0,0,3,0,0,2,0,0,0,0,0,0,19,0.0,1,0,2,0,0,3.5932696895151084,0,0.24,0,0,0.0099604049342108
57,48,1,0,3,2,0,3,0,0,0,0,0,11,37,0.19298245614035087,1,0,2,0,0,4.580537768809403,0,0.15789473684210525,1,1,1.0
49,40,1,0,2,2,0,3,0,0,0,0,0,1,40,0.02040816326530612,1,0,1,0,0,4.39482336430261,0,0.16326530612244897,1,1,1.0
24,16,0,0,2,0,0,2,0,0,0,0,0,0,19,0.0,1,0,1,0,0,3.636842188131012,0,0.20833333333333334,0,0,0.006141593138909664
29,21,0,0,2,0,0,2,0,0,0,0,0,0,24,0.0,1,0,1,0,0,3.978333581185264,0,0.1724137931034483,0,0,0.005551372769981398
29,20,1,0,2,0,0,3,0,0,0,0,0,0,23,0.0,1,0,1,0,0,3.9093680639438846,0,0.20689655172413793,1,1,1.0
34,25,1,0,2,1,0,3,0,0,0,0,0,6,21,0.17647058823529413,1,0,1,0,0,4.231009444816111,0,0.20588235294117646,1,1,1.0
35,27,0,0,2,0,0,2,0,0,0,0,0,0,30,0.0,1,0,1,0,0,3.8681697173044634,0,0.14285714285714285,0,0,0.0038513825407639605
31,23,0,0,2,0,0,2,0,0,0,0,0,0,26,0.0,1,0,1,0,0,4.106949132758152,0,0.16129032258064516,0,0,0.005703070177713936
29,22,0,0,3,0,0,2,0,0,0,0,0,0,23,0.0,0,0,2,0,0,4.021268494903765,0,0.20689655172413793,1,1,0.9786413415376114
31,23,0,0,3,0,0,2,0,0,0,0,0,0,25,0.0,1,0,2,0,0,4.324848729602135,0,0.1935483870967742,0,0,0.03084902754620517
32,24,0,0,2,0,0,2,0,0,0,0,0,0,27,0.0,1,0,1,0,0,3.816428031846024,0,0.15625,0,0,0.02131870660944328
38,29,1,0,2,3,0,3,0,0,0,0,0,0,29,0.0,1,0,1,0,0,3.8957149348842655,0,0.23684210526315788,1,1,0.9833333333333333
20,12,0,0,2,0,0,2,0,0,0,0,0,0,15,0.0,1,0,1,0,0,3.6841837197791882,0,0.25,0,0,0.007304607557808997
31,23,0,0,2,0,0,2,0,0,0,0,0,0,26,0.0,1,0,1,0,0,3.9779168746936358,0,0.16129032258064516,0,0,0.004732917317744725
46,39,0,0,3,0,0,2,0,0,0,0,0,0,40,0.0,0,0,2,0,0,4.188215826378305,0,0.13043478260869565,1,1,0.8892220107052128
6097,21,11,0,2,0,0,7,0,2,0,0,0,865,5196,0.14187305232081351,1,0,1,0,1,4.965712821608242,0,0.005904543217976054,1,1,1.0
37,29,0,0,2,0,0,2,0,0,0,0,0,0,32,0.0,1,0,1,0,0,3.827847541878579,0,0.13513513513513514,0,0,0.011715764255114116
24,16,0,0,2,0,0,2,0,0,0,0,0,0,19,0.0,1,0,1,0,0,3.5383201891060003,0,0.20833333333333334,0,0,0.0066916916642598065
24,16,0,0,2,0,0,2,0,0,0,0,0,0,19,0.0,1,0,1,0,0,3.834962500721157,0,0.20833333333333334,0,0,0.005567624736251228
36,27,1,0,2,2,0,3,0,0,0,0,0,1,27,0.027777777777777776,1,0,1,0,0,4.308270834535259,0,0.2222222222222222,1,1,1.0
27,19,0,0,2,1,0,2,0,0,0,0,0,0,21,0.0,1,0,1,0,0,3.8659986132745803,0,0.2222222222222222,0,0,0.029176682551913278
27,19,0,0,3,0,0,2,0,0,0,0,0,0,21,0.0,1,0,2,0,0,3.930270372293454,0,0.2222222222222222,0,0,0.009775963082888346
30,22,0,0,2,0,0,2,0,0,0,0,0,0,25,0.0,1,0,1,0,0,4.0062389286533895,0,0.16666666666666666,0,0,0.0051658936250570334
53,44,1,0,3,2,0,3,0,0,0,0,0,11,33,0.20754716981132076,1,0,2,0,0,4.675572577000607,0,0.16981132075471697,1,1,1.0
21,13,0,0,2,0,0,2,0,0,0,0,0,3,13,0.14285714285714285,1,0,1,0,0,3.6537567082870015,0,0.23809523809523808,0,0,0.02777486061706855
47,38,1,0,3,2,0,3,0,0,0,0,0,7,31,0.14893617021276595,1,0,2,0,0,4.665771032298546,0,0.19148936170212766,1,1,1.0
37,29,0,0,3,0,0,2,0,0,0,0,0,1,30,0.02702702702702703,1,0,2,0,0,3.97230640587713,0,0.16216216216216217,1,0,0.36997722317967213
26,18,0,0,2,0,0,2,0,0,0,0,0,0,21,0.0,1,0,1,0,0,3.7381493331928657,0,0.19230769230769232,0,0,0.005362687428727657
29,21,0,0,2,0,0,2,0,0,0,0,0,0,24,0.0,1,0,1,0,0,3.978333581185264,0,0.1724137931034483,0,0,0.005551372769981398
22,14,0,0,2,0,0,2,0,0,0,0,0,0,17,0.0,1,0,1,0,0,3.6635327548042547,0,0.22727272727272727,0,0,0.014183225813440083
24,16,0,0,2,0,0,2,0,0,0,0,0,0,19,0.0,1,0,1,0,0,3.8553885422075345,0,0.20833333333333334,0,0,0.005451851578679096
39,31,0,0,2,1,0,2,0,0,0,0,0,0,33,0.0,1,0,1,0,0,4.131054782742918,0,0.15384615384615385,0,0,0.08895491554866268
25,17,0,0,3,0,0,2,0,0,0,0,0,0,19,0.0,1,0,2,0,0,3.8634651896016465,0,0.24,0,0,0.00405474241485936
22,14,0,0,2,0,0,2,0,0,0,0,0,0,17,0.0,1,0,1,0,0,3.51602764126623,0,0.22727272727272727,0,0,0.012541002497734313
25,17,0,0,2,0,0,2,0,0,0,0,0,0,20,0.0,1,0,1,0,0,4.0536606896881855,0,0.2,0,0,0.004912225321018954
33,24,1,0,2,0,0,3,0,0,0,0,0,0,27,0.0,1,0,1,0,0,3.873812589567827,0,0.18181818181818182,1,1,1.0
25,16,1,0,2,0,0,3,0,0,0,0,0,0,19,0.0,1,0,1,0,0,3.833269689515108,0,0.24,1,1,1.0
25,18,0,0,3,0,0,2,0,0,0,0,0,4,15,0.16,0,0,2,0,0,3.863465189601647,0,0.24,1,1,0.9870866425735084
35,27,0,0,2,0,0,2,0,0,0,0,0,0,30,0.0,1,0,1,0,0,4.150292659616668,0,0.14285714285714285,0,0,0.005577035227448294
30,20,3,0,2,0,0,4,0,0,0,0,0,1,22,0.03333333333333333,0,0,1,0,0,4.056564762130954,0,0.23333333333333334,1,1,0.9966666666666667
33,25,0,0,2,0,0,2,0,0,0,0,0,0,28,0.0,1,0,1,0,0,3.945464952495108,0,0.15151515151515152,0,0,0.006404589691966984
29,21,0,0,2,0,0,2,0,0,0,0,0,0,24,0.0,1,0,1,0,0,4.021268494903765,0,0.1724137931034483,0,0,0.006030051060254468
22,15,0,0,2,0,0,2,0,0,0,0,0,0,17,0.0,0,0,1,0,0,3.663532754804254,0,0.22727272727272727,1,1,0.9707580438587186
23,15,0,0,3,0,0,2,0,0,0,0,0,0,17,0.0,1,0,2,0,0,3.849223912390625,0,0.2608695652173913,0,0,0.010003726728976441
28,20,0,0,2,1,0,2,0,0,0,0,0,0,22,0.0,1,0,1,0,0,3.8423709931771084,0,0.21428571428571427,0,0,0.03647487706748452
387,14,21,344,13,3,2,5,1,9,8,14,0,91,240,0.2351421188630491,0,1,2,9,3,5.205713601321671,0,0.14470284237726097,1,1,1.0
31,23,0,0,2,0,0,2,0,0,0,0,0,0,26,0.0,1,0,1,0,0,3.7198523585646037,0,0.16129032258064516,0,0,0.004964814556494734
27,20,0,0,3,0,0,2,0,0,0,0,0,7,14,0.25925925925925924,0,0,2,0,0,3.9582291686698787,0,0.2222222222222222,1,1,1.0
36,28,0,0,2,0,0,2,0,0,0,0,0,0,31,0.0,1,0,1,0,0,4.183542362433229,0,0.1388888888888889,0,0,0.013731812862731629
25,18,0,0,2,0,0,2,0,0,0,0,0,0,20,0.0,0,0,1,0,0,3.8634651896016465,0,0.2,1,1,0.9868456959849959
47,38,1,0,2,3,0,3,0,0,0,0,0,0,38,0.0,1,0,1,0,0,4.1551327344262035,0,0.19148936170212766,1,1,1.0
23,16,0,0,2,0,0,2,0,0,0,0,0,0,18,0.0,0,0,1,0,0,3.849223912390625,0,0.21739130434782608,1,1,0.9828187807197645
27,20,0,0,3,0,0,2,0,0,0,0,0,0,21,0.0,0,0,2,0,0,3.7080481500712312,0,0.2222222222222222,1,1,0.9795531386062712
48,40,0,0,3,3,0,2,0,0,0,0,0,0,39,0.0,1,0,2,0,0,4.238521032323434,0,0.1875,0,0,0.34438397008231403
34,26,0,0,2,0,0,2,0,0,0,0,0,0,29,0.0,1,0,1,0,0,3.962031591059445,0,0.14705882352941177,0,0,0.0049259744156976894
27,19,0,0,2,0,0,2,0,0,0,0,0,2,20,0.07407407407407407,1,0,1,0,0,4.060262039120378,0,0.18518518518518517,0,0,0.020553785393167052
24,16,0,0,2,1,0,2,0,0,0,0,0,0,18,0.0,1,0,1,0,0,3.688721875540867,0,0.25,0,0,0.02945314336020554
25,17,0,0,2,0,0,2,0,0,0,0,0,0,20,0.0,1,0,1,0,0,3.8936606896881854,0,0.2,0,0,0.0030593884458796385
52,43,1,0,2,2,0,3,0,0,0,0,0,2,42,0.038461538461538464,1,0,1,0,0,4.214204862080624,0,0.15384615384615385,1,1,1.0
30,22,1,0,2,0,0,3,0,0,0,0,0,0,24,0.0,0,0,1,0,0,4.21506101220307,0,0.2,1,1,1.0
23,16,0,0,2,0,0,2,0,0,0,0,0,0,18,0.0,0,0,1,0,0,3.7622673906514947,0,0.21739130434782608,1,1,0.9808552195426523
21,13,0,0,2,0,0,2,0,0,0,0,0,0,16,0.0,1,0,1,0,0,3.7489948035250964,0,0.23809523809523808,0,0,0.011936122753522464
31,23,0,0,2,0,0,2,0,0,0,0,0,0,26,0.0,1,0,1,0,0,3.9377519554085865,0,0.16129032258064516,0,0,0.0047408054483416345
24,16,0,0,2,0,0,2,0,0,0,0,0,0,19,0.0,1,0,1,0,0,3.772055208874201,0,0.20833333333333334,0,0,0.005417498700028583
29,21,0,0,2,0,0,2,0,0,0,0,0,0,24,0.0,1,0,1,0,0,4.004364184708143,0,0.1724137931034483,0,0,0.005935595119943778
25,17,0,0,2,0,0,2,0,0,0,0,0,0,20,0.0,1,0,1,0,0,3.673269689515108,0,0.2,0,0,0.003320223633697498
23,16,0,0,2,1,0,2,0,0,0,0,0,0,17,0.0,0,0,1,0,0,3.7950885863977324,0,0.2608695652173913,1,1,0.9663095416067081
31,23,0,0,2,0,0,2,0,0,0,0,0,0,26,0.0,1,0,1,0,0,4.0022680844408445,0,0.16129032258064516,0,0,0.004795190438054153
31,23,0,0,2,0,0,2,0,0,0,0,0,0,26,0.0,1,0,1,0,0,3.7198523585646033,0,0.16129032258064516,0,0,0.004964814556494734
69,17,44,0,1,2,0,6,0,0,0,0,0,3,56,0.043478260869565216,1,0,0,0,0,4.450500862663559,0,0.14492753623188406,1,1,1.0
28,20,0,0,2,0,0,2,0,0,0,0,0,0,23,0.0,1,0,1,0,0,3.9232517969803373,0,0.17857142857142858,0,0,0.0062027140142167795
23,15,1,0,2,0,0,3,0,0,0,0,0,2,15,0.08695652173913043,0,0,1,0,0,3.8820451081368628,0,0.2608695652173913,1,1,1.0
23,15,0,0,2,0,0,2,0,0,0,0,0,0,18,0.0,1,0,1,0,0,4.0559581516151235,0,0.21739130434782608,0,0,0.01619806817136383
31,23,0,0,2,0,0,2,0,0,0,0,0,0,26,0.0,1,0,1,0,0,4.17146526179041,0,0.16129032258064516,0,0,0.007290496989095332
22,14,0,0,2,0,0,2,0,0,0,0,0,0,17,0.0,1,0,1,0,0,3.7887549139935026,0,0.22727272727272727,0,0,0.01743044864218114
28,20,0,0,2,0,0,2,0,0,0,0,0,0,23,0.0,1,0,1,0,0,3.7359263506290326,0,0.17857142857142858,0,0,0.006496756290916128
26,18,0,0,3,0,0,2,0,0,0,0,0,0,20,0.0,1,0,2,0,0,3.8441065448145375,0,0.23076923076923078,0,0,0.0053543494172604966
29,21,0,0,2,0,0,2,0,0,0,0,0,0,24,0.0,1,0,1,0,0,3.788341339656749,0,0.1724137931034483,0,0,0.006867485196052954
24,16,0,0,2,0,0,2,0,0,0,0,0,0,19,0.0,1,0,1,0,0,3.7720552088742005,0,0.20833333333333334,0,0,0.005417498700028583
47,38,1,0,3,2,0,3,0,0,0,0,0,5,33,0.10638297872340426,1,0,2,0,0,4.4690665110679815,0,0.19148936170212766,1,1,1.0
19,11,0,0,2,0,0,2,0,0,0,0,0,0,14,0.0,1,0,1,0,0,3.536886723742167,0,0.2631578947368421,0,0,0.004879182365489953
20,12,0,0,2,0,0,2,0,0,0,0,0,0,15,0.0,1,0,1,0,0,3.6841837197791882,0,0.25,0,0,0.007304607557808997
34,27,0,0,3,0,0,2,0,0,0,0,0,0,28,0.0,0,0,2,0,0,3.8336631211594367,0,0.17647058823529413,1,1,0.9826995172824189
30,22,0,0,2,0,0,2,0,0,0,0,0,0,25,0.0,1,0,1,0,0,4.01506101220307,0,0.16666666666666666,0,0,0.0051658936250570334
18,10,0,0,2,0,0,2,0,0,0,0,0,0,13,0.0,1,0,1,0,0,3.4613201402110083,0,0.2777777777777778,0,0,0.0041895600508676375
32,24,0,0,2,0,0,2,0,0,0,0,0,0,27,0.0,1,0,1,0,0,4.140319531114783,0,0.15625,0,0,0.008196255533179382
25,18,0,0,2,0,0,2,0,0,0,0,0,0,20,0.0,0,0,1,0,0,3.543465189601647,0,0.2,1,1,0.9867592409458367
24,16,0,0,2,0,0,2,0,0,0,0,0,0,19,0.0,1,0,1,0,0,3.8349625007211565,0,0.20833333333333334,0,0,0.005567624736251228
24,16,0,0,2,0,0,2,0,0,0,0,0,0,19,0.0,1,0,1,0,0,3.8035088547976783,0,0.20833333333333334,0,0,0.00550127317221087
24,16,0,0,3,0,0,2,0,0,0,0,0,0,18,0.0,1,0,2,0,0,3.9387218755408675,0,0.25,0,0,0.00277327461394654
39,31,0,0,2,0,0,2,0,0,0,0,0,0,34,0.0,1,0,1,0,0,4.006573937300012,0,0.1282051282051282,0,0,0.006238481514454033
25,17,0,0,2,0,0,2,0,0,0,0,0,0,20,0.0,1,0,1,0,0,3.7834651896016465,0,0.2,0,0,0.0035156030378867015
23,15,0,0,2,0,0,2,0,0,0,0,0,0,18,0.0,1,0,1,0,0,3.6753108689123644,0,0.21739130434782608,0,0,0.009622496680157706
25,17,0,0,2,0,0,2,0,0,0,0,0,0,20,0.0,1,0,1,0,0,3.973660689688185,0,0.2,0,0,0.0025758722558427067
88,15,65,0,2,0,0,4,0,0,0,0,0,8,73,0.09090909090909091,1,0,1,0,0,4.807157863907096,0,0.07954545454545454,1,1,1.0
27,19,0,0,2,0,0,2,0,0,0,0,0,0,22,0.0,1,0,1,0,0,3.91211389097223,0,0.18518518518518517,0,0,0.004712982618447872
32,24,0,0,2,0,0,2,0,0,0,0,0,0,27,0.0,1,0,1,0,0,4.077819531114783,0,0.15625,0,0,0.009314949700848443
21,14,0,0,2,0,0,2,0,0,0,0,0,0,16,0.0,0,0,1,0,0,3.558518613048906,0,0.23809523809523808,1,1,0.9757794509851898
23,16,0,0,2,0,0,2,0,0,0,0,0,0,18,0.0,0,0,1,0,0,3.6211755429194716,0,0.21739130434782608,1,1,0.979671177704577
18,10,0,0,2,0,0,2,0,0,0,0,0,0,13,0.0,1,0,1,0,0,3.4613201402110083,0,0.2777777777777778,0,0,0.0041895600508676375
28,20,0,0,2,0,0,2,0,0,0,0,0,0,23,0.0,1,0,1,0,0,3.8248629576173565,0,0.17857142857142858,0,0,0.006448753291144667
22,14,0,0,2,0,0,2,0,0,0,0,0,0,17,0.0,1,0,1,0,0,3.2267309150571264,0,0.22727272727272727,0,0,0.03030185823606561
28,20,0,0,4,0,0,2,0,0,0,0,0,0,21,0.0,1,0,3,0,0,3.8962915290459277,0,0.25,0,0,0.00250035532138678
26,18,0,0,2,0,0,2,0,0,0,0,0,0,21,0.0,1,0,1,0,0,3.767183467891461,0,0.19230769230769232,0,0,0.005432964222511789
163,14,20,120,4,0,0,4,1,0,0,0,0,18,135,0.11042944785276074,1,0,1,1,1,5.011138182007103,0,0.06134969325153374,1,1,1.0
22,14,0,0,2,0,0,2,0,0,0,0,0,0,17,0.0,1,0,1,0,0,3.73215889136457,0,0.22727272727272727,0,0,0.015139655322829052
29,21,0,0,2,0,0,2,0,0,0,0,0,0,24,0.0,1,0,1,0,0,4.142295219190901,0,0.1724137931034483,0,0,0.012220574216389734
27,19,0,0,2,0,0,2,0,0,0,0,0,0,22,0.0,1,0,1,0,0,3.8100810205217304,0,0.18518518518518517,0,0,0.0047897255340691594
21,13,0,0,2,0,0,2,0,0,0,0,0,0,16,0.0,1,0,1,0,0,3.427333493898265,0,0.23809523809523808,0,0,0.01149689928828873
32,24,0,0,2,0,0,2,0,0,0,0,0,0,27,0.0,1,0,1,0,0,3.9917292966721747,0,0.15625,0,0,0.008920411576691491
83,74,1,0,3,0,0,3,0,0,0,0,0,9,67,0.10843373493975904,1,0,2,0,0,4.7892212513134105,1,0.08433734939759036,1,1,1.0
28,20,0,0,2,0,0,2,0,0,0,0,0,0,23,0.0,1,0,1,0,0,3.851823225551766,0,0.17857142857142858,0,0,0.007872209853803895
28,20,0,0,2,0,0,2,0,0,0,0,0,0,23,0.0,1,0,1,0,0,3.9946803684089085,0,0.17857142857142858,0,0,0.015016707486398545
23,15,0,0,2,0,0,2,0,0,0,0,0,0,18,0.0,1,0,1,0,0,3.849223912390625,0,0.21739130434782608,0,0,0.016307470413877676
28,20,0,0,2,0,0,2,0,0,0,0,0,0,23,0.0,1,0,1,0,0,3.6820058147602133,0,0.17857142857142858,0,0,0.005139926259465729
42,4,30,0,1,2,0,3,0,0,0,0,0,0,35,0.0,1,0,0,0,0,4.195539744052798,0,0.16666666666666666,1,1,1.0
30,22,0,0,2,0,0,2,0,0,0,0,0,0,25,0.0,1,0,1,0,0,3.81506101220307,0,0.16666666666666666,0,0,0.005152881012256618
37,28,1,0,2,1,0,3,0,0,0,0,0,3,27,0.08108108108108109,1,0,1,0,0,4.121219243831912,0,0.1891891891891892,1,1,1.0
23,15,0,0,2,0,0,2,0,0,0,0,0,0,18,0.0,1,0,1,0,0,3.7950885863977324,0,0.21739130434782608,0,0,0.011731102673641447
39,31,0,0,2,0,0,2,0,0,0,0,0,0,34,0.0,1,0,1,0,0,3.8720838732529215,0,0.1282051282051282,0,0,0.024051743596054408
27,19,0,0,2,0,0,2,0,0,0,0,0,0,22,0.0,1,0,1,0,0,3.8524975771041996,0,0.18518518518518517,0,0,0.006245251428324258
19,11,0,0,2,0,0,2,0,0,0,0,0,0,14,0.0,1,0,1,0,0,3.576617644908666,0,0.2631578947368421,0,0,0.005149518898988455
54,45,1,0,3,2,0,3,0,0,0,0,0,6,39,0.1111111111111111,1,0,2,0,0,4.5440712431772825,0,0.16666666666666666,1,1,1.0
28,20,0,0,2,0,0,2,0,0,0,0,0,0,23,0.0,1,0,1,0,0,3.797902689682947,0,0.17857142857142858,0,0,0.00643761644910091
26,18,0,0,2,0,0,2,0,0,0,0,0,0,21,0.0,1,0,1,0,0,3.700439718141092,0,0.19230769230769232,0,0,0.005330253403874624
25,17,0,0,2,0,0,2,0,0,0,0,0,0,20,0.0,1,0,1,0,0,3.8936606896881854,0,0.2,0,0,0.0030593884458796385
23,15,0,0,2,0,0,2,0,0,0,0,0,1,17,0.043478260869565216,1,0,1,0,0,3.6709688919510652,0,0.21739130434782608,0,0,0.01948517576953812
36,29,0,0,3,0,0,2,0,0,0,0,0,0,30,0.0,0,0,2,0,0,4.183542362433229,0,0.16666666666666666,1,1,0.9581636236690209
30,22,0,0,2,0,0,2,0,0,0,0,0,0,25,0.0,1,0,1,0,0,4.056564762130954,0,0.16666666666666666,0,0,0.007731188722957833
30,23,0,0,3,0,0,2,0,0,0,0,0,0,24,0.0,0,0,2,0,0,3.9483943455364034,0,0.2,1,1,0.9820461684532601
26,18,0,0,2,0,0,2,0,0,0,0,0,0,21,0.0,1,0,1,0,0,3.767183467891461,0,0.19230769230769232,0,0,0.005432964222511789
27,20,0,0,2,1,0,2,0,0,0,0,0,0,21,0.0,0,0,1,0,0,3.810081020521731,0,0.2222222222222222,1,1,0.9856465845681146
23,16,0,0,2,0,0,2,0,0,0,0,0,0,18,0.0,0,0,1,0,0,3.708132064658602,0,0.21739130434782608,1,1,0.9808552195426523
38,17,14,0,2,1,0,3,0,0,0,0,0,2,29,0.05263157894736842,0,0,1,0,0,4.333325210755072,0,0.18421052631578946,1,1,0.9988256563323701
37,28,1,0,2,0,0,3,0,0,0,0,0,0,31,0.0,1,0,1,0,0,3.931501676030456,0,0.16216216216216217,1,1,1.0
23,16,0,0,3,0,0,2,0,0,0,0,0,0,17,0.0,0,0,2,0,0,3.675310868912364,0,0.2608695652173913,1,1,0.9645506334583744
31,23,0,0,2,0,0,2,0,0,0,0,0,0,26,0.0,1,0,1,0,0,3.6711499390701863,0,0.16129032258064516,0,0,0.004153737660071723
30,21,1,0,2,0,0,3,0,0,0,0,0,4,20,0.13333333333333333,1,0,1,0,0,4.0980685120588385,0,0.2,1,1,0.9994821398573632
28,20,0,0,3,0,0,2,0,0,0,0,0,0,22,0.0,1,0,2,0,0,4.012188403968661,0,0.21428571428571427,0,0,0.010153928870375155
29,13,8,0,1,1,0,3,0,0,0,0,0,0,23,0.0,1,0,0,0,0,4.004364184708142,0,0.20689655172413793,1,1,1.0
23,15,0,0,2,0,0,2,0,0,0,0,0,0,18,0.0,1,0,1,0,0,3.588354347173234,0,0.21739130434782608,0,0,0.01167112548292048
23,15,0,0,2,0,0,2,0,0,0,0,0,0,18,0.0,1,0,1,0,0,3.7409532604048397,0,0.21739130434782608,0,0,0.010338787571948498
30,22,0,0,2,0,0,2,0,0,0,0,0,1,24,0.03333333333333333,1,0,1,0,0,3.7232314287976203,0,0.16666666666666666,0,0,0.09233466838106247
30,22,0,0,2,0,0,2,0,0,0,0,0,0,25,0.0,1,0,1,0,0,3.9483943455364026,0,0.16666666666666666,0,0,0.004922432951000173
21,14,0,0,2,0,0,2,0,0,0,0,0,0,16,0.0,0,0,1,0,0,3.4632805178108113,0,0.23809523809523808,1,1,0.9756284725767203
26,18,0,0,2,0,0,2,0,0,0,0,0,0,21,0.0,1,0,1,0,0,3.8441065448145375,0,0.19230769230769232,0,0,0.005665991885823571
25,17,0,0,3,0,0,2,0,0,0,0,0,0,19,0.0,1,0,2,0,0,3.673269689515108,0,0.24,0,0,0.007299266724429741
82,74,1,0,3,0,0,3,0,0,0,0,0,11,64,0.13414634146341464,0,0,2,0,0,4.851173425683061,1,0.08536585365853659,1,1,1.0
23,15,0,0,2,0,0,2,0,0,0,0,0,0,18,0.0,1,0,1,0,0,3.675310868912364,0,0.21739130434782608,0,0,0.009622496680157706
28,20,0,0,2,0,0,2,0,0,0,0,0,0,23,0.0,1,0,1,0,0,3.8962915290459277,0,0.17857142857142858,0,0,0.006509090438530513
28,20,0,0,2,0,0,2,0,0,0,0,0,0,23,0.0,1,0,1,0,0,3.9232517969803373,0,0.17857142857142858,0,0,0.0062027140142167795
33,25,0,0,2,0,0,2,0,0,0,0,0,0,28,0.0,1,0,1,0,0,3.858957286668643,0,0.15151515151515152,0,0,0.0067232957958027985
26,17,1,0,2,0,0,3,0,0,0,0,0,0,20,0.0,1,0,1,0,0,3.8731406795131327,0,0.23076923076923078,1,1,1.0
24,16,0,0,2,0,0,2,0,0,0,0,0,0,19,0.0,1,0,1,0,0,3.772055208874201,0,0.20833333333333334,0,0,0.005417498700028583
22,14,0,0,2,0,0,2,0,0,0,0,0,0,17,0.0,1,0,1,0,0,3.788754913993503,0,0.22727272727272727,0,0,0.01743044864218114
44,35,1,0,2,3,0,3,0,0,0,0,0,8,27,0.18181818181818182,1,0,1,0,0,4.498871107126151,0,0.20454545454545456,1,1,1.0
26,19,0,0,3,0,0,2,0,0,0,0,0,0,20,0.0,0,0,2,0,0,3.8252517372886508,0,0.23076923076923078,1,1,0.987372646765506
23,15,0,0,2,0,0,2,0,0,0,0,0,0,18,0.0,1,0,1,0,0,3.7950885863977324,0,0.21739130434782608,0,0,0.011731102673641447
25,17,0,0,2,0,0,2,0,0,0,0,0,0,20,0.0,1,0,1,0,0,3.7834651896016465,0,0.2,0,0,0.0035156030378867015
21,13,0,0,2,0,0,2,0,0,0,0,0,0,16,0.0,1,0,1,0,0,3.558518613048906,0,0.23809523809523808,0,0,0.010524297992008323
21,13,0,0,2,0,0,2,0,0,0,0,0,0,16,0.0,1,0,1,0,0,3.6304126608739984,0,0.23809523809523808,0,0,0.010563915450164586
32,24,0,0,2,0,0,2,0,0,0,0,0,0,27,0.0,1,0,1,0,0,4.054229296672174,0,0.15625,0,0,0.00937134674062599
25,18,0,0,3,0,0,2,0,0,0,0,0,0,19,0.0,0,0,2,0,0,3.913269689515108,0,0.24,1,1,0.9831834618946402
23,15,0,0,2,0,0,2,0,0,0,0,0,0,18,0.0,1,0,1,0,0,3.7622673906514947,0,0.21739130434782608,0,0,0.010929300373386032
25,17,0,0,2,0,0,2,0,0,0,0,0,0,20,0.0,1,0,1,0,0,3.863465189601647,0,0.2,0,0,0.0039272796960064665
23,15,0,0,2,0,0,2,0,0,0,0,0,0,18,0.0,1,0,1,0,0,3.555533151426996,0,0.21739130434782608,0,0,0.010361389561373918
29,21,0,0,2,0,0,2,0,0,0,0,0,0,24,0.0,1,0,1,0,0,3.8833374604210067,0,0.1724137931034483,0,0,0.007443761570009687
25,17,0,0,2,1,0,2,0,0,0,0,0,0,19,0.0,1,0,1,0,0,3.893660689688186,0,0.24,0,0,0.013342363232027121
23,15,0,0,2,0,0,2,0,0,0,0,0,0,18,0.0,1,0,1,0,0,3.555533151426996,0,0.21739130434782608,0,0,0.010361389561373918
21,14,0,0,2,0,0,2,0,0,0,0,0,0,16,0.0,0,0,1,0,0,3.5585186130489066,0,0.23809523809523808,1,1,0.9757794509851898
41,32,1,0,4,2,0,3,0,0,0,0,0,2,29,0.04878048780487805,1,0,3,0,0,4.277926089825636,0,0.24390243902439024,1,1,1.0
83,74,1,0,3,0,0,3,0,0,0,0,0,12,64,0.14457831325301204,1,0,2,0,0,4.695242106014854,1,0.08433734939759036,1,1,1.0
26,18,0,0,3,0,0,2,0,0,0,0,0,0,20,0.0,1,0,2,0,0,3.9021748142117274,0,0.23076923076923078,0,0,0.008005495998240159
28,20,0,0,2,0,0,2,0,0,0,0,0,0,23,0.0,1,0,1,0,0,3.8927249051134325,0,0.17857142857142858,0,0,0.006509090438530513
20,12,0,0,2,0,0,2,0,0,0,0,0,0,15,0.0,1,0,1,0,0,3.3841837197791884,0,0.25,0,0,0.005395834923168871
48,41,0,0,2,0,0,2,0,0,0,0,0,18,25,0.375,0,0,1,0,0,4.282268229617389,0,0.10416666666666667,1,1,0.9963025715359425
40,17,15,0,2,0,0,4,0,0,0,0,0,0,33,0.0,1,0,0,0,0,4.025070520364181,0,0.175,1,1,1.0
25,17,0,0,2,0,0,2,0,0,0,0,0,1,19,0.04,1,0,1,0,0,4.0536606896881855,0,0.2,0,0,0.026068503883206594
21,14,0,0,2,0,0,2,0,0,0,0,0,0,16,0.0,0,0,1,0,0,3.463280517810811,0,0.23809523809523808,1,1,0.9756284725767203
24,16,0,0,2,0,0,2,0,0,0,0,0,0,19,0.0,1,0,1,0,0,3.9701755214643457,0,0.20833333333333334,0,0,0.005905620775876425
24,17,0,0,2,0,0,2,0,0,0,0,0,0,19,0.0,0,0,1,0,0,3.605388542207534,0,0.20833333333333334,1,1,0.989958727813774
20,12,0,0,2,0,0,2,0,0,0,0,0,0,15,0.0,1,0,1,0,0,3.6841837197791882,0,0.25,0,0,0.007304607557808997
24,16,0,0,2,0,0,2,0,0,0,0,0,0,19,0.0,1,0,1,0,0,3.9701755214643457,0,0.20833333333333334,0,0,0.005905620775876425
36,27,1,0,2,1,0,3,0,0,0,0,0,6,23,0.16666666666666666,1,0,1,0,0,4.363826390090814,0,0.19444444444444445,1,1,1.0
30,22,0,0,3,1,0,2,0,0,0,0,0,0,23,0.0,1,0,2,0,0,4.0980685120588385,0,0.23333333333333334,0,0,0.011321172053040661
25,17,0,0,2,0,0,2,0,0,0,0,0,0,20,0.0,1,0,1,0,1,3.8936606896881854,0,0.2,0,0,0.012216753618357551
83,36,39,0,2,3,0,10,0,0,0,0,0,19,48,0.2289156626506024,1,0,1,0,0,4.436677577471965,0,0.1927710843373494,1,1,1.0
36,28,0,0,3,0,0,2,0,0,0,0,0,0,30,0.0,1,0,2,0,0,4.006749918638778,0,0.16666666666666666,0,0,0.06549375218384687
25,17,0,0,2,0,0,2,0,0,0,0,0,0,20,0.0,1,0,1,0,0,3.7336606896881857,0,0.2,0,0,0.0034397638404539835
24,16,0,0,2,0,0,2,0,0,0,0,0,0,19,0.0,1,0,1,0,0,3.7720552088742005,0,0.20833333333333334,0,0,0.005417498700028583
49,40,1,0,3,0,0,3,0,0,0,0,0,4,38,0.08163265306122448,1,0,2,0,0,4.311152640422816,0,0.14285714285714285,1,1,1.0
26,18,0,0,2,0,0,2,0,0,0,0,0,0,21,0.0,1,0,1,0,0,3.623516641218015,0,0.19230769230769232,0,0,0.00660245893909252
36,28,0,0,2,0,0,2,0,0,0,0,0,0,31,0.0,1,0,1,0,0,3.8638263900908156,0,0.1388888888888889,0,0,0.004190437954324842
185,27,33,117,5,0,1,6,1,4,2,0,0,50,112,0.2702702702702703,0,0,3,3,3,5.077572119563059,0,0.12432432432432433,1,1,1.0
20,13,0,0,2,0,0,2,0,0,0,0,0,0,15,0.0,0,0,1,0,0,3.684183719779189,0,0.25,1,1,0.9802862792048526
19,11,0,0,2,0,0,2,0,0,0,0,0,3,11,0.15789473684210525,1,0,1,0,0,3.6818808028034025,0,0.2631578947368421,0,0,0.062186601555436004
23,14,1,0,3,0,0,3,0,0,0,0,0,0,16,0.0,1,0,2,0,0,3.7294461949052566,0,0.30434782608695654,1,1,0.983948974821345
19,12,0,0,1,0,0,2,0,0,0,0,0,0,15,0.0,0,0,0,0,0,3.826874881864637,0,0.21052631578947367,1,1,1.0
26,18,0,0,2,1,0,2,0,0,0,0,0,0,20,0.0,1,0,1,0,0,3.8731406795131327,0,0.23076923076923078,0,0,0.01017386879822083
17,9,0,0,2,0,0,2,0,0,0,0,0,0,12,0.0,1,0,1,0,0,3.337175341123077,0,0.29411764705882354,0,0,0.0035091682472212114
20,12,0,0,2,0,0,2,0,0,0,0,0,0,15,0.0,1,0,1,0,0,3.521928094887362,0,0.25,0,0,0.005476039157866035
42,33,1,0,2,2,0,3,0,0,0,0,0,7,27,0.16666666666666666,1,0,1,0,0,4.184482757226367,0,0.19047619047619047,1,1,1.0
32,24,0,0,2,0,0,2,0,0,0,0,0,0,27,0.0,1,0,1,0,0,3.890319531114783,0,0.15625,0,0,0.016831985955774873
27,19,0,0,2,0,0,2,0,0,0,0,0,0,22,0.0,1,0,1,0,0,3.5599000019230833,0,0.18518518518518517,0,0,0.005561695805311354
85,7,52,17,2,0,0,4,1,1,0,0,0,4,72,0.047058823529411764,1,0,0,1,0,4.656523660141337,0,0.10588235294117647,1,1,1.0
24,16,0,0,2,0,0,2,0,0,0,0,0,0,19,0.0,1,0,1,0,0,3.9701755214643453,0,0.20833333333333334,0,0,0.005905620775876425
32,24,0,0,2,0,0,2,0,0,0,0,0,0,27,0.0,1,0,1,0,0,3.952819531114783,0,0.15625,0,0,0.008928299707288402
29,21,0,0,2,0,0,2,0,0,0,0,0,0,24,0.0,1,0,1,0,0,3.8833374604210067,0,0.1724137931034483,0,0,0.007443761570009687
27,19,0,0,2,0,0,2,0,0,0,0,0,0,22,0.0,1,0,1,0,0,3.8282375018429553,0,0.18518518518518517,0,0,0.005115502200562859
34,26,0,0,3,0,0,2,0,0,0,0,0,0,28,0.0,1,0,2,0,0,3.939829017466402,0,0.17647058823529413,0,0,0.023062324011139418
20,12,0,0,2,0,0,2,0,0,0,0,0,0,15,0.0,1,0,1,0,0,3.5841837197791886,0,0.25,0,0,0.006103523061771641
29,21,0,0,2,0,0,2,0,0,0,0,0,0,24,0.0,1,0,1,0,0,3.814371943179627,0,0.1724137931034483,0,0,0.0069613591805978
26,18,0,0,2,0,0,2,0,0,0,0,0,0,21,0.0,1,0,1,0,0,3.767183467891461,0,0.19230769230769232,0,0,0.005432964222511789
20,12,0,0,2,0,0,2,0,0,0,0,0,0,15,0.0,1,0,1,0,0,3.5464393446710147,0,0.25,0,0,0.005799058396048044
19,12,0,0,2,0,0,2,0,0,0,0,0,0,14,0.0,0,0,1,0,0,3.4713544870139295,0,0.2631578947368421,1,1,0.9846342486996992
28,20,0,0,2,0,0,2,0,0,0,0,0,0,23,0.0,1,0,1,0,0,3.794336065750451,0,0.17857142857142858,0,0,0.006674398024375193
22,14,0,0,3,0,0,2,0,0,0,0,0,0,16,0.0,1,0,2,0,0,3.663532754804254,0,0.2727272727272727,0,0,0.005510192886399742
33,25,0,0,2,0,0,2,0,0,0,0,0,0,28,0.0,1,0,1,0,0,4.028946391954607,0,0.15151515151515152,0,0,0.0070608440944051705
41,32,1,0,3,0,0,3,0,0,0,0,0,0,34,0.0,1,0,2,0,0,4.222690418935624,0,0.17073170731707318,1,1,0.9803828435845545
64,47,9,0,4,4,0,3,0,0,0,0,0,21,31,0.328125,1,0,2,0,0,4.667434179450871,0,0.1875,1,1,1.0
20,12,0,0,2,0,0,2,0,0,0,0,0,0,15,0.0,1,0,1,0,0,3.546439344671015,0,0.25,0,0,0.005799058396048044
26,18,0,0,2,0,0,2,0,0,0,0,0,0,21,0.0,1,0,1,0,0,3.777362795064169,0,0.19230769230769232,0,0,0.005432964222511789
24,16,0,0,2,0,0,2,0,0,0,0,0,0,19,0.0,1,0,1,0,0,3.6572682296173897,0,0.20833333333333334,0,0,0.0054823693991794195
26,19,0,0,3,0,0,2,0,0,0,0,0,0,20,0.0,0,0,2,0,0,3.8441065448145375,0,0.23076923076923078,1,1,0.9799677290069732
23,15,0,0,2,0,0,2,0,0,0,0,0,0,18,0.0,1,0,1,0,0,3.6211755429194716,0,0.21739130434782608,0,0,0.011677131402054149
35,27,0,0,2,0,0,2,0,0,0,0,0,0,30,0.0,1,0,1,0,0,3.843010159554855,0,0.14285714285714285,0,0,0.007497208756903289
26,18,0,0,2,0,0,2,0,0,0,0,0,0,21,0.0,1,0,1,0,0,3.8441065448145375,0,0.19230769230769232,0,0,0.005665991885823571
33,25,0,0,2,0,0,2,0,0,0,0,0,0,28,0.0,1,0,1,0,0,4.165013816065913,0,0.15151515151515152,0,0,0.0172078010278455
28,20,0,0,2,0,0,2,0,0,0,0,0,0,23,0.0,1,0,1,0,0,3.770942421748537,0,0.17857142857142858,0,0,0.00656703308470026
25,17,0,0,2,0,0,2,0,0,0,0,0,0,20,0.0,1,0,1,0,0,3.6234651896016468,0,0.2,0,0,0.0036622037767091676
32,24,0,0,2,0,0,2,0,0,0,0,0,0,27,0.0,1,0,1,0,0,3.8164280318460246,0,0.15625,0,0,0.02131870660944328
27,19,0,0,2,0,0,2,0,0,0,0,0,0,22,0.0,1,0,1,0,0,3.8282375018429553,0,0.18518518518518517,0,0,0.005115502200562859
20,12,0,0,2,0,0,2,0,0,0,0,0,0,15,0.0,1,0,1,0,0,3.546439344671015,0,0.25,0,0,0.005799058396048044
24,16,0,0,2,0,0,2,0,0,0,0,0,0,19,0.0,1,0,1,0,0,3.8035088547976783,0,0.20833333333333334,0,0,0.00550127317221087
26,18,0,0,2,1,0,2,0,0,0,0,0,0,20,0.0,1,0,1,0,0,4.132944044980958,0,0.23076923076923078,0,0,0.012579807439145356
24,16,0,0,2,0,0,2,0,0,0,0,0,0,19,0.0,1,0,1,0,1,3.9701755214643453,0,0.20833333333333334,0,0,0.01474484372567766
28,20,0,0,2,1,0,2,0,0,0,0,0,0,22,0.0,1,0,1,0,0,3.8248629576173565,0,0.21428571428571427,0,0,0.032585072694864915
27,19,0,0,2,0,0,2,0,0,0,0,0,0,22,0.0,1,0,1,0,0,4.134336113194452,0,0.18518518518518517,0,0,0.021090983479268553
30,22,0,0,2,0,0,2,0,0,0,0,0,0,25,0.0,1,0,1,0,0,3.8980685120588383,0,0.16666666666666666,0,0,0.005996834651531154
22,14,0,0,2,1,0,2,0,0,0,0,0,1,15,0.045454545454545456,1,0,1,0,0,3.9705730958116847,0,0.2727272727272727,0,0,0.25679389724129836
24,16,0,0,2,0,0,2,0,0,0,0,0,3,16,0.125,1,0,1,0,0,4.053508854797679,0,0.20833333333333334,0,0,0.2988598005458847
36,28,0,0,2,0,0,2,0,0,0,0,0,0,31,0.0,1,0,1,0,0,4.107017709595356,0,0.1388888888888889,0,0,0.0038363625764452447
36,12,16,0,2,0,0,4,0,0,0,0,0,0,29,0.0,1,0,0,0,0,3.9267336819377707,0,0.19444444444444445,1,1,1.0
37,28,1,0,3,0,0,3,0,0,0,0,0,0,30,0.0,1,0,2,0,0,3.8101442437149684,0,0.1891891891891892,1,1,0.9959572443563803
34,25,1,0,2,0,0,3,0,0,0,0,0,0,28,0.0,1,0,1,0,0,3.939829017466402,0,0.17647058823529413,1,1,1.0
24,16,0,0,3,0,0,2,0,0,0,0,0,0,18,0.0,1,0,2,0,0,3.7406015629507228,0,0.25,0,0,0.006926666810057445
27,19,0,0,2,0,0,2,0,0,0,0,0,0,22,0.0,1,0,1,0,0,3.643776391052358,0,0.18518518518518517,0,0,0.005628165817376994
32,25,0,0,2,1,0,2,0,0,0,0,0,1,25,0.03125,0,0,1,0,0,4.155639062229566,0,0.1875,1,1,0.9416198434708524
34,26,0,0,2,0,0,2,0,0,0,0,0,0,29,0.0,1,0,1,0,0,4.116299605701696,0,0.14705882352941177,0,0,0.00572693097451406
22,6,8,0,1,0,0,3,0,0,0,0,0,1,16,0.045454545454545456,1,0,0,0,0,3.8453509366224354,0,0.22727272727272727,1,1,1.0
38,31,0,0,2,0,0,2,0,0,0,0,0,0,33,0.0,0,0,1,0,0,4.346225868535942,0,0.13157894736842105,1,1,0.9020775088567867
26,19,0,0,2,0,0,2,0,0,0,0,0,0,21,0.0,0,0,1,0,0,3.378727103656466,0,0.19230769230769232,1,1,0.9855294731640243
81,61,12,0,2,5,0,3,0,0,0,0,0,8,62,0.09876543209876543,1,0,1,0,0,4.452107762663317,1,0.13580246913580246,1,1,1.0
22,14,0,0,2,0,0,2,0,0,0,0,0,0,17,0.0,1,0,1,0,0,3.663532754804254,0,0.22727272727272727,0,0,0.014183225813440083
35,26,1,0,2,0,0,3,0,0,0,0,0,1,28,0.02857142857142857,1,0,1,0,0,4.185867302411998,0,0.17142857142857143,1,1,1.0
63,52,4,0,4,2,0,4,0,0,0,0,0,0,52,0.0,0,0,3,0,0,4.140000463787941,1,0.1746031746031746,1,1,1.0
26,18,0,0,2,0,0,2,0,0,0,0,0,0,21,0.0,1,0,1,0,0,3.8441065448145375,0,0.19230769230769232,0,0,0.005665991885823571
25,17,0,0,2,0,0,2,0,0,0,0,0,0,20,0.0,1,0,1,0,0,3.683856189774724,0,0.2,0,0,0.003327295076132136
26,19,0,0,2,0,0,2,0,0,0,0,0,0,21,0.0,0,0,1,0,0,3.767183467891461,0,0.19230769230769232,1,1,0.9920547453623058
25,11,6,0,1,0,0,3,0,0,0,0,0,5,15,0.2,1,0,0,0,0,4.133660689688185,0,0.2,1,1,1.0
25,17,0,0,2,0,0,2,0,0,0,0,0,0,20,0.0,1,0,1,0,0,3.8634651896016465,0,0.2,0,0,0.0039272796960064665
30,22,0,0,2,0,0,2,0,0,0,0,0,0,25,0.0,1,0,1,0,0,3.9647351787255047,0,0.16666666666666666,0,0,0.004952685654609926
25,17,0,0,2,0,0,2,0,0,0,0,0,0,20,0.0,1,0,1,0,0,3.9434651896016466,0,0.2,0,0,0.0025758722558427067
25,17,0,0,2,0,0,2,0,0,0,0,0,0,20,0.0,1,0,1,0,0,3.8136606896881857,0,0.2,0,0,0.0039010576648637997
32,24,0,0,2,0,0,2,0,0,0,0,0,0,27,0.0,1,0,1,0,0,4.054229296672174,0,0.15625,0,0,0.00937134674062599
25,18,0,0,2,1,0,2,0,0,0,0,0,0,19,0.0,0,0,1,0,0,3.783465189601647,0,0.24,1,1,0.9857167597780585
26,18,0,0,2,0,0,2,0,0,0,0,0,0,21,0.0,1,0,1,0,0,3.9790978911348045,0,0.19230769230769232,0,0,0.004194649840584041
83,24,51,0,3,0,0,8,0,0,0,0,0,0,71,0.0,1,0,1,0,0,4.126924493802728,0,0.14457831325301204,1,1,1.0
30,22,0,0,2,0,0,2,0,0,0,0,0,0,25,0.0,1,0,1,0,0,3.989898095464287,0,0.16666666666666666,0,0,0.004944797524013016
30,23,0,0,3,0,0,2,0,0,0,0,0,10,14,0.3333333333333333,0,0,2,0,0,4.01506101220307,0,0.2,1,1,1.0
30,22,0,0,2,0,0,2,0,0,0,0,0,3,22,0.1,1,0,1,0,0,4.148394345536403,0,0.16666666666666666,0,0,0.256482526425763
88,7,52,20,2,0,0,4,1,1,0,0,0,11,68,0.125,1,0,0,1,1,4.882520755336067,0,0.10227272727272728,1,1,1.0
24,16,0,0,3,0,0,2,0,0,0,0,0,0,18,0.0,1,0,2,0,0,3.6572682296173893,0,0.25,0,0,0.007082156684983463
29,22,0,0,3,0,0,2,0,0,0,0,0,0,23,0.0,0,0,2,0,0,4.1162646156680225,0,0.20689655172413793,1,1,0.9694212176473904
28,20,0,0,2,0,0,2,0,0,0,0,0,0,23,0.0,1,0,1,0,0,3.950212064914747,0,0.17857142857142858,0,0,0.006802621866933727
35,27,0,0,2,0,0,2,0,0,0,0,0,0,30,0.0,1,0,1,0,0,4.114718016821339,0,0.14285714285714285,0,0,0.002891307286799735
19,12,0,0,2,0,0,2,0,0,0,0,0,1,13,0.05263157894736842,0,0,1,0,0,3.6818808028034025,0,0.2631578947368421,1,1,0.9710613656669594
31,24,0,0,3,0,0,2,0,0,0,0,0,0,25,0.0,0,0,2,0,0,3.9779168746936358,0,0.1935483870967742,1,1,0.979024803998891
29,21,0,0,2,0,0,2,0,0,0,0,0,0,24,0.0,1,0,1,0,0,3.745406425938248,0,0.1724137931034483,0,0,0.006529407979116419
301,14,4,274,4,0,9,3,1,11,10,6,0,20,235,0.0664451827242525,1,0,1,11,0,5.022126467888167,0,0.15282392026578073,1,1,1.0
32,24,0,0,2,0,0,2,0,0,0,0,0,0,27,0.0,1,0,1,0,0,3.827819531114783,0,0.15625,0,0,0.07343128016193026
29,21,0,0,2,0,0,2,0,0,0,0,0,0,24,0.0,1,0,1,0,0,4.0472990984266435,0,0.1724137931034483,0,0,0.0080522095047739
22,14,0,0,2,0,0,2,0,0,0,0,0,0,17,0.0,1,0,1,0,0,3.5160276412662306,0,0.22727272727272727,0,0,0.012541002497734313
22,14,0,0,2,0,0,2,0,0,0,0,0,0,17,0.0,1,0,1,0,0,3.7544418457133455,0,0.22727272727272727,0,0,0.022352039536623132
23,15,1,0,1,1,0,3,0,0,0,0,0,0,17,0.0,0,0,0,0,0,3.8820451081368628,0,0.2608695652173913,1,1,1.0
34,26,0,0,2,0,0,2,0,0,0,0,0,0,29,0.0,1,0,1,0,0,3.9254106352407243,0,0.14705882352941177,0,0,0.003964106985513404
29,21,0,0,2,0,0,2,0,0,0,0,0,0,24,0.0,1,0,1,0,0,3.8833374604210062,0,0.1724137931034483,0,0,0.007443761570009687
25,18,0,0,3,0,0,2,0,0,0,0,0,5,14,0.2,0,0,2,0,0,3.7834651896016465,0,0.24,1,1,0.9937902907946575
21,13,0,0,2,0,0,2,0,0,0,0,0,0,16,0.0,1,0,1,0,0,3.6897037321995474,0,0.23809523809523808,0,0,0.01188759383569943
27,19,0,0,2,0,0,2,0,0,0,0,0,0,22,0.0,1,0,1,0,0,4.032303242743953,0,0.18518518518518517,0,0,0.016507349865286017
30,23,0,0,2,0,0,2,0,0,0,0,0,0,25,0.0,0,0,1,0,0,3.9483943455364034,0,0.16666666666666666,1,1,0.9831585348215474
31,23,0,0,2,0,0,2,0,0,0,0,0,0,26,0.0,1,0,1,0,0,3.7567958110719153,0,0.16129032258064516,0,0,0.00523447962349258
33,25,0,0,2,0,0,2,0,0,0,0,0,0,28,0.0,1,0,1,0,0,4.089552452560668,0,0.15151515151515152,0,0,0.0072116924919393794
26,18,0,0,2,0,0,2,0,0,0,0,0,0,21,0.0,1,0,1,0,0,3.9312089489103226,0,0.19230769230769232,0,0,0.0032517506120185355
29,21,0,0,2,0,0,2,0,0,0,0,0,0,24,0.0,1,0,1,0,0,4.168325822713779,0,0.1724137931034483,0,0,0.01558075038173561
25,17,0,0,3,0,0,2,0,0,0,0,0,0,19,0.0,1,0,2,0,0,3.833269689515108,0,0.24,0,0,0.005541231382994377
32,24,0,0,2,0,0,2,0,0,0,0,0,0,27,0.0,1,0,1,0,0,4.015319531114783,0,0.15625,0,0,0.008725304306328108
22,14,0,0,3,0,0,2,0,0,0,0,0,0,16,0.0,1,0,2,0,0,3.754441845713345,0,0.2727272727272727,0,0,0.006362296034076586
21,12,1,0,1,1,0,3,0,0,0,0,0,0,15,0.0,1,0,0,0,0,3.653756708287001,0,0.2857142857142857,1,1,0.9988147086581146
44,20,16,0,1,0,0,5,0,0,0,0,0,0,37,0.0,1,0,0,0,0,4.150708688512891,0,0.1590909090909091,1,1,1.0
22,14,0,0,3,0,0,2,0,0,0,0,0,0,16,0.0,1,0,2,0,0,3.6292196865240967,0,0.2727272727272727,0,0,0.005136414472514094
31,23,0,0,2,0,0,2,0,0,0,0,0,0,26,0.0,1,0,1,0,0,4.1313003425053605,0,0.16129032258064516,0,0,0.005703070177713936
23,15,0,0,2,0,0,2,0,0,0,0,0,0,18,0.0,1,0,1,0,0,3.7622673906514947,0,0.21739130434782608,0,0,0.010929300373386032
27,19,0,0,3,0,0,2,0,0,0,0,0,0,21,0.0,1,0,2,0,0,3.810081020521731,0,0.2222222222222222,0,0,0.010547552118765654
26,18,0,0,3,0,0,2,0,0,0,0,0,0,20,0.0,1,0,2,0,0,3.8441065448145375,0,0.23076923076923078,0,0,0.0053543494172604966
63,16,40,0,3,2,0,4,0,0,0,0,0,7,46,0.1111111111111111,0,0,1,0,0,4.564681217790536,0,0.15873015873015872,1,1,1.0
26,18,0,0,2,0,0,2,0,0,0,0,0,0,21,0.0,1,0,1,0,0,3.9021748142117274,0,0.19230769230769232,0,0,0.003727924127110542
32,24,0,0,2,0,0,2,0,0,0,0,0,0,27,0.0,1,0,1,0,0,4.101409765557392,0,0.15625,0,0,0.008553085106135014
35,27,0,0,3,0,0,2,0,0,0,0,0,0,29,0.0,1,0,2,0,0,4.16429908806447,0,0.17142857142857143,0,0,0.015402173644744997
29,21,0,0,2,0,0,2,0,0,0,0,0,0,24,0.0,1,0,1,0,0,3.9093680639438846,0,0.1724137931034483,0,0,0.004970814269591249
36,28,0,0,3,0,0,2,0,0,0,0,0,0,30,0.0,1,0,2,0,0,3.8746697102453482,0,0.16666666666666666,0,0,0.06433984988227083
26,19,0,0,3,0,0,2,0,0,0,0,0,0,20,0.0,0,0,2,0,0,3.767183467891461,0,0.23076923076923078,1,1,0.9848374290714922
24,16,0,0,2,0,0,2,0,0,0,0,0,3,16,0.125,1,0,1,0,0,3.855388542207534,0,0.20833333333333334,0,0,0.06591503624438955
31,23,0,0,2,1,0,2,0,0,0,0,0,0,25,0.0,1,0,1,0,0,4.082597923010943,0,0.1935483870967742,0,0,0.00761963884343154
30,22,0,0,2,0,0,2,0,0,0,0,0,0,25,0.0,1,0,1,0,0,3.8477426785812736,0,0.16666666666666666,0,0,0.006481292669880827
23,15,0,0,2,0,0,2,0,0,0,0,0,1,17,0.043478260869565216,1,0,1,0,0,3.7622673906514947,0,0.21739130434782608,0,0,0.019722103187402286
43,35,0,0,3,0,0,2,0,0,0,0,0,0,37,0.0,1,0,2,0,0,4.315231324217972,0,0.13953488372093023,0,0,0.3155698579767581
23,15,0,0,2,0,0,2,0,0,0,0,0,0,18,0.0,1,0,1,0,0,3.675310868912364,0,0.21739130434782608,0,0,0.009622496680157706
31,23,0,0,2,1,0,2,0,0,0,0,0,0,25,0.0,1,0,1,0,0,3.9779168746936358,0,0.1935483870967742,0,0,0.006493220448062673
70,22,40,0,3,2,0,6,0,0,0,0,0,0,58,0.0,1,0,1,0,0,4.3384509249979475,0,0.17142857142857143,1,1,1.0
26,18,1,0,2,0,0,3,0,0,0,0,0,2,18,0.07692307692307693,0,0,1,0,0,3.8441065448145375,0,0.23076923076923078,1,1,1.0
25,17,0,0,2,0,0,2,0,0,0,0,0,0,20,0.0,1,0,1,0,0,3.7336606896881857,0,0.2,0,0,0.0034397638404539835
50,41,1,0,2,1,0,3,0,0,0,0,0,0,43,0.0,1,0,1,0,0,3.8692750707107124,0,0.14,1,1,1.0
26,18,0,0,2,1,0,2,0,0,0,0,0,0,20,0.0,1,0,1,0,0,4.026986833359286,0,0.23076923076923078,0,0,0.008912874947335942
23,15,0,0,2,0,0,2,0,0,0,0,0,0,18,0.0,1,0,1,0,0,3.464234652726567,0,0.21739130434782608,0,0,0.0144528461603886
31,23,0,0,2,0,0,2,0,0,0,0,0,0,26,0.0,1,0,1,0,0,4.15565155225257,0,0.16129032258064516,0,0,0.0072778624859344545
54,8,38,0,3,1,0,8,0,0,0,0,0,3,38,0.05555555555555555,1,0,0,0,0,4.307869622766847,0,0.24074074074074073,1,1,1.0
25,18,0,0,2,0,0,2,0,0,0,0,0,0,20,0.0,0,0,1,0,0,3.7532696895151076,0,0.2,1,1,0.9865962493872746
32,24,0,0,2,0,0,2,0,0,0,0,0,0,27,0.0,1,0,1,0,0,4.077819531114783,0,0.15625,0,0,0.009314949700848443
57,50,0,0,3,3,0,2,0,0,0,0,0,11,37,0.19298245614035087,0,0,2,0,0,4.657108435065549,0,0.15789473684210525,1,1,0.9985870833333333
22,15,0,0,3,0,0,2,0,0,0,0,0,0,16,0.0,0,0,2,0,0,3.7201287774331875,0,0.2727272727272727,1,1,0.9684433462243288
91,15,16,51,2,0,1,5,3,0,0,0,0,28,51,0.3076923076923077,1,0,0,1,0,4.545757964990076,0,0.13186813186813187,1,1,1.0
51,42,1,0,2,3,0,3,0,0,0,0,0,10,32,0.19607843137254902,1,0,1,0,0,4.6404804305383465,0,0.17647058823529413,1,1,1.0
35,27,0,0,2,1,0,2,0,0,0,0,0,0,29,0.0,1,0,1,0,0,4.09314980247381,0,0.17142857142857143,0,0,0.015657471163925962
25,18,0,0,2,1,0,2,0,0,0,0,0,0,19,0.0,0,0,1,0,0,4.053660689688185,0,0.24,1,1,0.9722308769165605
27,19,0,0,2,0,0,2,0,0,0,0,0,0,22,0.0,1,0,1,0,0,4.032303242743953,0,0.18518518518518517,0,0,0.016507349865286017
33,25,0,0,3,0,0,2,0,0,0,0,0,0,27,0.0,1,0,2,0,0,3.98319563424773,0,0.18181818181818182,0,0,0.009308413005560012
37,29,0,0,2,0,0,2,0,0,0,0,0,0,32,0.0,1,0,1,0,0,4.0671651897778585,0,0.13513513513513514,0,0,0.002661595560889643
33,25,0,0,2,0,0,2,0,0,0,0,0,0,28,0.0,1,0,1,0,0,3.9572940290273255,0,0.15151515151515152,0,0,0.006404589691966984
29,21,0,0,2,0,0,2,0,0,0,0,0,0,24,0.0,1,0,1,0,0,4.1162646156680225,0,0.1724137931034483,0,0,0.012425061540673205
19,11,0,0,2,0,0,2,0,0,0,0,0,1,13,0.05263157894736842,1,0,1,0,0,3.40582225028569,0,0.2631578947368421,0,0,0.0952918775900962
33,25,0,0,2,0,0,2,0,0,0,0,0,0,28,0.0,1,0,1,0,0,4.066677073707229,0,0.15151515151515152,0,0,0.007639683309273815
26,18,0,0,2,1,0,2,0,0,0,0,0,0,20,0.0,1,0,1,0,0,4.132944044980958,0,0.23076923076923078,0,0,0.012579807439145356
46,19,20,0,3,0,0,5,0,0,0,0,0,0,37,0.0,0,0,1,0,0,3.9008401535767043,0,0.1956521739130435,1,1,1.0
31,23,0,0,2,0,0,2,0,0,0,0,0,0,26,0.0,1,0,1,0,0,3.9779168746936358,0,0.16129032258064516,0,0,0.004732917317744725
36,28,0,0,3,1,0,2,0,0,0,0,0,0,29,0.0,1,0,2,0,0,4.252715278979704,0,0.19444444444444445,0,0,0.05002561270599151
47,40,0,0,4,3,0,2,0,0,0,0,0,1,36,0.02127659574468085,0,0,3,0,0,4.2506694364618,0,0.2127659574468085,1,1,0.9989794213442826
20,12,0,0,2,0,0,2,0,0,0,0,0,0,15,0.0,1,0,1,0,0,3.6841837197791882,0,0.25,0,0,0.007304607557808997
24,16,0,0,2,0,0,2,0,0,0,0,0,0,19,0.0,1,0,1,0,0,3.772055208874201,0,0.20833333333333334,0,0,0.005417498700028583
20,12,0,0,2,0,0,2,0,0,0,0,0,0,15,0.0,1,0,1,0,0,3.4086949695628417,0,0.25,0,0,0.005463664105718776
37,30,0,0,2,0,0,2,0,0,0,0,0,0,32,0.0,0,0,1,0,0,4.003259028248121,0,0.13513513513513514,1,1,0.9656231479262242
33,25,0,0,3,0,0,2,0,0,0,0,0,0,27,0.0,1,0,2,0,0,3.793357376475294,0,0.18181818181818182,0,0,0.017603299522393066
37,29,1,0,2,1,0,3,0,0,0,0,0,7,23,0.1891891891891892,0,0,1,0,0,4.17144331274877,0,0.1891891891891892,1,1,1.0
53,20,25,0,2,0,0,5,0,0,0,0,0,0,45,0.0,1,0,0,0,0,4.14587382377142,0,0.1509433962264151,1,1,1.0
27,20,0,0,3,0,0,2,0,0,0,0,0,3,18,0.1111111111111111,0,0,2,0,0,3.8561962982193796,0,0.2222222222222222,1,1,0.9981590923280389
36,28,0,0,2,0,0,2,0,0,0,0,0,0,31,0.0,1,0,1,0,0,3.8638263900908156,0,0.1388888888888889,0,0,0.004190437954324842
28,20,0,0,2,0,0,2,0,0,0,0,0,0,23,0.0,1,0,1,0,0,3.7439821538141276,0,0.17857142857142858,0,0,0.006496756290916128
29,21,0,0,2,0,0,2,0,0,0,0,0,0,24,0.0,1,0,1,0,0,3.7848977027564086,0,0.1724137931034483,0,0,0.006749307883568526
22,14,0,0,2,0,0,2,0,0,0,0,0,0,17,0.0,1,0,1,0,0,3.663532754804254,0,0.22727272727272727,0,0,0.014183225813440083
43,35,0,0,3,0,0,2,0,0,0,0,0,0,37,0.0,1,0,2,0,0,4.152895277907598,0,0.13953488372093023,0,0,0.4487795753169172
26,18,0,0,2,0,0,2,0,0,0,0,0,0,21,0.0,1,0,1,0,0,3.9790978911348045,0,0.19230769230769232,0,0,0.004194649840584041
31,24,0,0,3,0,0,2,0,0,0,0,0,0,25,0.0,0,0,2,0,0,3.953565664946427,0,0.1935483870967742,1,1,0.98045236419665
32,24,0,0,2,0,0,2,0,0,0,0,0,0,27,0.0,1,0,1,0,1,4.202819531114783,0,0.15625,0,0,0.05418156459759413
31,23,0,0,2,0,0,2,0,0,0,0,0,0,26,0.0,1,0,1,0,0,4.0022680844408445,0,0.16129032258064516,0,0,0.004795190438054153
88,15,65,0,2,0,0,4,0,0,0,0,0,9,72,0.10227272727272728,1,0,1,0,0,4.68890363712793,0,0.07954545454545454,1,1,1.0
18,11,0,0,2,0,0,2,0,0,0,0,0,0,13,0.0,0,0,1,0,0,3.1971597234241487,0,0.2777777777777778,1,1,0.9881629390340003
47,40,0,0,3,0,0,2,0,0,0,0,0,5,36,0.10638297872340426,0,0,2,0,0,4.655340713241671,0,0.1276595744680851,1,1,0.9917294124820704
33,25,0,0,3,1,0,2,0,0,0,0,0,0,26,0.0,1,0,2,0,0,4.104407755459851,0,0.21212121212121213,0,0,0.011973133444274078
25,17,0,0,2,0,0,2,0,0,0,0,0,0,20,0.0,1,0,1,0,0,3.8936606896881854,0,0.2,0,0,0.0030593884458796385
21,13,0,0,2,0,0,2,0,0,0,0,0,0,16,0.0,1,0,1,0,0,3.7849418274376427,0,0.23809523809523808,0,0,0.022685964972047966
24,16,0,0,2,0,0,2,0,0,0,0,0,0,19,0.0,1,0,1,0,0,3.7720552088742005,0,0.20833333333333334,0,0,0.005417498700028583
23,15,0,0,2,0,0,2,0,0,0,0,0,0,18,0.0,1,0,1,0,0,3.849223912390625,0,0.21739130434782608,0,0,0.016307470413877676
27,19,0,0,2,0,0,2,0,0,0,0,0,0,22,0.0,1,0,1,0,0,4.032303242743953,0,0.18518518518518517,0,0,0.016507349865286017
30,22,0,0,2,0,0,2,0,0,0,0,0,0,25,0.0,1,0,1,0,0,3.856564762130954,0,0.16666666666666666,0,0,0.005201514974552918
32,24,0,0,2,0,0,2,0,0,0,0,0,0,27,0.0,1,0,1,0,0,4.038909765557392,0,0.15625,0,0,0.008806843452078952
31,23,0,0,2,0,0,2,0,0,0,0,0,0,26,0.0,1,0,1,0,0,4.042433003725894,0,0.16129032258064516,0,0,0.005310445388312812
25,17,0,0,4,0,0,2,0,0,0,0,0,0,18,0.0,1,0,3,0,0,3.6234651896016468,0,0.28,0,0,0.0038196222600157953
32,24,0,0,2,0,0,2,0,0,0,0,0,0,27,0.0,1,0,1,0,0,3.9764097655573916,0,0.15625,0,0,0.008928299707288402
30,22,0,0,2,1,0,2,0,0,0,0,0,0,24,0.0,1,0,1,0,0,4.081727678869736,0,0.2,0,0,0.01876959405059984
23,15,0,0,2,0,0,2,0,0,0,0,0,0,18,0.0,1,0,1,0,0,3.969001629875993,0,0.21739130434782608,0,0,0.013642207161904406
37,28,1,0,2,0,0,3,0,0,0,0,0,3,28,0.08108108108108109,1,0,1,0,0,4.249729716863357,0,0.16216216216216217,1,1,1.0
24,16,0,0,2,0,0,2,0,0,0,0,0,0,19,0.0,1,0,1,0,0,3.886842188131012,0,0.20833333333333334,0,0,0.005295858157184312
44,35,1,0,2,3,0,3,0,0,0,0,0,8,27,0.18181818181818182,1,0,1,0,0,4.481714572986072,0,0.20454545454545456,1,1,1.0
32,25,0,0,1,0,0,2,0,0,0,0,0,0,28,0.0,0,0,0,0,0,3.7181390622295662,0,0.125,1,1,1.0
20,12,0,0,2,0,0,2,0,0,0,0,0,0,15,0.0,1,0,1,0,0,3.3841837197791884,0,0.25,0,0,0.005395834923168871
19,11,0,0,2,0,0,2,0,0,0,0,0,0,14,0.0,1,0,1,0,0,3.326360407952694,0,0.2631578947368421,0,0,0.003483505614106025
34,25,1,0,2,0,0,3,0,0,0,0,0,2,26,0.058823529411764705,1,0,1,0,0,4.0796786498829745,0,0.17647058823529413,1,1,0.9989030682387954
29,22,0,0,2,0,0,2,0,0,0,0,0,0,24,0.0,0,0,1,0,0,4.168325822713779,0,0.1724137931034483,1,1,0.9828827051698906
77,26,43,0,3,1,1,6,0,0,0,0,0,0,65,0.0,1,0,1,0,0,4.295182157212757,0,0.15584415584415584,1,1,1.0
22,6,8,0,1,0,0,3,0,0,0,0,0,0,17,0.0,1,0,0,0,0,3.6978458230844122,0,0.22727272727272727,1,1,1.0
49,40,1,0,3,2,0,3,0,0,0,0,0,11,29,0.22448979591836735,1,0,2,0,0,4.540644732215398,0,0.1836734693877551,1,1,1.0
40,31,1,0,2,2,0,3,0,0,0,0,0,6,26,0.15,1,0,1,0,0,4.375070520364181,0,0.2,1,1,1.0
32,25,0,0,2,2,0,2,0,0,0,0,0,0,25,0.0,0,0,1,0,0,4.007048827786958,0,0.21875,1,1,0.9513777817051945
25,16,1,0,2,1,0,3,0,0,0,0,0,1,17,0.04,1,0,1,0,0,3.703465189601647,0,0.28,1,1,0.9967109224405029
29,21,0,0,2,0,0,2,0,0,0,0,0,0,24,0.0,1,0,1,0,0,3.840402546702506,0,0.1724137931034483,0,0,0.008372027405062704
27,20,0,0,2,1,0,2,0,0,0,0,0,0,21,0.0,0,0,1,0,0,3.763965742824081,0,0.2222222222222222,1,1,0.9842336679014477
28,20,0,0,2,0,0,2,0,0,0,0,0,0,23,0.0,1,0,1,0,0,3.923251796980338,0,0.17857142857142858,0,0,0.0062027140142167795
25,17,0,0,2,0,0,2,0,0,0,0,0,0,20,0.0,1,0,1,0,0,3.9434651896016466,0,0.2,0,0,0.0025758722558427067
28,20,0,0,2,0,0,2,0,0,0,0,0,0,23,0.0,1,0,1,0,0,3.9946803684089094,0,0.17857142857142858,0,0,0.015016707486398545
27,19,0,0,2,0,0,2,0,0,0,0,0,0,22,0.0,1,0,1,0,0,3.838039816898155,0,0.18518518518518517,0,0,0.006043732008081724
92,7,77,0,2,0,0,5,0,0,0,0,0,13,71,0.14130434782608695,1,0,0,0,0,4.814231728163737,0,0.08695652173913043,1,1,1.0
36,27,1,0,2,1,0,3,0,0,0,0,0,0,29,0.0,1,0,1,0,0,3.972163460365541,0,0.19444444444444445,1,1,1.0
24,15,1,0,1,0,0,3,0,0,0,0,0,0,19,0.0,1,0,0,0,0,3.6572682296173897,0,0.20833333333333334,1,1,1.0
32,24,0,0,2,0,0,2,0,0,0,0,0,0,27,0.0,1,0,1,0,0,4.140319531114783,0,0.15625,0,0,0.008196255533179382
27,19,0,0,3,0,0,2,0,0,0,0,0,0,21,0.0,1,0,2,0,0,3.7821222241453056,0,0.2222222222222222,0,0,0.010493638836740508
51,42,1,0,2,2,0,3,0,0,0,0,0,0,43,0.0,1,0,1,0,0,4.3363671951593865,0,0.1568627450980392,1,1,1.0
39,30,1,0,2,2,0,3,0,0,0,0,0,6,25,0.15384615384615385,1,0,1,0,0,4.333622334791382,0,0.20512820512820512,1,1,1.0
20,5,7,0,1,0,0,3,0,0,0,0,0,0,15,0.0,1,0,0,0,0,3.5464393446710156,0,0.25,1,1,1.0
36,27,1,0,2,1,0,3,0,0,0,0,0,6,23,0.16666666666666666,1,0,1,0,0,4.41938194564637,0,0.19444444444444445,1,1,1.0
30,22,0,0,3,0,0,2,0,0,0,0,0,0,24,0.0,1,0,2,0,0,4.031401845392171,0,0.2,0,0,0.01297913633104455
54,45,1,0,2,3,0,3,0,0,0,0,0,3,42,0.05555555555555555,1,0,1,0,1,4.343057299246294,0,0.16666666666666666,1,1,1.0
26,18,0,0,2,0,0,2,0,0,0,0,0,0,21,0.0,1,0,1,0,0,3.9500637564362093,0,0.19230769230769232,0,0,0.0032517506120185355
25,17,0,0,2,0,0,2,0,0,0,0,0,0,20,0.0,1,0,1,0,0,3.5630741894285696,0,0.2,0,0,0.005568260982188091
34,12,15,0,5,0,0,3,0,0,0,0,0,9,16,0.2647058823529412,0,1,2,0,1,3.9146892241642446,0,0.2647058823529412,1,1,0.9982071007481428
167,15,108,35,2,3,2,7,1,3,2,0,0,23,123,0.1377245508982036,1,0,1,3,0,5.151660464900658,0,0.12574850299401197,1,1,1.0
39,30,1,0,2,2,0,3,0,0,0,0,0,0,31,0.0,1,0,1,0,0,4.015920808494891,0,0.20512820512820512,1,1,1.0
203,34,5,156,2,1,0,3,1,2,1,0,0,20,172,0.09852216748768473,0,0,1,2,0,5.069793486830902,0,0.054187192118226604,1,1,1.0
28,20,0,0,2,0,0,2,0,0,0,0,0,0,23,0.0,1,0,1,0,0,3.8423709931771084,0,0.17857142857142858,0,0,0.0076868637569560356
26,18,0,0,2,0,0,2,0,0,0,0,0,0,21,0.0,1,0,1,0,0,3.642371448743902,0,0.19230769230769232,0,0,0.006611284378262955
23,16,0,0,2,1,0,2,0,0,0,0,0,0,17,0.0,0,0,1,0,0,3.8820451081368628,0,0.2608695652173913,1,1,0.9741886027725707
21,13,0,0,2,0,0,2,0,0,0,0,0,0,16,0.0,1,0,1,0,0,3.558518613048906,0,0.23809523809523808,0,0,0.010524297992008323
32,24,0,0,2,1,0,2,0,0,0,0,0,0,26,0.0,1,0,1,0,0,3.9139097655573916,0,0.1875,0,0,0.014242698942974445
40,33,0,0,2,0,0,2,0,0,0,0,0,0,35,0.0,0,0,1,0,1,4.034183719779189,0,0.125,1,1,0.9412094629185348
19,11,0,0,2,0,0,2,0,0,0,0,0,0,14,0.0,1,0,1,0,0,3.471354487013929,0,0.2631578947368421,0,0,0.004879182365489953
39,30,1,0,2,1,0,3,0,0,0,0,0,0,32,0.0,1,0,1,0,0,4.141064001347102,0,0.1794871794871795,1,1,1.0
23,15,0,0,3,0,0,2,0,0,0,0,0,0,17,0.0,1,0,2,0,0,3.501397825434103,0,0.2608695652173913,0,0,0.00941137761013613
26,18,0,0,2,0,0,2,0,0,0,0,0,0,21,0.0,1,0,1,0,0,3.796217602590056,0,0.19230769230769232,0,0,0.0057776986682123894
27,19,0,0,2,0,0,2,0,0,0,0,0,0,22,0.0,1,0,1,0,0,3.661932872373582,0,0.18518518518518517,0,0,0.0030979152885686496
21,13,0,0,2,0,0,2,0,0,0,0,0,0,16,0.0,1,0,1,0,0,3.7849418274376427,0,0.23809523809523808,0,0,0.022685964972047966
38,5,25,0,1,0,2,3,0,0,0,0,0,4,27,0.10526315789473684,1,0,0,0,0,4.4842551447948,0,0.18421052631578946,1,1,1.0
41,20,13,0,1,0,0,5,0,0,0,0,0,1,33,0.024390243902439025,1,0,0,0,0,3.918680822674402,0,0.17073170731707318,1,1,1.0
25,17,0,0,2,0,0,2,0,0,0,0,0,0,20,0.0,1,0,1,0,0,3.943465189601646,0,0.2,0,0,0.0025758722558427067
21,13,0,0,2,0,0,2,0,0,0,0,0,0,16,0.0,1,0,1,0,0,3.6537567082870015,0,0.23809523809523808,0,0,0.011853011841857757
55,46,1,0,2,0,0,3,0,0,0,0,0,0,49,0.0,1,0,1,0,0,4.16962875145022,0,0.10909090909090909,1,1,0.9966666666666667
22,14,0,0,2,0,0,2,0,0,0,0,0,0,17,0.0,1,0,1,0,0,3.572623663895164,0,0.22727272727272727,0,0,0.013892352074782982
17,9,0,0,2,0,0,2,0,0,0,0,0,0,12,0.0,1,0,1,0,0,3.337175341123077,0,0.29411764705882354,0,0,0.0035091682472212114
42,33,1,0,2,3,0,3,0,0,0,0,0,3,30,0.07142857142857142,1,0,1,0,0,4.189238255803027,0,0.21428571428571427,1,1,1.0
21,12,1,0,1,0,0,3,0,0,0,0,0,0,16,0.0,1,0,0,0,0,3.7849418274376423,0,0.23809523809523808,1,1,1.0
29,21,0,0,1,1,0,2,0,0,0,0,0,0,24,0.0,1,0,0,0,0,4.237291339955158,0,0.1724137931034483,1,1,0.8460741521489816
27,19,0,0,2,0,0,2,0,0,0,0,0,0,22,0.0,1,0,1,0,0,3.8561962982193796,0,0.18518518518518517,0,0,0.006135218630085277
32,24,0,0,2,0,0,2,0,0,0,0,0,0,27,0.0,1,0,1,0,1,4.116729296672174,0,0.15625,0,0,0.017611570309353536
29,22,0,0,2,0,0,2,0,0,0,0,0,0,24,0.0,0,0,1,0,0,3.978333581185264,0,0.1724137931034483,1,1,0.9861372398890054
24,17,0,0,2,0,0,2,0,0,0,0,0,0,19,0.0,0,0,1,0,0,3.855388542207534,0,0.20833333333333334,1,1,0.9901853234817914
44,35,1,0,2,1,0,3,0,0,0,0,0,3,34,0.06818181818181818,1,0,1,0,0,4.527169118440618,0,0.1590909090909091,1,1,1.0
26,17,1,0,2,0,0,3,0,0,0,0,0,3,17,0.11538461538461539,1,0,1,0,0,3.997952698660691,0,0.23076923076923078,1,1,0.9973791195201879
27,18,1,0,2,0,0,3,0,0,0,0,0,2,19,0.07407407407407407,1,0,1,0,0,4.032303242743953,0,0.2222222222222222,1,1,1.0
26,18,0,0,2,0,0,2,0,0,0,0,0,0,21,0.0,1,0,1,0,0,3.661226256269789,0,0.19230769230769232,0,0,0.004401991455395189
26,19,0,0,2,0,0,2,0,0,0,0,0,0,21,0.0,0,0,1,0,0,3.8252517372886508,0,0.19230769230769232,1,1,0.9923041919600268
24,16,0,0,2,1,0,2,0,0,0,0,0,0,18,0.0,1,0,1,0,0,3.855388542207534,0,0.25,0,0,0.01845666697106601
23,15,0,0,2,0,0,2,0,0,0,0,0,0,18,0.0,1,0,1,0,0,3.882045108136863,0,0.21739130434782608,0,0,0.02375840767394129
46,37,1,0,2,3,0,3,0,0,0,0,0,8,29,0.17391304347826086,1,0,1,0,0,4.265424934732508,0,0.1956521739130435,1,1,1.0
54,31,1,0,3,1,0,3,0,0,0,0,1,0,44,0.0,1,0,1,0,0,4.434809492623761,0,0.18518518518518517,1,1,1.0
22,15,0,0,2,0,0,2,0,0,0,0,0,0,17,0.0,0,0,1,0,0,3.572623663895164,0,0.22727272727272727,1,1,0.9720013172744082
27,20,0,0,3,0,0,2,0,0,0,0,0,7,14,0.25925925925925924,0,0,2,0,0,4.032303242743954,0,0.2222222222222222,1,1,1.0
32,24,0,0,2,0,0,2,0,0,0,0,0,0,27,0.0,1,0,1,0,0,4.140319531114783,0,0.15625,0,0,0.008196255533179382
22,14,0,0,3,0,0,2,0,0,0,0,0,0,16,0.0,1,0,2,0,0,3.4251185503571397,0,0.2727272727272727,0,0,0.005562856449439167
30,22,1,0,2,0,0,3,0,0,0,0,0,0,24,0.0,0,0,1,0,0,4.1898980954642875,0,0.2,1,1,1.0
37,30,0,0,2,0,0,2,0,0,0,0,0,0,32,0.0,0,0,1,0,0,4.0573130823021755,0,0.13513513513513514,1,1,0.9627348998603067
22,14,0,0,3,0,0,2,0,0,0,0,0,0,16,0.0,1,0,2,0,0,3.6292196865240967,0,0.2727272727272727,0,0,0.005136414472514094
37,28,1,0,2,0,0,3,0,0,0,0,0,3,28,0.08108108108108109,1,0,1,0,0,4.249729716863357,0,0.16216216216216217,1,1,1.0
42,33,1,0,2,1,0,3,0,0,0,0,0,0,35,0.0,1,0,1,0,0,4.214128292889142,0,0.16666666666666666,1,1,0.9985870833333333
26,18,0,0,2,0,0,2,0,0,0,0,0,0,21,0.0,1,0,1,0,0,3.796217602590055,0,0.19230769230769232,0,0,0.0057776986682123894
27,20,0,0,3,0,0,2,0,0,0,0,0,7,14,0.25925925925925924,0,0,2,0,0,3.9582291686698787,0,0.2222222222222222,1,1,1.0
24,16,0,0,2,0,0,2,0,0,0,0,0,0,19,0.0,1,0,1,0,0,3.6682958340544896,0,0.20833333333333334,0,0,0.0054823693991794195
30,22,0,0,3,1,0,2,0,0,0,0,0,0,23,0.0,1,0,2,0,0,4.1898980954642875,0,0.23333333333333334,0,0,0.02781567716224141
31,23,0,0,2,0,0,2,0,0,0,0,0,0,26,0.0,1,0,1,0,0,4.042433003725894,0,0.16129032258064516,0,0,0.005310445388312812
21,13,0,0,2,0,0,2,0,0,0,0,0,0,16,0.0,1,0,1,0,0,3.689703732199548,0,0.23809523809523808,0,0,0.01188759383569943
27,20,0,0,2,1,0,2,0,0,0,0,0,0,21,0.0,0,0,1,0,0,3.8841550945958043,0,0.2222222222222222,1,1,0.9848193998498088
22,15,0,0,2,0,0,2,0,0,0,0,0,0,17,0.0,0,0,1,0,1,3.3908054820769817,0,0.22727272727272727,1,1,0.9644154727775437
22,14,0,0,3,0,0,2,0,0,0,0,0,0,16,0.0,1,0,2,0,0,3.5383105956150063,0,0.2727272727272727,0,0,0.0058153346603093915
24,16,0,0,2,0,0,2,0,0,0,0,0,0,19,0.0,1,0,1,0,0,3.7720552088742005,0,0.20833333333333334,0,0,0.005417498700028583
30,21,1,0,2,0,0,3,0,0,0,0,0,0,24,0.0,1,0,1,0,0,4.056564762130955,0,0.2,1,1,1.0
24,16,0,0,2,0,0,2,0,0,0,0,0,0,19,0.0,1,0,1,0,0,3.7720552088742005,0,0.20833333333333334,0,0,0.005417498700028583
25,17,0,0,2,0,0,2,0,0,0,0,0,0,20,0.0,1,0,1,0,0,3.753269689515108,0,0.2,0,0,0.0034397638404539835
93,7,78,0,2,0,0,5,0,0,0,0,0,8,77,0.08602150537634409,1,0,0,0,0,4.71088697348063,0,0.08602150537634409,1,1,1.0
32,24,1,0,2,0,0,3,0,0,0,0,0,0,26,0.0,0,0,1,0,0,3.902518266288633,0,0.1875,1,1,1.0
22,14,0,0,2,0,0,2,0,0,0,0,0,0,17,0.0,1,0,1,0,0,3.4251185503571397,0,0.22727272727272727,0,0,0.016643354428551433
22,14,0,0,3,0,0,2,0,0,0,0,0,0,16,0.0,1,0,2,0,0,3.5039975273348483,0,0.2727272727272727,0,0,0.0058153346603093915
29,22,0,0,2,1,0,2,0,0,0,0,0,0,23,0.0,0,0,1,0,0,3.9523029776623857,0,0.20689655172413793,1,1,0.9781224423172347
26,18,0,0,2,0,0,2,0,0,0,0,0,0,21,0.0,1,0,1,0,0,3.7483286603655737,0,0.19230769230769232,0,0,0.005362687428727657
26,19,0,0,2,0,0,2,0,0,0,0,0,0,21,0.0,0,0,1,0,0,3.7962176025900556,0,0.19230769230769232,1,1,0.9923041919600268
19,11,0,0,2,0,0,2,0,0,0,0,0,0,14,0.0,1,0,1,0,0,3.5368867237421675,0,0.2631578947368421,0,0,0.004879182365489953
36,28,1,0,3,1,0,3,0,0,0,0,0,5,23,0.1388888888888889,0,0,2,0,0,4.363826390090814,0,0.2222222222222222,1,1,0.9985870833333333
33,26,0,0,3,0,0,2,0,0,0,0,0,0,27,0.0,0,0,2,0,0,3.861983513035609,0,0.18181818181818182,1,1,0.9851780013181792
29,21,0,0,2,0,0,2,0,0,0,0,0,0,24,0.0,1,0,1,0,0,3.65041030517399,0,0.1724137931034483,0,0,0.0062099001590306836
27,19,0,0,2,0,0,2,0,0,0,0,0,0,22,0.0,1,0,1,0,0,3.986187965046304,0,0.18518518518518517,0,0,0.005086770973511688
33,25,0,0,2,0,0,2,0,0,0,0,0,0,28,0.0,1,0,1,0,0,4.0060710131011685,0,0.15151515151515152,0,0,0.006427994994141065
28,20,0,0,3,0,0,2,0,0,0,0,0,0,22,0.0,1,0,2,0,0,3.7264741182543752,0,0.21428571428571427,0,0,0.010095782730036047
21,14,0,0,2,0,0,2,0,0,0,0,0,0,16,0.0,0,0,1,0,0,3.689703732199548,0,0.23809523809523808,1,1,0.97312417488659
34,26,0,0,2,2,0,2,0,0,0,0,0,0,27,0.0,1,0,1,0,0,3.925410635240724,0,0.20588235294117646,0,0,0.02126886125867195
37,29,0,0,2,0,0,2,0,0,0,0,0,0,32,0.0,1,0,1,0,0,4.249729716863358,0,0.13513513513513514,0,0,0.016772787138454877
59,18,33,0,2,3,0,4,0,0,0,0,0,1,48,0.01694915254237288,1,0,1,0,0,4.477662490216399,0,0.1694915254237288,1,1,1.0
36,27,1,0,4,0,0,3,0,0,0,0,0,0,28,0.0,1,0,3,0,0,4.218128820706466,0,0.2222222222222222,1,1,0.9866666666666667
30,22,0,0,2,0,0,2,0,0,0,0,0,0,25,0.0,1,0,1,0,0,3.898068512058838,0,0.16666666666666666,0,0,0.005996834651531154
28,20,0,0,3,0,0,2,0,0,0,0,0,0,22,0.0,1,0,2,0,0,3.9407598325400897,0,0.21428571428571427,0,0,0.008548262264385471
25,17,0,0,2,0,0,2,0,0,0,0,0,0,20,0.0,1,0,1,0,0,3.6536606896881856,0,0.2,0,0,0.0029490762484657954
35,27,0,0,2,0,0,2,0,0,0,0,0,0,30,0.0,1,0,1,0,0,3.761445788918474,0,0.14285714285714285,0,0,0.006463735068025406
22,14,0,0,2,0,0,2,0,0,0,0,0,0,17,0.0,1,0,1,0,0,3.879664004902594,0,0.22727272727272727,0,0,0.014859307294805977
33,25,0,0,2,0,0,2,0,0,0,0,0,0,28,0.0,1,0,1,0,0,3.9454649524951084,0,0.15151515151515152,0,0,0.006404589691966984
110,16,58,0,4,2,1,5,0,0,0,0,1,32,63,0.2909090909090909,1,0,1,0,0,4.836401278431551,0,0.13636363636363635,1,1,1.0
25,17,0,0,2,0,0,2,0,0,0,0,0,0,20,0.0,1,0,1,0,0,4.023465189601646,0,0.2,0,0,0.004366032195945248
18,10,0,0,2,0,0,2,0,0,0,0,0,0,13,0.0,1,0,1,0,0,3.4613201402110083,0,0.2777777777777778,0,0,0.0041895600508676375
35,26,1,0,2,1,0,3,0,0,0,0,0,2,26,0.05714285714285714,1,0,1,0,0,3.9001530166977125,0,0.2,1,1,1.0
27,19,0,0,2,0,0,2,0,0,0,0,0,0,22,0.0,1,0,1,0,0,3.8841550945958048,0,0.18518518518518517,0,0,0.005675347800511108
46,37,1,0,2,2,0,3,0,0,0,0,0,0,38,0.0,1,0,1,0,0,4.178468412993378,0,0.17391304347826086,1,1,1.0
29,21,0,0,3,0,0,2,0,0,0,0,0,0,23,0.0,1,0,2,0,0,3.883337460421006,0,0.20689655172413793,0,0,0.009568981065469022
19,11,0,0,2,0,0,2,0,0,0,0,0,0,14,0.0,1,0,1,0,0,3.5766176449086657,0,0.2631578947368421,0,0,0.005149518898988455
25,18,0,0,2,0,0,2,0,0,0,0,0,0,20,0.0,0,0,1,0,0,3.753269689515108,0,0.2,1,1,0.9865962493872746
29,22,0,0,3,0,0,2,0,0,0,0,0,0,23,0.0,0,0,2,0,0,3.840402546702505,0,0.20689655172413793,1,1,0.9768878855526526
26,18,0,0,2,0,0,2,0,0,0,0,0,0,21,0.0,1,0,1,0,0,4.008132025833399,0,0.19230769230769232,0,0,0.004540074156508232
85,23,54,0,6,0,0,12,0,0,0,2,0,5,59,0.058823529411764705,1,0,2,0,0,4.46566891370192,0,0.24705882352941178,1,1,1.0
76,28,40,0,2,0,0,4,0,0,0,0,0,5,64,0.06578947368421052,1,0,1,0,0,4.762821968172293,0,0.09210526315789473,1,1,1.0
23,15,0,0,2,0,0,2,0,0,0,0,0,0,18,0.0,1,0,1,0,0,3.849223912390625,0,0.21739130434782608,0,0,0.016307470413877676
27,19,0,0,2,0,0,2,0,0,0,0,0,0,22,0.0,1,0,1,0,0,4.014146761422729,0,0.18518518518518517,0,0,0.00627873222531848
21,13,0,0,2,0,0,2,0,0,0,0,0,1,15,0.047619047619047616,1,0,1,0,0,3.653756708287002,0,0.23809523809523808,0,0,0.07659766070560727
29,16,5,0,1,0,0,3,0,0,0,0,0,0,24,0.0,1,0,0,0,0,4.021268494903765,0,0.1724137931034483,1,1,1.0
37,28,1,0,2,1,0,3,0,0,0,0,0,4,26,0.10810810810810811,1,0,1,0,0,4.391489514102183,0,0.1891891891891892,1,1,1.0
26,18,0,0,2,0,0,2,0,0,0,0,0,0,21,0.0,1,0,1,0,0,3.719294525666979,0,0.19230769230769232,0,0,0.005344884861171762
26,18,0,0,2,0,0,2,0,0,0,0,0,0,21,0.0,1,0,1,0,0,3.8731406795131327,0,0.19230769230769232,0,0,0.005348427811046243
34,26,0,0,2,0,0,2,0,0,0,0,0,0,29,0.0,1,0,1,0,0,3.617634357396308,0,0.14705882352941177,0,0,0.013679971521620088
34,26,0,0,2,0,0,2,0,0,0,0,0,0,29,0.0,1,0,1,0,0,4.02085512047121,0,0.14705882352941177,0,0,0.005396652319097874
55,25,23,0,4,0,0,5,0,0,0,0,0,1,44,0.01818181818181818,0,0,2,0,1,4.140653696115068,0,0.18181818181818182,1,1,1.0
98,79,11,0,4,1,0,4,0,0,0,0,0,12,76,0.12244897959183673,1,0,2,0,0,4.901543360319998,1,0.10204081632653061,1,1,1.0
29,13,8,0,2,0,0,4,0,0,0,0,0,2,20,0.06896551724137931,1,0,1,0,0,4.03039478823102,0,0.2413793103448276,1,1,0.9966666666666667
27,20,0,0,2,0,0,2,0,0,0,0,0,0,22,0.0,0,0,1,0,0,4.032303242743954,0,0.18518518518518517,1,1,0.9809185438310859
26,18,0,0,2,0,0,2,0,0,0,0,0,0,21,0.0,1,0,1,0,0,4.103909910282363,0,0.19230769230769232,0,0,0.007931162401333508
33,24,1,0,3,0,0,3,0,0,0,0,0,0,26,0.0,1,0,2,0,0,4.020926316000352,0,0.21212121212121213,1,1,1.0
178,15,108,46,3,3,1,7,1,4,3,0,0,19,136,0.10674157303370786,1,0,1,4,0,5.116910006222872,0,0.12921348314606743,1,1,1.0
25,18,0,0,2,0,0,2,0,0,0,0,0,0,20,0.0,0,0,1,0,0,3.753269689515108,0,0.2,1,1,0.9865962493872746
24,16,0,0,2,0,0,2,0,0,0,0,0,0,19,0.0,1,0,1,0,0,3.7720552088742005,0,0.20833333333333334,0,0,0.005417498700028583
34,25,1,0,2,1,0,3,0,0,0,0,0,6,21,0.17647058823529413,1,0,1,0,0,4.34865650363964,0,0.20588235294117646,1,1,1.0
31,23,0,0,2,0,0,2,0,0,0,0,0,0,26,0.0,1,0,1,0,0,4.026619294188054,0,0.16129032258064516,0,0,0.005072175452277715
20,12,0,0,2,0,0,2,0,0,0,0,0,0,15,0.0,1,0,1,0,0,3.5841837197791886,0,0.25,0,0,0.006103523061771641
35,9,18,0,1,0,0,3,0,0,0,0,0,4,26,0.11428571428571428,1,0,0,0,0,4.471581588126283,0,0.14285714285714285,1,1,0.9946244542837599
41,33,0,0,3,0,0,2,0,0,0,0,0,0,35,0.0,1,0,2,0,0,4.180365114215879,0,0.14634146341463414,0,0,0.16825633185341815
28,20,0,0,2,0,0,2,0,0,0,0,0,0,23,0.0,1,0,1,0,0,3.8962915290459277,0,0.17857142857142858,0,0,0.006509090438530513
23,16,0,0,2,0,0,2,0,0,0,0,0,0,18,0.0,0,0,1,0,0,3.7950885863977324,0,0.21739130434782608,1,1,0.9808552195426523
24,17,0,0,2,0,0,2,0,0,0,0,0,0,19,0.0,0,0,1,0,0,3.834962500721157,0,0.20833333333333334,1,1,0.9901853234817914
131,26,97,0,1,0,0,4,0,2,0,0,0,14,109,0.10687022900763359,1,0,0,0,0,4.9055717211207375,0,0.061068702290076333,1,1,1.0
29,22,0,0,3,0,0,2,0,0,0,0,0,2,21,0.06896551724137931,0,0,2,0,0,3.900241770616629,0,0.20689655172413793,1,1,0.9902433698787915
52,43,1,0,2,3,0,3,0,0,0,0,0,1,42,0.019230769230769232,1,0,1,0,0,4.249941218809926,0,0.17307692307692307,1,1,1.0
19,11,0,0,2,0,0,2,0,0,0,0,0,0,14,0.0,1,0,1,0,0,3.5766176449086657,0,0.2631578947368421,0,0,0.005149518898988455
55,47,0,0,3,4,0,2,0,0,0,0,0,20,25,0.36363636363636365,1,0,2,0,0,4.460828977468465,0,0.18181818181818182,1,1,1.0
78,22,20,27,6,0,0,5,1,1,0,0,1,0,63,0.0,1,0,2,1,1,4.479196656405559,0,0.19230769230769232,1,1,1.0
25,16,1,0,2,1,0,3,0,0,0,0,0,3,15,0.12,1,0,1,0,0,3.863465189601647,0,0.28,1,1,1.0
31,23,0,0,2,0,0,2,0,0,0,0,0,0,26,0.0,1,0,1,0,0,3.796960730356964,0,0.16129032258064516,0,0,0.0051228209746506026
20,7,5,0,1,0,0,3,0,0,0,0,0,0,15,0.0,1,0,0,0,0,3.6464393446710153,0,0.25,1,1,1.0
25,18,0,0,3,0,0,2,0,0,0,0,0,0,19,0.0,0,0,2,0,0,3.6732696895151085,0,0.24,1,1,0.9854466551949362
27,19,0,0,3,0,0,2,0,0,0,0,0,0,21,0.0,1,0,2,0,0,3.680089353694807,0,0.2222222222222222,0,0,0.009978042292041661
32,24,0,0,3,0,0,2,0,0,0,0,0,0,26,0.0,1,0,2,0,0,3.7775182662886326,0,0.1875,0,0,0.00967644835338639
32,23,1,0,2,1,0,3,0,0,0,0,0,6,19,0.1875,1,0,1,0,0,4.241729296672174,0,0.21875,1,1,1.0
24,16,0,0,2,0,0,2,0,0,0,0,0,0,19,0.0,1,0,1,0,0,3.855388542207534,0,0.20833333333333334,0,0,0.005451851578679096
21,7,6,0,1,0,0,3,0,0,0,0,0,0,16,0.0,1,0,0,0,0,3.8442328987631913,0,0.23809523809523808,1,1,1.0
33,25,0,0,2,0,0,2,0,0,0,0,0,0,28,0.0,1,0,1,0,0,3.907734270742486,0,0.15151515151515152,0,0,0.005412834661508803
31,24,0,0,3,0,0,2,0,0,0,0,0,0,25,0.0,0,0,2,0,0,4.0022680844408445,0,0.1935483870967742,1,1,0.979024803998891
29,21,0,0,2,0,0,2,0,0,0,0,0,0,24,0.0,1,0,1,0,0,4.142295219190901,0,0.1724137931034483,0,0,0.012220574216389734
24,15,1,0,1,0,0,3,0,0,0,0,0,0,19,0.0,1,0,0,0,0,3.8553885422075345,0,0.20833333333333334,1,1,1.0
28,20,0,0,3,0,0,2,0,0,0,0,0,0,22,0.0,1,0,2,0,0,3.8962915290459277,0,0.21428571428571427,0,0,0.008548262264385471
22,15,0,0,2,0,0,2,0,0,0,0,0,0,17,0.0,0,0,1,0,0,3.6978458230844122,0,0.22727272727272727,1,1,0.9704020790684109
24,17,0,0,2,0,0,2,0,0,0,0,0,0,19,0.0,0,0,1,0,0,3.8035088547976788,0,0.20833333333333334,1,1,0.9901853234817914
27,19,0,0,2,0,0,2,0,0,0,0,0,0,22,0.0,1,0,1,0,0,3.9861879650463035,0,0.18518518518518517,0,0,0.005086770973511688
45,19,18,0,2,0,0,5,0,0,0,0,0,11,26,0.24444444444444444,1,0,1,0,0,4.7114216412460355,0,0.17777777777777778,1,1,1.0
23,15,0,0,2,0,0,2,0,0,0,0,0,0,18,0.0,1,0,1,0,0,3.675310868912364,0,0.21739130434782608,0,0,0.009622496680157706
28,20,0,0,2,0,0,2,0,0,0,0,0,0,23,0.0,1,0,1,0,0,3.628085278891394,0,0.17857142857142858,0,0,0.005467649359944346
41,32,1,0,2,3,0,3,0,0,0,0,0,0,32,0.0,1,0,1,0,0,4.289882797037172,0,0.21951219512195122,1,1,0.9904522759761549
20,13,0,0,2,0,0,2,0,0,0,0,0,0,15,0.0,0,0,1,0,0,3.6841837197791882,0,0.25,1,1,0.9802862792048526
28,20,0,0,2,0,0,2,0,0,0,0,0,0,23,0.0,1,0,1,0,0,3.940759832540089,0,0.17857142857142858,0,0,0.006802621866933727
23,15,0,0,3,0,0,2,0,0,0,0,0,0,17,0.0,1,0,2,0,0,3.522711955680758,0,0.2608695652173913,0,0,0.00941137761013613
27,19,0,0,2,0,0,2,0,0,0,0,0,0,22,0.0,1,0,1,0,0,4.032303242743953,0,0.18518518518518517,0,0,0.016507349865286017
25,17,0,0,2,0,0,2,0,0,0,0,0,0,20,0.0,1,0,1,0,0,3.753269689515108,0,0.2,0,0,0.0034397638404539835
22,15,0,0,3,0,0,2,0,0,0,0,0,1,15,0.045454545454545456,0,0,2,0,0,3.754441845713345,0,0.2727272727272727,1,1,0.9819775999201162
31,23,0,0,2,0,0,2,0,0,0,0,0,0,26,0.0,1,0,1,0,0,4.042433003725894,0,0.16129032258064516,0,0,0.005310445388312812
26,18,0,0,2,0,0,2,0,0,0,0,0,0,21,0.0,1,0,1,0,0,3.748328660365574,0,0.19230769230769232,0,0,0.005362687428727657
43,35,1,0,3,0,0,3,0,0,0,0,0,2,34,0.046511627906976744,0,0,2,0,0,4.425810103338053,0,0.16279069767441862,1,1,1.0
44,35,1,0,2,1,0,3,0,0,0,0,0,7,30,0.1590909090909091,1,0,1,0,0,4.390805482076981,0,0.1590909090909091,1,1,0.9985870833333333
29,21,0,0,2,0,0,2,0,0,0,0,0,0,24,0.0,1,0,1,0,0,4.021268494903765,0,0.1724137931034483,0,0,0.006030051060254468
312,14,17,273,16,0,0,9,3,7,6,0,0,63,199,0.20192307692307693,0,1,2,7,2,5.1368335871950705,0,0.16025641025641027,1,1,1.0
24,16,0,0,2,0,0,2,0,0,0,0,0,0,19,0.0,1,0,1,0,0,3.4864405016961446,0,0.20833333333333334,0,0,0.011461146001285344
20,12,0,0,2,0,0,2,0,0,0,0,0,0,15,0.0,1,0,1,0,0,3.6841837197791882,0,0.25,0,0,0.007304607557808997
31,23,0,0,2,0,0,2,0,0,0,0,0,0,26,0.0,1,0,1,0,0,4.091135423220312,0,0.16129032258064516,0,0,0.005683636563488685
19,11,0,0,2,0,0,2,0,0,0,0,0,0,14,0.0,1,0,1,0,0,3.4316235658474303,0,0.2631578947368421,0,0,0.0041895600508676375
21,14,0,0,2,0,0,2,0,0,0,0,0,0,16,0.0,0,0,1,0,0,3.463280517810811,0,0.23809523809523808,1,1,0.9756284725767203
30,22,0,0,2,0,0,2,0,0,0,0,0,0,25,0.0,1,0,1,0,0,3.8695767463163935,0,0.16666666666666666,0,0,0.006831811470352306
22,14,0,0,2,0,0,2,0,0,0,0,0,0,17,0.0,1,0,1,0,0,3.8796640049025934,0,0.22727272727272727,0,0,0.014859307294805977
36,28,0,0,3,0,0,2,0,0,0,0,0,0,30,0.0,1,0,2,0,0,4.117861029749889,0,0.16666666666666666,0,0,0.023391538448199474
37,28,1,0,2,1,0,3,0,0,0,0,0,5,25,0.13513513513513514,1,0,1,0,0,4.199072879541,0,0.1891891891891892,1,1,1.0
21,13,0,0,2,0,0,2,0,0,0,0,0,0,16,0.0,1,0,1,0,0,3.463280517810811,0,0.23809523809523808,0,0,0.011092273151606446
21,13,0,0,2,0,0,2,0,0,0,0,0,0,16,0.0,1,0,1,0,0,3.6537567082870015,0,0.23809523809523808,0,0,0.011853011841857757
25,17,0,0,2,0,0,2,0,0,0,0,0,0,20,0.0,1,0,1,0,0,3.7834651896016465,0,0.2,0,0,0.0035156030378867015
26,18,0,0,2,0,0,2,0,0,0,0,0,0,21,0.0,1,0,1,0,0,4.056020968057881,0,0.19230769230769232,0,0,0.0058260547090382715
21,14,0,0,2,0,0,2,0,0,0,0,0,0,16,0.0,0,0,1,0,0,3.427333493898265,0,0.23809523809523808,1,1,0.9737706408867907
51,34,10,0,3,2,0,3,0,0,0,0,0,0,42,0.0,0,0,1,0,0,4.093104999932589,0,0.17647058823529413,1,1,1.0
23,16,0,0,2,1,0,2,0,0,0,0,0,0,17,0.0,0,0,1,0,0,3.8820451081368628,0,0.2608695652173913,1,1,0.9741886027725707
24,17,0,0,2,2,0,2,0,0,0,0,0,0,17,0.0,0,0,1,0,0,3.8868421881310122,0,0.2916666666666667,1,1,0.9763950178036288
52,45,0,0,5,2,0,2,0,0,0,0,0,4,38,0.07692307692307693,0,0,4,0,0,4.462660333975702,0,0.19230769230769232,1,1,1.0
21,12,1,0,1,0,0,3,0,0,0,0,0,0,16,0.0,1,0,0,0,0,3.3913864699857186,0,0.23809523809523808,1,1,1.0
29,21,0,0,2,0,0,2,0,0,0,0,0,0,24,0.0,1,0,1,0,0,4.073329701949522,0,0.1724137931034483,0,0,0.025800702385302146
44,25,12,0,3,0,0,5,0,0,0,0,0,0,35,0.0,0,0,2,0,1,4.133552154372812,0,0.20454545454545456,1,1,1.0
25,17,0,0,3,0,0,2,0,0,0,0,0,0,19,0.0,1,0,2,0,0,3.833269689515108,0,0.24,0,0,0.005541231382994377
25,17,0,0,2,0,0,2,0,0,0,0,0,0,20,0.0,1,0,1,0,0,3.783465189601647,0,0.2,0,0,0.0035156030378867015
34,15,12,0,2,1,0,4,0,0,0,0,0,2,24,0.058823529411764705,0,0,0,0,0,3.785561002824151,0,0.23529411764705882,1,1,1.0
46,37,1,0,2,3,0,3,0,0,0,0,0,10,27,0.21739130434782608,1,0,1,0,0,4.604764945046351,0,0.1956521739130435,1,1,1.0
22,14,0,0,2,0,0,2,0,0,0,0,0,0,17,0.0,1,0,1,0,0,3.606936732175322,0,0.22727272727272727,0,0,0.013892352074782982
29,21,0,0,3,1,0,2,0,0,0,0,0,0,22,0.0,1,0,2,0,0,3.840402546702505,0,0.2413793103448276,0,0,0.005761464905036964
79,19,52,0,1,1,0,4,0,0,0,0,0,9,63,0.11392405063291139,1,0,0,0,0,4.919499147717721,0,0.08860759493670886,1,1,1.0
25,17,0,0,2,1,0,2,0,0,0,0,0,0,19,0.0,1,0,1,0,0,3.8936606896881854,0,0.24,0,0,0.013342363232027121
33,24,1,0,1,0,0,3,0,0,0,0,0,0,28,0.0,1,0,0,0,0,4.0895524525606675,0,0.15151515151515152,1,1,1.0
26,19,0,0,3,0,0,2,0,0,0,0,0,0,20,0.0,0,0,2,0,0,4.026986833359286,0,0.23076923076923078,1,1,0.9833824710473914
31,21,3,0,2,0,0,3,0,0,0,0,0,0,25,0.0,0,0,1,0,0,3.8646983261669603,0,0.1935483870967742,1,1,1.0
29,21,0,0,2,0,0,2,0,0,0,0,0,0,24,0.0,1,0,1,0,0,3.978333581185264,0,0.1724137931034483,0,0,0.005551372769981398
35,19,8,0,1,1,0,3,0,0,0,0,0,0,29,0.0,1,0,0,0,0,4.321721231045239,0,0.17142857142857143,1,1,0.9966666666666667
30,22,0,0,2,0,0,2,0,0,0,0,0,0,25,0.0,1,0,1,0,0,3.948394345536403,0,0.16666666666666666,0,0,0.004922432951000173
34,26,0,0,2,0,0,2,0,0,0,0,0,0,29,0.0,1,0,1,0,0,4.079678649882975,0,0.14705882352941177,0,0,0.006067003808679057
30,22,0,0,3,1,0,2,0,0,0,0,0,0,23,0.0,1,0,2,0,0,4.164735178725504,0,0.23333333333333334,0,0,0.034154594801595675
28,15,5,0,1,0,0,4,0,0,0,0,0,0,22,0.0,1,0,0,0,0,3.4641534765420032,0,0.21428571428571427,1,1,1.0
26,18,0,0,2,0,0,2,0,0,0,0,0,0,21,0.0,1,0,1,0,0,4.132944044980958,0,0.19230769230769232,0,0,0.007033282331541619
28,12,8,0,1,0,0,4,0,0,0,0,0,0,22,0.0,1,0,0,0,0,3.7264741182543752,0,0.21428571428571427,1,1,1.0
30,22,0,0,2,0,0,2,0,0,0,0,0,0,25,0.0,1,0,1,0,0,3.9898980954642873,0,0.16666666666666666,0,0,0.004944797524013016
38,30,1,0,2,1,0,3,0,0,0,0,0,0,31,0.0,0,0,1,0,0,4.346225868535942,0,0.18421052631578946,1,1,0.9993435164750069
27,19,0,0,2,0,0,2,0,0,0,0,0,0,22,0.0,1,0,1,0,0,4.060262039120378,0,0.18518518518518517,0,0,0.011615360845647432
41,33,0,0,3,0,0,2,0,0,0,0,0,0,35,0.0,1,0,2,0,0,4.104281809855787,0,0.14634146341463414,0,0,0.29601415827865896
26,18,0,0,2,0,0,2,0,0,0,0,0,0,21,0.0,1,0,1,0,0,3.8150724101159423,0,0.19230769230769232,0,0,0.0072489546140462255
27,19,0,0,2,0,0,2,0,0,0,0,0,0,22,0.0,1,0,1,0,0,3.9861879650463035,0,0.18518518518518517,0,0,0.005086770973511688
26,10,8,0,1,0,0,3,0,0,0,0,0,0,21,0.0,1,0,0,0,0,4.18083298720544,0,0.19230769230769232,1,1,0.9966090620150097
24,16,0,0,2,0,0,2,0,0,0,0,0,0,19,0.0,1,0,1,0,0,3.8553885422075345,0,0.20833333333333334,0,0,0.005451851578679096
22,14,0,0,2,0,0,2,0,0,0,0,0,0,17,0.0,1,0,1,0,0,3.788754913993503,0,0.22727272727272727,0,0,0.01743044864218114
28,21,0,0,2,0,0,2,0,0,0,0,0,0,23,0.0,0,0,1,0,0,3.9677201004744997,0,0.17857142857142858,1,1,0.9805257012905227
29,21,0,0,2,1,0,2,0,0,0,0,0,0,23,0.0,1,0,1,0,0,4.0472990984266435,0,0.20689655172413793,0,0,0.015373641643206572
24,17,0,0,2,0,0,2,0,0,0,0,0,0,19,0.0,0,0,1,0,0,3.751629167387823,0,0.20833333333333334,1,1,0.9901853234817914
21,14,0,0,2,0,0,2,0,0,0,0,0,0,16,0.0,0,0,1,0,0,3.558518613048906,0,0.23809523809523808,1,1,0.9757794509851898
30,22,0,0,3,0,0,2,0,0,0,0,0,0,24,0.0,1,0,2,0,0,4.031401845392171,0,0.2,0,0,0.01297913633104455
26,18,0,0,2,0,0,2,0,0,0,0,0,0,21,0.0,1,0,1,0,0,3.671405583442497,0,0.19230769230769232,0,0,0.004401991455395189
25,18,0,0,2,0,0,2,0,0,0,0,0,0,20,0.0,0,0,1,0,0,3.863465189601647,0,0.2,1,1,0.9868456959849959
43,34,1,0,2,2,0,3,0,0,0,0,0,12,23,0.27906976744186046,1,0,1,0,0,4.36174295212495,0,0.18604651162790697,1,1,1.0
28,20,0,0,2,0,0,2,0,0,0,0,0,0,23,0.0,1,0,1,0,0,4.110577243331642,0,0.17857142857142858,0,0,0.011425478749959896
22,14,0,0,2,1,0,2,0,0,0,0,0,1,15,0.045454545454545456,1,0,1,0,0,3.879664004902594,0,0.2727272727272727,0,0,0.25352976971711233
31,23,0,0,2,0,0,2,0,0,0,0,0,0,26,0.0,1,0,1,0,0,4.0022680844408445,0,0.16129032258064516,0,0,0.004795190438054153
32,25,0,0,2,0,0,2,0,0,0,0,0,0,27,0.0,0,0,1,0,0,3.902518266288633,0,0.15625,1,1,0.9766666730508854
27,20,0,0,2,0,0,2,0,0,0,0,0,0,22,0.0,0,0,1,0,0,3.7821222241453056,0,0.18518518518518517,1,1,0.983066048920687
46,29,9,0,5,1,0,3,0,0,0,0,0,0,36,0.0,1,0,3,0,0,4.110655033020253,0,0.21739130434782608,1,1,1.0
29,21,0,0,2,0,0,2,0,0,0,0,0,0,24,0.0,1,0,1,0,0,4.021268494903765,0,0.1724137931034483,0,0,0.006030051060254468
28,20,0,0,2,0,0,2,0,0,0,0,0,0,23,0.0,1,0,1,0,0,3.8248629576173565,0,0.17857142857142858,0,0,0.006448753291144667
25,18,0,0,2,0,0,2,0,0,0,0,0,0,20,0.0,0,0,1,0,0,4.023465189601646,0,0.2,1,1,0.986432887954273
58,37,14,0,3,0,0,4,0,0,0,0,0,0,50,0.0,0,0,2,0,2,4.136455625610946,0,0.13793103448275862,1,1,1.0
35,27,1,0,3,1,0,3,0,0,0,0,0,0,27,0.0,0,0,2,0,0,3.992870516635899,0,0.22857142857142856,1,1,1.0
25,17,0,0,2,0,0,2,0,0,0,0,0,0,20,0.0,1,0,1,0,0,3.7336606896881857,0,0.2,0,0,0.0034397638404539835
19,11,0,0,2,0,0,2,0,0,0,0,0,0,14,0.0,1,0,1,0,0,3.471354487013929,0,0.2631578947368421,0,0,0.004879182365489953
33,25,0,0,2,0,0,2,0,0,0,0,0,0,28,0.0,1,0,1,0,0,3.9801694078807643,0,0.15151515151515152,0,0,0.006396701561370074
39,12,19,0,1,1,0,5,0,0,0,0,0,0,31,0.0,1,0,0,0,0,3.9140190533400934,0,0.20512820512820512,1,1,0.9988147086581146
28,20,0,0,2,0,0,2,0,0,0,0,0,0,23,0.0,1,0,1,0,0,3.967720100474499,0,0.17857142857142858,0,0,0.00683287457054348
53,30,15,0,3,1,0,3,0,0,0,0,0,4,41,0.07547169811320754,1,0,2,0,0,4.6520798883621834,0,0.1509433962264151,1,1,0.9988147086581146
44,35,1,0,2,2,0,3,0,0,0,0,0,4,32,0.09090909090909091,1,0,1,0,1,4.345350936622436,0,0.18181818181818182,1,1,1.0
29,21,0,0,2,1,0,2,0,0,0,0,0,0,23,0.0,1,0,1,0,0,4.021268494903765,0,0.20689655172413793,0,0,0.014042784781861321
30,22,0,0,2,1,0,2,0,0,0,0,0,0,24,0.0,1,0,1,0,0,4.031401845392172,0,0.2,0,0,0.016240810302850527
21,13,0,0,2,0,0,2,0,0,0,0,0,0,16,0.0,1,0,1,0,0,3.344698375159713,0,0.23809523809523808,0,0,0.010397400954101731
27,19,0,0,2,0,0,2,0,0,0,0,0,0,22,0.0,1,0,1,0,0,3.9302703722934544,0,0.18518518518518517,0,0,0.004732439099188848
20,12,0,0,2,0,0,2,0,0,0,0,0,0,15,0.0,1,0,1,0,0,3.341446071165522,0,0.25,0,0,0.008077592486214407
29,21,0,0,4,0,0,2,0,0,0,0,0,0,22,0.0,1,0,3,0,0,4.004364184708142,0,0.2413793103448276,0,0,0.0033153659497117873
23,10,6,0,1,0,0,3,0,0,0,0,0,1,17,0.043478260869565216,0,0,0,0,0,4.0559581516151235,0,0.21739130434782608,1,1,1.0
34,26,0,0,2,0,0,2,0,0,0,0,0,0,29,0.0,1,0,1,0,0,3.939829017466402,0,0.14705882352941177,0,0,0.0049259744156976894
33,18,8,0,2,1,0,4,0,0,0,0,0,0,25,0.0,0,0,1,0,0,4.150158513166728,0,0.24242424242424243,1,1,1.0
43,34,1,0,2,0,0,3,0,0,0,0,0,7,30,0.16279069767441862,1,0,1,0,0,4.231286196905489,0,0.13953488372093023,1,1,1.0
49,41,1,0,4,2,0,3,0,0,0,0,0,0,39,0.0,0,0,3,0,0,4.06289147641505,0,0.20408163265306123,1,1,1.0
26,18,0,0,2,0,0,2,0,0,0,0,0,0,21,0.0,1,0,1,0,0,4.056020968057881,0,0.19230769230769232,0,0,0.0058260547090382715
21,14,0,0,2,0,0,2,0,0,0,0,0,0,16,0.0,0,0,1,0,0,3.689703732199548,0,0.23809523809523808,1,1,0.97312417488659
42,33,1,0,2,1,0,3,0,0,0,0,0,0,35,0.0,1,0,1,0,1,4.032331339951053,0,0.16666666666666666,1,1,1.0
25,17,0,0,2,0,0,2,0,0,0,0,0,0,20,0.0,1,0,1,0,0,3.673269689515108,0,0.2,0,0,0.003320223633697498
21,13,0,0,2,0,0,2,0,0,0,0,0,0,16,0.0,1,0,1,0,0,3.558518613048906,0,0.23809523809523808,0,0,0.010524297992008323
28,20,0,0,2,0,0,2,0,0,0,0,0,0,23,0.0,1,0,1,0,0,4.039148671903071,0,0.17857142857142858,0,0,0.009044779468121222
32,24,0,0,2,0,0,2,0,0,0,0,0,0,27,0.0,1,0,1,0,0,4.054229296672174,0,0.15625,0,0,0.00937134674062599
20,12,0,0,2,0,0,2,0,0,0,0,0,0,15,0.0,1,0,1,0,0,3.6841837197791887,0,0.25,0,0,0.007304607557808997
25,17,0,0,2,0,0,2,0,0,0,0,0,0,20,0.0,1,0,1,0,0,4.133660689688185,0,0.2,0,0,0.005808360029094331
30,22,0,0,2,0,0,2,0,0,0,0,0,0,25,0.0,1,0,1,0,0,3.9898980954642873,0,0.16666666666666666,0,0,0.004944797524013016
42,33,1,0,2,1,0,3,0,0,0,0,0,4,31,0.09523809523809523,1,0,1,0,0,4.254830815378348,0,0.16666666666666666,1,1,1.0
34,26,0,0,2,0,0,2,0,0,0,0,0,0,29,0.0,1,0,1,0,0,3.96981578242681,0,0.14705882352941177,0,0,0.0049259744156976894
28,21,0,0,2,0,0,2,0,0,0,0,0,0,23,0.0,0,0,1,0,0,3.9137995646056805,0,0.17857142857142858,1,1,0.98327858325188
28,20,0,0,2,0,0,2,0,0,0,0,0,0,23,0.0,1,0,1,0,0,4.137537511266051,0,0.17857142857142858,0,0,0.011937591349575923
25,18,0,0,3,0,0,2,0,0,0,0,0,2,17,0.08,0,0,2,0,0,3.8136606896881857,0,0.24,1,1,0.9956282879856321
38,22,8,0,2,1,0,3,0,0,0,0,0,2,29,0.05263157894736842,1,0,1,0,0,4.273728829005326,0,0.18421052631578946,1,1,0.9988256563323701
24,16,0,0,2,0,0,2,0,0,0,0,0,0,19,0.0,1,0,1,0,0,3.886842188131012,0,0.20833333333333334,0,0,0.005295858157184312
27,19,0,0,2,0,0,2,0,0,0,0,0,0,22,0.0,1,0,1,0,0,3.958229168669879,0,0.18518518518518517,0,0,0.005016375113258696
30,22,0,0,2,0,0,2,0,0,0,0,0,1,24,0.03333333333333333,1,0,1,0,0,4.0402239289418524,0,0.16666666666666666,0,0,0.07865113049054552
30,23,0,0,2,1,0,2,0,0,0,0,0,0,24,0.0,0,0,1,0,0,3.9647351787255043,0,0.2,1,1,0.9815324155173261
45,30,7,0,3,3,0,4,0,0,0,0,0,11,23,0.24444444444444444,1,0,2,0,0,4.197082818407666,0,0.24444444444444444,1,1,0.9985870833333333
29,21,0,0,2,0,0,2,0,0,0,0,0,0,24,0.0,1,0,1,0,0,4.073329701949522,0,0.1724137931034483,0,0,0.025800702385302146
22,15,0,0,2,1,0,2,0,0,0,0,0,0,16,0.0,0,0,1,0,0,3.6635327548042547,0,0.2727272727272727,1,1,0.9749042384723698
22,14,0,0,2,0,0,2,0,0,0,0,0,0,17,0.0,1,0,1,0,0,3.6978458230844122,0,0.22727272727272727,0,0,0.014792267275827395
25,18,0,0,2,1,0,2,0,0,0,0,0,0,19,0.0,0,0,1,0,0,3.5434651896016467,0,0.24,1,1,0.9870393633191209
31,14,9,0,1,0,0,4,0,0,0,0,0,0,25,0.0,1,0,0,0,0,3.9377519554085865,0,0.1935483870967742,1,1,1.0
27,19,0,0,2,0,0,2,0,0,0,0,0,0,22,0.0,1,0,1,0,0,3.958229168669879,0,0.18518518518518517,0,0,0.005016375113258696
27,19,0,0,3,0,0,2,0,0,0,0,0,0,21,0.0,1,0,2,0,0,4.032303242743954,0,0.2222222222222222,0,0,0.013315166883716483
26,17,1,0,2,0,0,3,0,0,0,0,0,1,19,0.038461538461538464,1,0,1,0,0,3.7962176025900556,0,0.23076923076923078,1,1,0.9996745575191514
80,39,1,31,2,0,4,3,1,1,0,0,0,0,68,0.0,1,0,1,1,1,4.314334031792408,0,0.15,1,1,0.9977059937762143
23,16,0,0,2,0,0,2,0,0,0,0,0,0,18,0.0,0,0,1,0,0,3.6424896731661263,0,0.21739130434782608,1,1,0.9790874699052539
76,28,40,0,2,0,0,4,0,0,0,0,0,6,63,0.07894736842105263,1,0,1,0,0,4.617791784339234,0,0.09210526315789473,1,1,1.0
63,54,1,0,3,3,0,3,0,0,0,0,0,3,50,0.047619047619047616,1,0,2,0,0,4.280297932696985,1,0.15873015873015872,1,1,1.0
28,20,0,0,2,0,0,2,0,0,0,0,0,0,23,0.0,1,0,1,0,0,3.967720100474499,0,0.17857142857142858,0,0,0.00683287457054348
34,26,0,0,2,0,0,2,0,0,0,0,0,0,29,0.0,1,0,1,0,0,4.256149238118269,0,0.14705882352941177,0,0,0.03152316932492337
23,15,0,0,2,1,0,2,0,0,0,0,0,0,17,0.0,1,0,1,0,0,3.8820451081368628,0,0.2608695652173913,0,0,0.030130557787417883
22,14,0,0,3,0,0,2,0,0,0,0,0,0,16,0.0,1,0,2,0,0,3.7544418457133455,0,0.2727272727272727,0,0,0.006362296034076586
35,26,1,0,2,1,0,3,0,0,0,0,0,6,22,0.17142857142857143,1,0,1,0,0,4.378864088188096,0,0.2,1,1,1.0
45,36,1,0,3,2,0,3,0,0,0,0,0,4,32,0.08888888888888889,1,0,2,0,0,4.368979207152324,0,0.2,1,1,1.0
20,13,0,0,2,1,0,2,0,0,0,0,0,0,14,0.0,0,0,1,0,0,3.7841837197791888,0,0.3,1,1,0.9463168656683646
29,21,0,0,2,0,0,2,0,0,0,0,0,0,24,0.0,1,0,1,0,0,3.784897702756409,0,0.1724137931034483,0,0,0.006749307883568526
29,21,0,0,2,0,0,2,0,0,0,0,0,0,24,0.0,1,0,1,0,0,3.8143719431796272,0,0.1724137931034483,0,0,0.0069613591805978
25,18,0,0,1,0,0,2,0,0,0,0,0,0,21,0.0,0,0,0,0,0,3.9238561897747237,0,0.16,1,1,1.0
42,33,1,0,2,0,0,3,0,0,0,0,0,2,34,0.047619047619047616,1,0,1,0,0,4.168886994558424,0,0.14285714285714285,1,1,1.0
28,21,0,0,3,0,0,2,0,0,0,0,0,3,19,0.10714285714285714,0,0,2,0,0,3.7264741182543757,0,0.21428571428571427,1,1,0.9681008910005535
23,15,0,0,2,0,0,2,0,0,0,0,0,0,18,0.0,1,0,1,0,0,3.7294461949052566,0,0.21739130434782608,0,0,0.010303764003799959
62,43,11,0,3,1,0,3,0,0,0,0,0,22,32,0.3548387096774194,1,0,1,0,0,4.824533406881912,0,0.12903225806451613,1,1,0.9966666666666667
32,24,0,0,2,0,0,2,0,0,0,0,0,0,27,0.0,1,0,1,0,0,4.038909765557392,0,0.15625,0,0,0.008806843452078952
33,25,0,0,3,0,0,2,0,0,0,0,0,0,27,0.0,1,0,2,0,0,4.104407755459851,0,0.18181818181818182,0,0,0.011224887038537289
28,14,7,0,2,0,0,5,0,0,0,0,0,6,14,0.21428571428571427,0,0,1,0,0,3.838804369244613,0,0.2857142857142857,1,1,1.0
34,27,0,0,2,0,0,2,0,0,0,0,0,0,29,0.0,0,0,1,0,0,4.1162996057016965,0,0.14705882352941177,1,1,0.9860752170468714
20,13,0,0,2,0,0,2,0,0,0,0,0,0,15,0.0,0,0,1,0,0,3.3841837197791884,0,0.25,1,1,0.9834502123263089
22,14,0,0,2,0,0,2,0,0,0,0,0,0,17,0.0,1,0,1,0,0,3.7321588913645694,0,0.22727272727272727,0,0,0.015139655322829052
24,16,0,0,2,0,0,2,0,0,0,0,0,0,19,0.0,1,0,1,0,0,3.7720552088742005,0,0.20833333333333334,0,0,0.005417498700028583
28,20,0,0,2,1,0,2,0,0,0,0,0,0,22,0.0,1,0,1,0,0,3.9232517969803373,0,0.21428571428571427,0,0,0.019376773353294414
34,26,0,0,2,0,0,2,0,0,0,0,0,0,29,0.0,1,0,1,0,0,4.094097032108653,0,0.14705882352941177,0,0,0.00572693097451406
30,22,0,0,3,0,0,2,0,0,0,0,0,0,24,0.0,1,0,2,0,0,4.031401845392172,0,0.2,0,0,0.01297913633104455
31,23,0,0,2,0,0,2,0,0,0,0,0,0,26,0.0,1,0,1,0,0,3.8488846166291197,0,0.16129032258064516,0,0,0.005608950737532108
27,19,0,0,2,0,0,2,0,0,0,0,0,0,22,0.0,1,0,1,0,0,4.060262039120377,0,0.18518518518518517,0,0,0.011615360845647432
28,19,1,0,2,0,0,3,0,0,0,0,0,5,17,0.17857142857142858,1,0,1,0,0,3.9137995646056796,0,0.21428571428571427,1,1,1.0
23,15,0,0,3,0,0,2,0,0,0,0,0,0,17,0.0,1,0,2,0,0,3.7622673906514947,0,0.2608695652173913,0,0,0.009279386441678156
34,26,0,0,2,0,0,2,0,0,0,0,0,0,29,0.0,1,0,1,0,0,3.939829017466402,0,0.14705882352941177,0,0,0.0049259744156976894
24,17,0,0,2,1,0,2,0,0,0,0,0,0,18,0.0,0,0,1,0,0,3.9701755214643453,0,0.25,1,1,0.9762487289948295
30,22,0,0,2,0,0,2,0,0,0,0,0,0,25,0.0,1,0,1,0,0,3.681727678869737,0,0.16666666666666666,0,0,0.004172660855633982
20,12,0,0,2,0,0,2,0,0,0,0,0,0,15,0.0,1,0,1,0,0,3.6841837197791882,0,0.25,0,0,0.007304607557808997
28,20,0,0,2,0,0,2,0,0,0,0,0,0,23,0.0,1,0,1,0,0,3.869331261111519,0,0.17857142857142858,0,0,0.008075687736109968
47,38,1,0,2,3,0,3,0,0,0,0,0,12,26,0.2553191489361702,1,0,1,0,1,4.485127947284225,0,0.19148936170212766,1,1,1.0
42,16,19,0,2,0,0,4,0,0,0,0,0,0,35,0.0,0,0,0,0,0,4.061976875613826,0,0.16666666666666666,1,1,1.0
28,20,0,0,2,0,0,2,0,0,0,0,0,0,23,0.0,1,0,1,0,0,3.9232517969803373,0,0.17857142857142858,0,0,0.0062027140142167795
29,21,0,0,2,0,0,2,0,0,0,0,0,0,24,0.0,1,0,1,0,0,3.9523029776623857,0,0.1724137931034483,0,0,0.005551052972240481
26,18,0,0,2,0,0,2,0,0,0,0,0,0,21,0.0,1,0,1,0,0,3.796217602590056,0,0.19230769230769232,0,0,0.0057776986682123894
19,11,0,0,2,0,0,2,0,0,0,0,0,0,14,0.0,1,0,1,0,0,3.471354487013929,0,0.2631578947368421,0,0,0.004879182365489953
20,12,0,0,2,0,0,2,0,0,0,0,0,0,15,0.0,1,0,1,0,0,3.4086949695628417,0,0.25,0,0,0.005463664105718776
32,25,0,0,2,0,0,2,0,0,0,0,0,0,27,0.0,0,0,1,0,0,3.9375,0,0.15625,1,1,0.9743268699343762
30,23,0,0,2,0,0,2,0,0,0,0,0,2,23,0.06666666666666667,0,0,1,0,0,4.148394345536403,0,0.16666666666666666,1,1,0.929031962851867
36,27,1,0,2,1,0,3,0,0,0,0,0,0,29,0.0,1,0,1,0,0,4.065079515030719,0,0.19444444444444445,1,1,1.0
21,13,0,0,2,0,0,2,0,0,0,0,0,0,16,0.0,1,0,1,0,0,3.7849418274376427,0,0.23809523809523808,0,0,0.022685964972047966
37,29,0,0,2,0,0,2,0,0,0,0,0,0,32,0.0,1,0,1,0,0,3.9927087708004674,0,0.13513513513513514,0,0,0.0021777571466529
24,16,0,0,2,0,0,2,0,0,0,0,0,0,19,0.0,1,0,1,0,0,3.5424812503605785,0,0.20833333333333334,0,0,0.0066916916642598065
97,7,82,0,2,0,0,6,0,0,0,0,0,6,82,0.061855670103092786,1,0,0,0,0,4.7052671635906185,0,0.09278350515463918,1,1,1.0
25,18,0,0,2,0,0,2,0,0,0,0,0,0,20,0.0,0,0,1,0,0,3.753269689515108,0,0.2,1,1,0.9865962493872746
28,20,0,0,3,0,0,2,0,0,0,0,0,0,22,0.0,1,0,2,0,0,3.7709424217485368,0,0.21428571428571427,0,0,0.009328713608252437
18,10,0,0,2,0,0,2,0,0,0,0,0,0,13,0.0,1,0,1,0,0,3.30827083453526,0,0.2777777777777778,0,0,0.0028720187085362423
24,16,0,0,2,0,0,2,0,0,0,0,0,0,19,0.0,1,0,1,0,0,4.053508854797679,0,0.20833333333333334,0,0,0.0069669853214584495
18,10,0,0,2,0,0,2,0,0,0,0,0,0,13,0.0,1,0,1,0,0,3.4613201402110083,0,0.2777777777777778,0,0,0.0041895600508676375
22,14,0,0,2,0,0,2,0,0,0,0,0,0,17,0.0,1,0,1,0,0,3.7544418457133455,0,0.22727272727272727,0,0,0.022352039536623132
33,25,0,0,2,0,0,2,0,0,0,0,0,0,28,0.0,1,0,1,0,0,3.7148697866030838,0,0.15151515151515152,0,0,0.007142117722251059
55,18,29,0,2,0,0,4,0,0,0,0,1,0,47,0.0,1,0,0,0,0,4.018892495896523,0,0.14545454545454545,1,1,1.0
21,10,3,0,1,0,0,3,0,0,0,0,0,6,10,0.2857142857142857,1,0,0,0,0,3.975418017913833,0,0.23809523809523808,1,1,1.0
35,28,0,0,2,0,0,2,0,0,0,0,0,0,30,0.0,0,0,1,0,0,4.114718016821339,0,0.14285714285714285,1,1,0.9854739467794178
32,24,0,0,2,0,0,2,0,0,0,0,0,0,27,0.0,1,0,1,0,0,3.8431390622295662,0,0.15625,0,0,0.021963970612237437
460,12,21,419,13,4,4,11,3,10,9,0,0,85,308,0.18478260869565216,0,1,2,10,3,5.275950671334551,0,0.14565217391304347,1,1,1.0
27,20,0,0,2,0,0,2,0,0,0,0,0,0,22,0.0,0,0,1,0,0,4.014146761422729,0,0.18518518518518517,1,1,0.9834559869900106
31,23,0,0,3,1,0,2,0,0,0,0,0,2,22,0.06451612903225806,1,0,2,0,0,4.042433003725894,0,0.22580645161290322,1,0,0.2874116255473242
28,20,0,0,2,0,0,2,0,0,0,0,0,0,23,0.0,1,0,1,0,0,3.8962915290459286,0,0.17857142857142858,0,0,0.006509090438530513
29,21,0,0,2,0,0,2,0,0,0,0,0,0,24,0.0,1,0,1,0,0,4.0472990984266435,0,0.1724137931034483,0,0,0.0080522095047739
32,24,0,0,2,0,0,2,0,0,0,0,0,0,27,0.0,1,0,1,0,0,3.9209585933443494,0,0.15625,0,0,0.017446537942792998
722,18,121,574,2,12,0,7,1,1,0,0,0,136,562,0.1883656509695291,1,0,1,1,1,5.145037398030801,0,0.0332409972299169,1,1,1.0
23,15,0,0,2,0,0,2,0,0,0,0,0,0,18,0.0,1,0,1,0,0,3.6211755429194716,0,0.21739130434782608,0,0,0.011677131402054149
35,27,0,0,2,0,0,2,0,0,0,0,0,0,30,0.0,1,0,1,0,0,3.9077148025974378,0,0.14285714285714285,0,0,0.0024138680222711728
29,21,0,0,3,0,0,2,0,0,0,0,0,0,23,0.0,1,0,2,0,0,3.728502115742625,0,0.20689655172413793,0,0,0.00989169356009106
25,17,0,0,2,1,0,2,0,0,0,0,0,0,19,0.0,1,0,1,0,0,3.8136606896881853,0,0.24,0,0,0.009720930438923582
38,30,0,0,2,0,0,2,0,0,0,0,0,0,33,0.0,1,0,1,0,0,4.083067973799101,0,0.13157894736842105,0,0,0.004216185096859325
78,22,49,0,5,0,0,5,0,0,0,0,0,9,58,0.11538461538461539,0,0,1,0,1,4.605790284366164,0,0.14102564102564102,1,1,1.0
21,13,0,0,2,0,0,2,0,0,0,0,0,0,16,0.0,1,0,1,0,0,3.689703732199548,0,0.23809523809523808,0,0,0.01188759383569943
35,27,0,0,2,0,0,2,0,0,0,0,0,0,30,0.0,1,0,1,0,0,3.843010159554855,0,0.14285714285714285,0,0,0.007497208756903289
28,20,0,0,3,0,0,2,0,0,0,0,0,0,22,0.0,1,0,2,0,0,3.8962915290459277,0,0.21428571428571427,0,0,0.008548262264385471
30,22,0,0,2,0,0,2,0,0,0,0,0,0,25,0.0,1,0,1,0,0,4.081727678869736,0,0.16666666666666666,0,0,0.03402832601555986
24,16,0,0,2,0,0,2,0,0,0,0,0,0,19,0.0,1,0,1,0,0,3.5383201891060003,0,0.20833333333333334,0,0,0.0066916916642598065
32,25,0,0,3,0,0,2,0,0,0,0,0,0,26,0.0,0,0,2,0,0,4.116729296672174,0,0.1875,1,1,0.9876333998027267
71,31,12,19,3,4,2,4,1,1,0,0,0,15,40,0.2112676056338028,1,0,2,1,0,4.881590781232741,0,0.22535211267605634,1,1,1.0
28,20,0,0,2,0,0,2,0,0,0,0,0,0,23,0.0,1,0,1,0,0,3.851823225551766,0,0.17857142857142858,0,0,0.007872209853803895
26,18,0,0,2,0,0,2,0,0,0,0,0,0,21,0.0,1,0,1,0,0,3.748328660365574,0,0.19230769230769232,0,0,0.005362687428727657
28,19,1,0,2,0,0,3,0,0,0,0,0,5,17,0.17857142857142858,1,0,1,0,0,3.9137995646056805,0,0.21428571428571427,1,1,1.0
24,16,0,0,2,0,0,2,0,0,0,0,0,0,19,0.0,1,0,1,0,0,3.8868421881310122,0,0.20833333333333334,0,0,0.005295858157184312
23,15,0,0,2,0,0,2,0,0,0,0,0,0,18,0.0,1,0,1,0,0,3.5883543471732335,0,0.21739130434782608,0,0,0.01167112548292048
76,28,40,0,2,1,0,4,0,0,0,0,0,7,61,0.09210526315789473,1,0,1,0,0,4.778865138552209,0,0.10526315789473684,1,1,1.0
25,17,0,0,3,0,0,2,0,0,0,0,0,0,19,0.0,1,0,2,0,0,3.8030741894285693,0,0.24,0,0,0.005524613963261177
29,21,0,0,2,1,0,2,0,0,0,0,0,0,23,0.0,1,0,1,0,0,4.1162646156680225,0,0.20689655172413793,0,0,0.014326672590968755
31,23,0,0,2,0,0,2,0,0,0,0,0,0,26,0.0,1,0,1,0,0,4.018081793978685,0,0.16129032258064516,0,0,0.004795190438054153
34,26,0,0,2,0,0,2,0,0,0,0,0,0,29,0.0,1,0,1,0,0,4.057476076289931,0,0.14705882352941177,0,0,0.006249983805221498
22,14,0,0,2,0,0,2,0,0,0,0,0,0,17,0.0,1,0,1,0,0,3.6635327548042547,0,0.22727272727272727,0,0,0.014183225813440083
49,40,1,0,2,3,0,3,0,0,0,0,0,1,39,0.02040816326530612,1,0,1,0,0,4.1304433960907065,0,0.1836734693877551,1,1,1.0
59,24,3,0,4,0,0,3,0,0,0,0,1,12,37,0.2033898305084746,0,0,1,0,0,4.687230761006233,0,0.1694915254237288,1,1,1.0
24,16,0,0,2,0,0,2,0,0,0,0,0,0,19,0.0,1,0,1,0,0,3.7201755214643453,0,0.20833333333333334,0,0,0.005364499988881662
37,29,0,0,3,0,0,2,0,0,0,0,0,0,31,0.0,1,0,2,0,0,3.9855557300845104,0,0.16216216216216217,0,0,0.0835748373563095
43,34,1,0,2,2,0,3,0,0,0,0,0,0,35,0.0,1,0,1,0,1,4.158140917190916,0,0.18604651162790697,1,1,1.0
33,25,0,0,3,0,0,2,0,0,0,0,0,0,27,0.0,1,0,2,0,0,3.9454649524951084,0,0.18181818181818182,0,0,0.009308413005560012
33,25,0,0,2,0,0,2,0,0,0,0,0,0,28,0.0,1,0,1,0,0,3.942438726128142,0,0.15151515151515152,0,0,0.006404589691966984
44,35,1,0,3,2,0,3,0,0,0,0,0,4,31,0.09090909090909091,1,0,2,0,0,4.430244970565836,0,0.20454545454545456,1,1,1.0
26,18,0,0,2,0,0,2,0,0,0,0,0,0,21,0.0,1,0,1,0,0,3.4745049881054295,0,0.19230769230769232,0,0,0.00909227586684684
35,27,0,0,2,0,0,2,0,0,0,0,0,0,30,0.0,1,0,1,0,0,3.818588646061331,0,0.14285714285714285,0,0,0.005571688000447741
34,26,0,0,2,0,0,2,0,0,0,0,0,0,29,0.0,1,0,1,0,0,4.02085512047121,0,0.14705882352941177,0,0,0.005396652319097874
179,48,12,111,5,2,1,3,1,3,2,0,0,41,120,0.22905027932960895,0,0,3,3,2,4.967433628284012,0,0.1005586592178771,1,1,1.0
39,31,0,0,2,0,0,2,0,0,0,0,0,0,34,0.0,1,0,1,0,0,4.109138039864114,0,0.1282051282051282,0,0,0.003410716999494105
24,15,1,0,2,1,0,3,0,0,0,0,0,1,16,0.041666666666666664,1,0,1,0,0,3.9387218755408675,0,0.2916666666666667,1,1,0.9949179172468328
26,18,0,0,2,0,0,2,0,0,0,0,0,0,21,0.0,1,0,1,0,0,3.748328660365574,0,0.19230769230769232,0,0,0.005362687428727657
21,14,0,0,2,0,0,2,0,0,0,0,0,2,14,0.09523809523809523,0,0,1,0,0,3.427333493898265,0,0.23809523809523808,1,1,0.9883053886872121
53,44,1,0,2,4,0,3,0,0,0,0,0,0,43,0.0,1,0,1,0,0,4.081048520315194,0,0.18867924528301888,1,1,0.9996829715225969
28,20,0,0,2,0,0,2,0,0,0,0,0,0,23,0.0,1,0,1,0,0,3.9946803684089085,0,0.17857142857142858,0,0,0.015016707486398545
51,42,1,0,2,2,0,3,0,0,0,0,0,8,35,0.1568627450980392,1,0,1,0,0,4.419988028619982,0,0.1568627450980392,1,1,1.0
29,22,0,0,4,0,0,2,0,0,0,0,0,2,20,0.06896551724137931,0,0,3,0,0,3.754532719265504,0,0.2413793103448276,1,1,0.8703748543473504
24,16,0,0,2,0,0,2,0,0,0,0,0,0,19,0.0,1,0,1,0,0,3.772055208874201,0,0.20833333333333334,0,0,0.005417498700028583
31,22,1,0,2,0,0,3,0,0,0,0,0,0,25,0.0,1,0,1,0,0,3.9134007456613777,0,0.1935483870967742,1,1,1.0
28,20,0,0,2,0,0,2,0,0,0,0,0,0,23,0.0,1,0,1,0,0,3.851823225551766,0,0.17857142857142858,0,0,0.007872209853803895
24,16,0,0,2,0,0,2,0,0,0,0,0,0,19,0.0,1,0,1,0,0,3.6368421881310122,0,0.20833333333333334,0,0,0.006141593138909664
43,34,1,0,2,2,0,3,0,0,0,0,0,0,35,0.0,1,0,1,0,0,3.8881492782505247,0,0.18604651162790697,1,1,1.0
27,20,0,0,2,0,0,2,0,0,0,0,0,0,22,0.0,0,0,1,0,0,3.9582291686698787,0,0.18518518518518517,1,1,0.9834559869900106
23,16,0,0,2,0,0,2,0,0,0,0,0,6,12,0.2608695652173913,0,0,1,0,0,3.9690016298759936,0,0.21739130434782608,1,1,0.9934325765289482
93,21,65,0,1,2,0,6,0,0,0,0,0,20,63,0.21505376344086022,0,0,0,0,1,4.632734284403847,0,0.10752688172043011,1,1,1.0
23,15,0,0,2,0,0,2,0,0,0,0,0,0,18,0.0,1,0,1,0,0,3.7081320646586016,0,0.21739130434782608,0,0,0.010265885472745666
38,30,0,0,3,0,0,2,0,0,0,0,0,0,32,0.0,1,0,2,0,0,4.201231789474709,0,0.15789473684210525,0,0,0.031388040654266404
29,21,0,0,2,0,0,2,0,0,0,0,0,0,24,0.0,1,0,1,0,0,3.8833374604210067,0,0.1724137931034483,0,0,0.007443761570009687
48,39,1,0,3,2,0,3,0,0,0,0,0,4,35,0.08333333333333333,1,0,2,0,0,4.462581188618506,0,0.1875,1,1,1.0
24,17,0,0,2,1,0,2,0,0,0,0,0,0,18,0.0,0,0,1,0,0,3.8035088547976788,0,0.25,1,1,0.9853359349848935
26,18,0,0,2,0,0,2,0,0,0,0,0,0,21,0.0,1,0,1,0,0,3.9500637564362093,0,0.19230769230769232,0,0,0.0032517506120185355
25,17,0,0,3,0,0,2,0,0,0,0,0,0,19,0.0,1,0,2,0,0,3.8634651896016465,0,0.24,0,0,0.00405474241485936
22,15,0,0,2,0,0,2,0,0,0,0,0,0,17,0.0,0,0,1,0,0,3.879664004902594,0,0.22727272727272727,1,1,0.974464499330266
29,21,0,0,2,0,0,2,0,0,0,0,0,0,24,0.0,1,0,1,0,0,3.8833374604210062,0,0.1724137931034483,0,0,0.007443761570009687
32,25,0,0,2,0,0,2,0,0,0,0,0,0,27,0.0,0,0,1,0,0,4.077819531114783,0,0.15625,1,1,0.971592548693726
24,16,0,0,2,0,0,2,0,0,0,0,0,0,19,0.0,1,0,1,0,0,3.7720552088742005,0,0.20833333333333334,0,0,0.005417498700028583
27,19,0,0,2,0,0,2,0,0,0,0,0,0,22,0.0,1,0,1,0,0,3.8380398168981555,0,0.18518518518518517,0,0,0.006043732008081724
30,23,0,0,3,0,0,2,0,0,0,0,0,6,18,0.2,0,0,2,0,0,3.9647351787255047,0,0.2,1,1,0.9985870833333333
32,24,0,0,2,0,0,2,0,0,0,0,0,0,27,0.0,1,0,1,0,0,3.9917292966721747,0,0.15625,0,0,0.008920411576691491
22,14,0,0,2,0,0,2,0,0,0,0,0,0,17,0.0,1,0,1,0,0,3.447401504705915,0,0.22727272727272727,0,0,0.01562159291951816
85,76,1,0,3,1,0,3,0,0,0,0,0,5,72,0.058823529411764705,1,0,2,0,0,4.6491214191638,1,0.09411764705882353,1,1,1.0
39,32,0,0,2,0,0,2,0,0,0,0,0,0,34,0.0,0,0,1,0,0,4.1217079115480395,0,0.1282051282051282,1,1,0.9566337804745301
27,20,0,0,2,0,0,2,0,0,0,0,0,0,22,0.0,0,0,1,0,0,4.032303242743953,0,0.18518518518518517,1,1,0.9809185438310859
21,13,0,0,3,0,0,2,0,0,0,0,0,0,15,0.0,1,0,2,0,0,3.748994803525097,0,0.2857142857142857,0,0,0.004718497603542004
28,21,0,0,2,0,0,2,0,0,0,0,0,0,23,0.0,0,0,1,0,0,3.8248629576173565,0,0.17857142857142858,1,1,0.9837185431522535
23,15,0,0,2,0,0,2,0,0,0,0,0,0,18,0.0,1,0,1,0,0,3.6753108689123644,0,0.21739130434782608,0,0,0.009622496680157706
29,21,0,0,2,0,0,2,0,0,0,0,0,0,24,0.0,1,0,1,0,0,4.0472990984266435,0,0.1724137931034483,0,0,0.0080522095047739
33,25,0,0,3,0,0,2,0,0,0,0,0,0,27,0.0,1,0,2,0,0,4.187889194919351,0,0.18181818181818182,0,0,0.007856530723485976
33,25,0,0,2,0,0,2,0,0,0,0,0,0,28,0.0,1,0,1,0,0,4.1272831343132905,0,0.15151515151515152,0,0,0.00731337703179946
30,22,0,0,2,0,0,2,0,0,0,0,0,0,25,0.0,1,0,1,0,0,3.881727678869736,0,0.16666666666666666,0,0,0.0067721847418367905
32,24,0,0,2,1,0,2,0,0,0,0,0,0,26,0.0,1,0,1,0,0,4.054229296672174,0,0.1875,0,0,0.012447906829164888
22,14,0,0,2,0,0,2,0,0,0,0,0,0,17,0.0,1,0,1,0,0,3.5160276412662306,0,0.22727272727272727,0,0,0.012541002497734313
50,31,12,0,6,0,0,4,0,0,0,0,0,0,39,0.0,0,0,4,0,0,4.035783629896563,0,0.22,1,1,1.0
34,25,1,0,2,1,0,3,0,0,0,0,0,6,21,0.17647058823529413,1,0,1,0,0,4.373796296941798,0,0.20588235294117646,1,1,1.0
25,17,0,0,3,0,0,2,0,0,0,0,0,0,19,0.0,1,0,2,0,0,3.7230741894285693,0,0.24,0,0,0.007346282305415871
65,18,40,0,1,0,0,4,0,0,0,0,0,6,53,0.09230769230769231,0,0,0,0,0,4.6472281517168526,0,0.09230769230769231,1,1,1.0
29,21,0,0,3,0,0,2,0,0,0,0,0,0,23,0.0,1,0,2,0,0,3.9523029776623857,0,0.20689655172413793,0,0,0.008775967235653812
41,34,0,0,4,0,0,2,0,0,0,0,0,0,34,0.0,0,0,3,0,1,3.955504603267742,0,0.17073170731707318,1,1,0.9631442217778643
43,30,1,3,3,0,0,3,1,1,0,0,0,5,29,0.11627906976744186,1,0,2,1,0,4.0247609754813904,0,0.20930232558139536,1,1,1.0
24,16,0,0,2,0,0,2,0,0,0,0,0,0,19,0.0,1,0,1,0,0,3.688721875540867,0,0.20833333333333334,0,0,0.017097303856533737
39,31,0,0,2,0,0,2,0,0,0,0,0,0,34,0.0,1,0,1,0,0,4.179776180945229,0,0.1282051282051282,0,0,0.00426172498728278
26,17,1,0,2,0,0,3,0,0,0,0,0,1,19,0.038461538461538464,1,0,1,0,0,3.8731406795131327,0,0.23076923076923078,1,1,0.9996745575191514
31,23,0,0,2,0,0,2,0,0,0,0,0,0,26,0.0,1,0,1,0,0,4.082597923010943,0,0.16129032258064516,0,0,0.0056921814158858485
35,26,1,0,2,0,0,3,0,0,0,0,0,4,25,0.11428571428571428,1,0,1,0,0,4.185867302411997,0,0.17142857142857143,1,1,1.0
30,4,18,0,1,0,0,3,0,0,0,0,0,0,25,0.0,1,0,0,0,0,3.7898980954642876,0,0.16666666666666666,1,1,1.0
48,39,1,0,3,0,0,3,0,0,0,0,0,0,41,0.0,1,0,2,0,0,4.14154140665565,0,0.14583333333333334,1,1,1.0
21,13,0,0,2,0,0,2,0,0,0,0,0,0,16,0.0,1,0,1,0,0,3.689703732199548,0,0.23809523809523808,0,0,0.01188759383569943
34,26,0,0,2,0,0,2,0,0,0,0,0,0,29,0.0,1,0,1,0,0,4.278351811711311,0,0.14705882352941177,0,0,0.02657592003520012
30,14,9,0,2,0,0,3,0,0,0,0,0,6,18,0.2,0,0,1,0,0,4.028072996388509,0,0.2,1,1,1.0
21,14,0,0,2,0,0,2,0,0,0,0,0,6,10,0.2857142857142857,0,0,1,0,0,3.558518613048906,0,0.23809523809523808,1,1,1.0
39,31,0,0,2,0,0,2,0,0,0,0,0,0,34,0.0,1,0,1,0,0,4.025930027099076,0,0.1282051282051282,0,0,0.006530375392287183
30,22,0,0,3,0,0,2,0,0,0,0,0,0,24,0.0,1,0,2,0,0,3.91440934524794,0,0.2,0,0,0.011761981183664606
29,21,0,0,2,0,0,2,0,0,0,0,0,0,24,0.0,1,0,1,0,0,3.7974676329840045,0,0.1724137931034483,0,0,0.006916874425909801
20,12,0,0,2,0,0,2,0,0,0,0,0,0,15,0.0,1,0,1,0,0,3.6841837197791882,0,0.25,0,0,0.007304607557808997
36,28,0,0,2,0,0,2,0,0,0,0,0,0,31,0.0,1,0,1,0,0,4.17619062614183,0,0.1388888888888889,0,0,0.013787081468969674
31,5,18,0,1,0,0,3,0,0,0,0,0,0,26,0.0,1,0,0,0,0,4.0022680844408445,0,0.16129032258064516,1,1,1.0
58,16,35,0,1,2,0,5,0,0,0,0,0,0,49,0.0,0,0,0,0,0,3.9640418325074984,0,0.15517241379310345,1,1,1.0
35,27,1,0,2,1,0,3,0,0,0,0,0,0,28,0.0,0,0,1,0,0,4.0360069453309535,0,0.2,1,1,1.0
25,17,0,0,2,0,0,2,0,0,0,0,0,0,20,0.0,1,0,1,0,0,3.703465189601647,0,0.2,0,0,0.0034251323831568465
23,16,0,0,2,0,0,2,0,0,0,0,0,0,18,0.0,0,0,1,0,0,3.9690016298759936,0,0.21739130434782608,1,1,0.9795713242123593
30,22,0,0,2,0,0,2,0,0,0,0,0,0,25,0.0,1,0,1,0,0,4.12323142879762,0,0.16666666666666666,0,0,0.009824143773252601
29,21,0,0,2,0,0,2,0,0,0,0,0,0,24,0.0,1,0,1,0,0,3.9093680639438846,0,0.1724137931034483,0,0,0.004970814269591249
42,21,13,0,2,0,0,5,0,0,0,0,0,0,34,0.0,1,0,1,0,0,4.1751884828081955,0,0.19047619047619047,1,1,1.0
30,22,0,0,2,0,0,2,0,0,0,0,0,0,25,0.0,1,0,1,0,0,3.6817276788697364,0,0.16666666666666666,0,0,0.004172660855633982
26,19,0,0,2,0,0,2,0,0,0,0,0,0,21,0.0,0,0,1,0,0,3.642371448743902,0,0.19230769230769232,1,1,0.990654574914947
29,13,9,0,4,0,0,3,0,0,0,0,0,10,11,0.3448275862068966,0,1,2,0,0,3.7024715122197467,0,0.27586206896551724,1,1,1.0
57,49,1,0,4,3,0,3,0,0,0,0,0,5,41,0.08771929824561403,0,0,3,0,0,4.5236059706017455,0,0.19298245614035087,1,1,1.0
22,15,0,0,2,0,0,2,0,0,0,0,0,3,14,0.13636363636363635,0,0,1,0,0,3.4474015047059154,0,0.22727272727272727,1,1,0.9801502878221043
27,19,0,0,2,0,0,2,0,0,0,0,0,0,22,0.0,1,0,1,0,0,3.8561962982193796,0,0.18518518518518517,0,0,0.006135218630085277
26,9,9,0,1,0,0,3,0,0,0,0,0,0,21,0.0,1,0,0,0,0,3.921029621737614,0,0.19230769230769232,1,1,1.0
47,38,1,0,3,2,0,3,0,0,0,0,0,6,32,0.1276595744680851,1,0,2,0,0,4.522050021614215,0,0.19148936170212766,1,1,1.0
37,28,1,0,1,3,0,3,0,0,0,0,0,0,29,0.0,1,0,0,0,0,4.22932735194002,0,0.21621621621621623,1,1,0.9924368837074047
23,16,0,0,2,0,0,2,0,0,0,0,0,0,18,0.0,0,0,1,0,0,3.762267390651495,0,0.21739130434782608,1,1,0.9808552195426523
35,27,0,0,2,0,0,2,0,0,0,0,0,0,30,0.0,1,0,1,0,0,4.093149802473811,0,0.14285714285714285,0,0,0.002906213461421415
72,64,1,0,4,5,0,3,0,0,0,0,0,0,59,0.0,0,0,3,0,0,4.3032079459713675,1,0.18055555555555555,1,1,1.0
26,18,0,0,2,0,0,2,0,0,0,0,0,0,21,0.0,1,0,1,0,0,3.9790978911348045,0,0.19230769230769232,0,0,0.004194649840584041
35,16,11,0,2,0,0,3,0,0,0,0,0,0,29,0.0,1,0,0,0,0,4.164299088064469,0,0.17142857142857143,1,1,0.9989030682387954
66,27,16,14,3,2,0,3,1,1,0,0,0,7,48,0.10606060606060606,1,0,1,1,0,4.680556718322927,0,0.16666666666666666,1,1,1.0
28,20,0,0,2,0,0,2,0,0,0,0,0,0,23,0.0,1,0,1,0,0,3.869331261111518,0,0.17857142857142858,0,0,0.008075687736109968
29,21,0,0,2,0,0,2,0,0,0,0,0,0,24,0.0,1,0,1,0,0,4.142295219190901,0,0.1724137931034483,0,0,0.012220574216389734
22,6,8,0,1,0,0,3,0,0,0,0,0,1,16,0.045454545454545456,1,0,0,0,0,3.7201287774331866,0,0.22727272727272727,1,1,1.0
21,13,0,0,2,0,0,2,0,0,0,0,0,0,16,0.0,1,0,1,0,0,3.7849418274376427,0,0.23809523809523808,0,0,0.022685964972047966
35,26,1,0,2,2,0,3,0,0,0,0,0,0,27,0.0,1,0,1,0,0,4.014438730983427,0,0.22857142857142856,1,1,0.99
22,15,0,0,2,0,0,2,0,0,0,0,0,0,17,0.0,0,0,1,0,0,3.5726236638951634,0,0.22727272727272727,1,1,0.9720013172744082
30,22,0,0,2,1,0,2,0,0,0,0,0,0,24,0.0,1,0,1,0,0,4.12323142879762,0,0.2,0,0,0.014715497169314183
24,16,0,0,2,0,0,2,0,0,0,0,0,0,19,0.0,1,0,1,0,0,3.9387218755408675,0,0.20833333333333334,0,0,0.005450702047319493
23,15,0,0,2,0,0,2,0,0,0,0,0,0,18,0.0,1,0,1,0,0,3.849223912390625,0,0.21739130434782608,0,0,0.016307470413877676
44,35,1,0,3,0,0,3,0,0,0,0,0,3,34,0.06818181818181818,1,0,2,0,0,4.536040925839782,0,0.1590909090909091,1,1,1.0
26,18,0,0,2,0,0,2,0,0,0,0,0,0,21,0.0,1,0,1,0,0,3.9500637564362093,0,0.19230769230769232,0,0,0.0032517506120185355
28,20,0,0,2,0,0,2,0,0,0,0,0,0,23,0.0,1,0,1,0,0,3.7979026896829478,0,0.17857142857142858,0,0,0.00643761644910091
40,32,0,0,2,1,0,2,0,0,0,0,0,0,34,0.0,1,0,1,0,0,4.246439344671016,0,0.15,0,0,0.15034105508105766
21,13,0,0,2,0,0,2,0,0,0,0,0,0,16,0.0,1,0,1,0,1,3.6897037321995474,0,0.23809523809523808,0,0,0.07842319845934577
31,23,0,0,2,0,0,2,0,0,0,0,0,0,26,0.0,1,0,1,0,0,4.1313003425053605,0,0.16129032258064516,0,0,0.005703070177713936
31,23,0,0,2,0,0,2,0,0,0,0,0,0,26,0.0,1,0,1,0,0,3.833070907091279,0,0.16129032258064516,0,0,0.0071301027024466826
45,7,30,0,2,1,0,7,0,0,0,0,0,0,33,0.0,1,0,0,0,0,4.035724486655665,0,0.26666666666666666,1,1,1.0
22,15,0,0,2,0,0,2,0,0,0,0,0,0,17,0.0,0,0,1,0,0,3.879664004902594,0,0.22727272727272727,1,1,0.974464499330266
33,24,1,0,2,1,0,3,0,0,0,0,0,2,24,0.06060606060606061,1,0,1,0,0,4.165013816065912,0,0.21212121212121213,1,1,1.0
29,21,0,0,2,1,0,2,0,0,0,0,0,0,23,0.0,1,0,1,0,0,3.8404025467025056,0,0.20689655172413793,0,0,0.021573624697547908
31,24,0,0,2,0,0,2,0,0,0,0,0,0,26,0.0,0,0,1,0,0,3.921938245870746,0,0.16129032258064516,1,1,0.979992934228117
25,17,0,0,2,0,0,2,0,0,0,0,0,0,20,0.0,1,0,1,0,0,3.8634651896016465,0,0.2,0,0,0.0039272796960064665
33,26,0,0,3,0,0,2,0,0,0,0,0,1,26,0.030303030303030304,0,0,2,0,0,4.165013816065913,0,0.18181818181818182,1,1,0.9908020423275646
30,23,0,0,2,0,0,2,0,0,0,0,0,0,25,0.0,0,0,1,0,0,4.081727678869736,0,0.16666666666666666,1,1,0.9804242135808969
32,24,0,0,2,0,0,2,0,0,0,0,0,0,27,0.0,1,0,1,0,0,4.140319531114783,0,0.15625,0,0,0.008196255533179382
25,18,0,0,2,0,0,2,0,0,0,0,0,0,20,0.0,0,0,1,0,0,3.8136606896881853,0,0.2,1,1,0.9868456959849959
20,12,0,0,2,0,0,2,0,0,0,0,0,0,15,0.0,1,0,1,0,0,3.5464393446710147,0,0.25,0,0,0.005799058396048044
36,19,9,0,2,0,0,5,0,0,0,0,0,6,22,0.16666666666666666,1,0,1,0,0,4.402990543819066,0,0.2222222222222222,1,1,0.9978291570696574
27,19,0,0,2,1,0,2,0,0,0,0,0,0,21,0.0,1,0,1,0,0,4.032303242743953,0,0.2222222222222222,0,0,0.03238128144015912
27,20,0,0,2,0,0,2,0,0,0,0,0,0,22,0.0,0,0,1,0,0,3.9121138909722295,0,0.18518518518518517,1,1,0.9832393115907574
31,23,0,0,2,0,0,2,0,0,0,0,0,0,26,0.0,1,0,1,0,0,4.284683810317086,0,0.16129032258064516,0,0,0.005473017278760255
88,15,65,0,2,0,0,4,0,0,0,0,0,9,72,0.10227272727272728,1,0,1,0,0,4.5641569777110265,0,0.07954545454545454,1,1,1.0
25,18,0,0,2,0,0,2,0,0,0,0,0,0,20,0.0,0,0,1,0,0,3.7532696895151076,0,0.2,1,1,0.9865962493872746
51,42,1,0,2,2,0,3,0,0,0,0,0,0,43,0.0,1,0,1,0,0,4.255977676137623,0,0.1568627450980392,1,1,1.0
23,16,0,0,3,0,0,2,0,0,0,0,0,0,17,0.0,0,0,2,0,0,3.6424896731661263,0,0.2608695652173913,1,1,0.9654647121133848
28,20,0,0,2,0,0,2,0,0,0,0,0,0,23,0.0,1,0,1,0,0,3.94075983254009,0,0.17857142857142858,0,0,0.006802621866933727
23,15,0,0,2,0,0,2,0,0,0,0,0,0,18,0.0,1,0,1,0,0,3.7950885863977324,0,0.21739130434782608,0,0,0.011731102673641447
90,36,44,0,3,2,0,6,1,0,0,0,0,20,56,0.2222222222222222,1,0,1,0,1,4.795825774647056,0,0.15555555555555556,1,1,1.0
22,14,0,0,2,0,0,2,0,0,0,0,0,0,17,0.0,1,0,1,0,0,3.7887549139935026,0,0.22727272727272727,0,0,0.01743044864218114
63,54,1,0,2,3,0,3,0,0,0,0,0,1,53,0.015873015873015872,1,0,1,0,0,4.168466479401481,1,0.14285714285714285,1,1,1.0
89,61,21,0,5,0,0,4,0,0,0,0,0,2,77,0.02247191011235955,0,0,3,0,0,4.235149226007955,1,0.11235955056179775,1,1,1.0
22,15,0,0,2,1,0,2,0,0,0,0,0,0,16,0.0,0,0,1,0,0,3.5726236638951634,0,0.2727272727272727,1,1,0.9602733277155119
19,11,0,0,2,0,0,2,0,0,0,0,0,0,14,0.0,1,0,1,0,0,3.4058222502856905,0,0.2631578947368421,0,0,0.0041895600508676375
32,24,0,0,2,0,0,2,0,0,0,0,0,0,27,0.0,1,0,1,0,0,4.015319531114783,0,0.15625,0,0,0.008725304306328108
25,18,0,0,2,1,0,2,0,0,0,0,0,0,19,0.0,0,0,1,0,0,3.783465189601647,0,0.24,1,1,0.9857167597780585
24,17,0,0,2,0,0,2,0,0,0,0,0,0,19,0.0,0,0,1,0,0,3.688721875540867,0,0.20833333333333334,1,1,0.9901853234817914
21,14,0,0,2,0,0,2,0,0,0,0,0,0,16,0.0,0,0,1,0,0,3.33209539866017,0,0.23809523809523808,1,1,0.977916900268457
24,16,0,0,3,0,0,2,0,0,0,0,0,0,18,0.0,1,0,2,0,0,3.8239348962840563,0,0.25,0,0,0.0042573731044687185
26,19,0,0,2,0,0,2,0,0,0,0,0,0,21,0.0,0,0,1,0,0,3.8731406795131327,0,0.19230769230769232,1,1,0.9923041919600268
30,22,0,0,2,0,0,2,0,0,0,0,0,0,25,0.0,1,0,1,0,0,4.031401845392171,0,0.16666666666666666,0,0,0.005982794053951009
23,16,0,0,2,0,0,2,0,0,0,0,0,0,18,0.0,0,0,1,0,0,3.7622673906514947,0,0.21739130434782608,1,1,0.9808552195426523
51,20,23,0,2,2,0,4,0,0,0,0,0,0,42,0.0,1,0,0,0,2,4.182735764500181,0,0.17647058823529413,1,1,1.0
28,20,0,0,3,1,0,2,0,0,0,0,0,0,21,0.0,1,0,2,0,0,3.9677201004744997,0,0.25,0,0,0.005010309133918499
23,16,0,0,3,0,0,2,0,0,0,0,0,0,17,0.0,0,0,2,0,0,3.675310868912364,0,0.2608695652173913,1,1,0.9645506334583744
31,23,0,0,2,2,0,2,0,0,0,0,0,0,24,0.0,1,0,1,0,0,4.042433003725894,0,0.22580645161290322,0,0,0.022425278450929616
28,20,0,0,2,0,0,2,0,0,0,0,0,0,23,0.0,1,0,1,0,0,3.865764637179023,0,0.17857142857142858,0,0,0.007775635821005261
32,25,0,0,2,0,0,2,0,0,0,0,0,0,27,0.0,0,0,1,0,0,4.179229296672174,0,0.15625,1,1,0.9688999091527755
24,16,0,0,2,0,0,2,0,0,0,0,0,0,19,0.0,1,0,1,0,0,3.886842188131012,0,0.20833333333333334,0,0,0.005295858157184312
27,19,0,0,2,0,0,2,0,0,0,0,0,0,22,0.0,1,0,1,0,0,3.810081020521731,0,0.18518518518518517,0,0,0.0047897255340691594
60,26,12,13,4,0,0,3,1,1,0,0,0,6,44,0.1,1,0,2,1,1,4.3794115874127755,0,0.16666666666666666,1,1,1.0
39,31,0,0,3,0,0,2,0,0,0,0,0,0,33,0.0,1,0,2,0,0,4.051069770466925,0,0.15384615384615385,0,0,0.11063887654958592
24,16,0,0,2,0,0,2,0,0,0,0,0,0,19,0.0,1,0,1,0,0,4.053508854797679,0,0.20833333333333334,0,0,0.0069669853214584495
31,23,0,0,4,0,0,2,0,0,0,0,0,0,24,0.0,1,0,3,0,0,3.986454374903004,0,0.22580645161290322,0,0,0.00619549686503798
23,15,0,0,2,0,0,2,0,0,0,0,0,0,18,0.0,1,0,1,0,0,3.6753108689123644,0,0.21739130434782608,0,0,0.009622496680157706
32,24,0,0,3,0,0,2,0,0,0,0,0,15,11,0.46875,1,0,2,0,0,4.116729296672174,0,0.1875,1,1,0.7642640691694627
23,15,0,0,2,0,0,2,0,0,0,0,0,0,18,0.0,1,0,1,0,0,3.8820451081368628,0,0.21739130434782608,0,0,0.02375840767394129
28,20,0,0,2,0,0,2,0,0,0,0,0,0,23,0.0,1,0,1,0,0,3.9232517969803373,0,0.17857142857142858,0,0,0.0062027140142167795
30,23,0,0,2,2,0,2,0,0,0,0,0,0,23,0.0,0,0,1,0,0,3.9647351787255047,0,0.23333333333333334,1,1,0.9708435296836755
33,25,0,0,2,0,0,2,0,0,0,0,0,0,28,0.0,1,0,1,0,1,4.051821770808045,0,0.15151515151515152,1,0,0.03736863344287372
31,22,1,0,2,1,0,3,0,0,0,0,0,6,18,0.1935483870967742,1,0,1,0,0,4.014860327200947,0,0.22580645161290322,1,1,1.0
33,25,0,0,2,0,0,2,0,0,0,0,0,0,28,0.0,1,0,1,0,0,3.9195633472747033,0,0.15151515151515152,0,0,0.005412834661508803
27,20,0,0,2,0,0,2,0,0,0,0,0,0,22,0.0,0,0,1,0,0,3.736006946447656,0,0.18518518518518517,1,1,0.9863993822540204
32,24,1,0,1,0,0,3,0,0,0,0,0,0,27,0.0,0,0,0,0,0,3.9056390622295662,0,0.15625,1,1,1.0
16,9,0,0,2,0,0,2,0,0,0,0,0,0,11,0.0,0,0,1,0,0,3.327819531114783,0,0.3125,1,1,1.0
26,18,0,0,2,0,0,2,0,0,0,0,0,0,21,0.0,1,0,1,0,0,3.8252517372886508,0,0.19230769230769232,0,0,0.017886606571311466
24,16,0,0,2,0,0,2,0,0,0,0,0,0,19,0.0,1,0,1,0,0,3.9387218755408675,0,0.20833333333333334,0,0,0.005450702047319493
19,11,0,0,2,0,0,2,0,0,0,0,0,0,14,0.0,1,0,1,0,0,3.300559092390954,0,0.2631578947368421,0,0,0.0028720187085362423
23,15,0,0,2,0,0,2,0,0,0,0,0,0,18,0.0,1,0,1,0,0,3.708132064658602,0,0.21739130434782608,0,0,0.010265885472745666
26,18,0,0,2,0,0,2,0,0,0,0,0,0,21,0.0,1,0,1,0,0,3.9312089489103226,0,0.19230769230769232,0,0,0.0032517506120185355
40,31,1,0,2,1,0,3,0,0,0,0,0,3,30,0.075,1,0,1,0,0,4.434183719779188,0,0.175,1,1,1.0
52,19,25,0,3,0,0,4,0,0,0,1,0,2,41,0.038461538461538464,1,0,1,0,0,4.20527421887466,0,0.17307692307692307,1,1,1.0
22,14,0,0,2,0,0,2,0,0,0,0,0,0,17,0.0,1,0,1,0,0,3.788754913993503,0,0.22727272727272727,0,0,0.01743044864218114
24,16,0,0,2,0,0,2,0,0,0,0,0,0,19,0.0,1,0,1,0,1,3.9701755214643453,0,0.20833333333333334,0,0,0.01474484372567766
35,27,0,0,2,0,0,2,0,0,0,0,0,0,30,0.0,1,0,1,0,0,4.150292659616668,0,0.14285714285714285,0,0,0.005577035227448294
23,15,0,0,2,0,0,2,0,0,0,0,0,0,18,0.0,1,0,1,0,0,3.6539967386657093,0,0.21739130434782608,0,0,0.010841700726943087
39,30,1,0,2,2,0,3,0,0,0,0,0,6,25,0.15384615384615385,1,0,1,0,0,4.3361829878711236,0,0.20512820512820512,1,1,1.0
25,17,0,0,3,0,0,2,0,0,0,0,0,0,19,0.0,1,0,2,0,0,3.9434651896016466,0,0.24,0,0,0.0037752001308789885
35,27,0,0,2,0,0,2,0,0,0,0,0,0,30,0.0,1,0,1,0,0,4.171860873964196,0,0.14285714285714285,0,0,0.006173657944899336
37,28,1,0,2,0,0,3,0,0,0,0,0,3,28,0.08108108108108109,1,0,1,0,0,4.303783770917412,0,0.16216216216216217,1,1,1.0
30,22,0,0,3,0,0,2,0,0,0,0,0,0,24,0.0,1,0,2,0,0,4.164735178725505,0,0.2,0,0,0.04493713423665925
33,25,0,0,2,0,0,2,0,0,0,0,0,0,28,0.0,1,0,1,0,0,4.150158513166728,0,0.15151515151515152,0,0,0.07667035826626582
22,14,0,0,3,0,0,2,0,0,0,0,0,0,16,0.0,1,0,2,0,0,3.6635327548042547,0,0.2727272727272727,0,0,0.005510192886399742
29,21,0,0,2,0,0,2,0,0,0,0,0,0,24,0.0,1,0,1,0,0,3.8833374604210062,0,0.1724137931034483,0,0,0.007443761570009687
28,21,0,0,2,0,0,2,0,0,0,0,0,0,23,0.0,0,0,1,0,0,4.182005814760213,0,0.17857142857142858,1,1,0.9675144594241412
28,20,0,0,2,0,0,2,0,0,0,0,0,0,23,0.0,1,0,1,0,0,3.869331261111518,0,0.17857142857142858,0,0,0.008075687736109968
51,15,29,0,2,0,0,6,0,0,0,1,0,2,39,0.0392156862745098,0,0,1,0,0,4.05666793032624,0,0.19607843137254902,1,1,1.0
29,22,0,0,2,0,0,2,0,0,0,0,0,0,24,0.0,0,0,1,0,0,4.1162646156680225,0,0.1724137931034483,1,1,0.9841247875262468
27,19,0,0,3,0,0,2,0,0,0,0,0,0,21,0.0,1,0,2,0,0,3.578056483244308,0,0.2222222222222222,0,0,0.011157314770357274
27,19,0,0,2,0,0,2,0,0,0,0,0,0,22,0.0,1,0,1,0,0,3.7080481500712317,0,0.18518518518518517,0,0,0.003962772112783566
48,40,1,0,4,2,0,3,0,0,0,0,0,0,38,0.0,0,0,3,0,0,3.7738021471889165,0,0.20833333333333334,1,1,0.9966666666666667
111,37,66,0,2,1,0,4,0,0,0,0,0,8,95,0.07207207207207207,1,0,1,0,0,4.948091043271142,0,0.07207207207207207,1,1,1.0
20,13,0,0,2,0,0,2,0,0,0,0,0,0,15,0.0,0,0,1,0,0,3.7841837197791888,0,0.25,1,1,0.9824995304944241
38,29,1,0,2,2,0,3,0,0,0,0,0,9,21,0.23684210526315788,1,0,1,0,0,4.576617644908666,0,0.21052631578947367,1,1,1.0
26,18,0,0,2,0,0,2,0,0,0,0,0,0,21,0.0,1,0,1,0,0,3.9790978911348045,0,0.19230769230769232,0,0,0.004194649840584041
26,18,0,0,2,0,0,2,0,0,0,0,0,0,21,0.0,1,0,1,0,0,4.026986833359286,0,0.19230769230769232,0,0,0.005467869501421709
20,12,0,0,2,0,0,2,0,0,0,0,0,0,15,0.0,1,0,1,0,0,3.7841837197791888,0,0.25,0,0,0.006845879642254863
20,12,0,0,2,0,0,2,0,0,0,0,0,0,15,0.0,1,0,1,0,0,3.4464393446710146,0,0.25,0,0,0.0071850810601427695
22,14,0,0,2,1,0,2,0,0,0,0,0,0,16,0.0,1,0,1,0,0,3.572623663895164,0,0.2727272727272727,0,0,0.01857902056015017
31,23,0,0,2,0,0,2,0,0,0,0,0,0,26,0.0,1,0,1,0,0,4.17146526179041,0,0.16129032258064516,0,0,0.007290496989095332
27,20,0,0,2,0,0,2,0,0,0,0,0,0,22,0.0,0,0,1,0,0,3.9121138909722295,0,0.18518518518518517,1,1,0.9832393115907574
19,12,0,0,2,0,0,2,0,0,0,0,0,0,14,0.0,0,0,1,0,0,3.6818808028034025,0,0.2631578947368421,1,1,0.9752437241778861
30,22,0,0,2,0,0,2,0,0,0,0,0,0,25,0.0,1,0,1,0,0,3.6892464285091577,0,0.16666666666666666,0,0,0.005145941286268862
31,23,0,0,2,0,0,2,0,0,0,0,0,3,23,0.0967741935483871,1,0,1,0,0,4.1313003425053605,0,0.16129032258064516,0,0,0.09046738141389078
43,34,1,0,2,0,0,3,0,0,0,0,0,0,37,0.0,1,0,1,0,0,4.091751313184559,0,0.13953488372093023,1,1,1.0
30,22,0,0,2,0,0,2,0,0,0,0,0,0,25,0.0,1,0,1,0,0,4.031401845392171,0,0.16666666666666666,0,0,0.005982794053951009
27,19,0,0,2,0,0,2,0,0,0,0,0,0,22,0.0,1,0,1,0,0,3.986187965046304,0,0.18518518518518517,0,0,0.005086770973511688
45,36,1,0,2,3,0,3,0,0,0,0,0,12,24,0.26666666666666666,1,0,1,0,0,4.374860596185443,0,0.2,1,1,1.0
25,17,0,0,2,0,0,2,0,0,0,0,0,0,20,0.0,1,0,1,0,0,3.783465189601647,0,0.2,0,0,0.0035156030378867015
95,19,68,0,3,5,0,5,0,0,0,1,0,22,58,0.23157894736842105,1,0,1,0,0,4.742731489618504,0,0.15789473684210525,1,1,1.0
22,14,0,0,2,0,0,2,0,0,0,0,0,0,17,0.0,1,0,1,0,0,3.6292196865240967,0,0.22727272727272727,0,0,0.01487581762780018
69,14,48,0,2,1,0,10,0,0,0,0,0,5,50,0.07246376811594203,0,0,1,0,0,4.189499379259555,0,0.2028985507246377,1,1,1.0
24,17,0,0,1,0,0,2,0,0,0,0,0,0,20,0.0,0,0,0,0,0,3.8868421881310122,0,0.16666666666666666,1,1,1.0
25,17,0,0,2,0,0,2,0,0,0,0,0,0,20,0.0,1,0,1,0,0,3.893660689688186,0,0.2,0,0,0.0030593884458796385
32,24,0,0,2,0,0,2,0,0,0,0,0,0,27,0.0,1,0,1,0,0,4.027518266288633,0,0.15625,0,0,0.009275492315531582
32,25,0,0,3,1,0,2,0,0,0,0,0,0,25,0.0,0,0,2,0,0,3.9681390622295662,0,0.21875,1,1,0.9568944471470899
27,19,0,0,2,0,0,2,0,0,0,0,0,0,22,0.0,1,0,1,0,0,3.930270372293454,0,0.18518518518518517,0,0,0.004732439099188848
22,14,0,0,3,0,0,2,0,0,0,0,0,0,16,0.0,1,0,2,0,0,3.4474015047059154,0,0.2727272727272727,0,0,0.011384129766998182
88,7,52,20,2,0,0,4,1,1,0,0,0,7,72,0.07954545454545454,1,0,0,1,0,4.810640892162287,0,0.10227272727272728,1,1,1.0
34,25,1,0,2,1,0,3,0,0,0,0,0,0,27,0.0,1,0,1,0,0,4.278351811711312,0,0.20588235294117646,1,1,0.9980153922687501
27,19,0,0,2,0,0,2,0,0,0,0,0,0,22,0.0,1,0,1,0,0,3.810081020521731,0,0.18518518518518517,0,0,0.0047897255340691594
43,14,21,0,2,1,0,5,0,0,0,0,0,1,33,0.023255813953488372,1,0,0,0,0,4.045239685277583,0,0.20930232558139536,1,1,1.0
29,20,1,0,2,1,0,3,0,0,0,0,0,0,22,0.0,1,0,1,0,0,3.8833374604210062,0,0.2413793103448276,1,1,1.0
36,29,0,0,3,0,0,2,0,0,0,0,0,0,30,0.0,0,0,2,0,0,4.17619062614183,0,0.16666666666666666,1,1,0.9581636236690209
30,22,0,0,4,0,0,2,0,0,0,0,0,0,23,0.0,1,0,3,0,0,3.789898095464287,0,0.23333333333333334,0,0,0.008100572242096534
26,18,0,0,2,1,0,2,0,0,0,0,0,0,20,0.0,1,0,1,0,0,3.9500637564362093,0,0.23076923076923078,0,0,0.0071562341460754166
23,15,0,0,3,0,0,2,0,0,0,0,0,0,17,0.0,1,0,2,0,0,3.588354347173233,0,0.2608695652173913,0,0,0.008950757737951797
30,22,0,0,2,0,0,2,0,0,0,0,0,0,25,0.0,1,0,1,0,0,4.12323142879762,0,0.16666666666666666,0,0,0.009824143773252601
25,17,0,0,2,1,0,2,0,0,0,0,0,0,19,0.0,1,0,1,0,0,3.973660689688185,0,0.24,0,0,0.007534766774693109
22,15,0,0,2,0,0,2,0,0,0,0,0,0,17,0.0,0,0,1,0,0,3.5726236638951634,0,0.22727272727272727,1,1,0.9720013172744082
25,18,0,0,2,0,0,2,0,0,0,0,0,0,20,0.0,0,0,1,0,0,3.6732696895151085,0,0.2,1,1,0.9892250765130721
30,22,0,0,2,1,0,2,0,0,0,0,0,0,24,0.0,1,0,1,0,0,4.056564762130954,0,0.2,0,0,0.018320006652963405
35,27,0,0,2,0,0,2,0,0,0,0,0,0,30,0.0,1,0,1,0,0,4.000432302535624,0,0.14285714285714285,0,0,0.0027937594541296846
36,21,8,0,2,0,0,4,0,0,0,0,0,1,28,0.027777777777777776,0,0,1,0,0,4.0514621540398,0,0.19444444444444445,1,1,1.0
42,35,0,0,2,1,0,2,0,0,0,0,0,0,36,0.0,0,0,1,0,1,4.041625614369224,0,0.14285714285714285,1,1,0.9713296236759875
34,26,0,0,2,0,0,2,0,0,0,0,0,0,29,0.0,1,0,1,0,0,3.6686736954407073,0,0.14705882352941177,0,0,0.012732198960498892
72,13,51,0,2,2,0,8,0,0,0,0,0,0,59,0.0,1,0,0,0,1,4.365892842943273,0,0.18055555555555555,1,1,1.0
24,17,0,0,2,0,0,2,0,0,0,0,0,0,19,0.0,0,0,1,0,0,3.636842188131012,0,0.20833333333333334,1,1,0.9875692425753015
24,16,0,0,2,0,0,2,0,0,0,0,0,0,19,0.0,1,0,1,0,0,3.772055208874201,0,0.20833333333333334,0,0,0.005417498700028583
46,10,28,0,1,1,0,6,0,0,0,0,0,0,37,0.0,1,0,0,0,0,4.077272281861778,0,0.1956521739130435,1,1,1.0
32,24,0,0,3,0,0,2,0,0,0,0,0,0,26,0.0,1,0,2,0,0,4.030639062229566,0,0.1875,0,0,0.010618737330739416
39,30,1,0,2,0,0,3,0,0,0,0,0,0,33,0.0,1,0,1,0,0,4.079772731460867,0,0.15384615384615385,1,1,1.0
26,19,0,0,2,2,0,2,0,0,0,0,0,0,19,0.0,0,0,1,0,0,4.056020968057881,0,0.2692307692307692,1,1,0.9814252292725738
53,44,1,0,2,3,0,3,0,0,0,0,0,0,44,0.0,1,0,1,0,0,4.110022228867832,0,0.16981132075471697,1,1,0.9996829715225969
28,20,0,0,3,0,0,2,0,0,0,0,0,0,22,0.0,1,0,2,0,0,3.6550455468258045,0,0.21428571428571427,0,0,0.010032228812000084
34,27,0,0,2,0,0,2,0,0,0,0,0,0,29,0.0,0,0,1,0,0,3.763358429231108,0,0.14705882352941177,1,1,0.9820160967875166
33,25,0,0,2,0,0,2,0,0,0,0,0,0,28,0.0,1,0,1,0,0,3.824252831282987,0,0.15151515151515152,0,0,0.006092785252543229
24,16,0,0,2,0,0,2,0,0,0,0,0,0,19,0.0,1,0,1,0,0,3.855388542207534,0,0.20833333333333334,0,0,0.005451851578679096
35,26,1,0,2,2,0,3,0,0,0,0,0,3,24,0.08571428571428572,1,0,1,0,0,4.243010159554855,0,0.22857142857142856,1,1,1.0
34,26,0,0,2,1,0,2,0,0,0,0,0,0,28,0.0,1,0,1,0,0,4.152920561520418,0,0.17647058823529413,0,0,0.10448322278918709
55,46,1,0,3,0,0,3,0,0,0,0,0,0,48,0.0,1,0,2,0,0,4.206753187449609,0,0.12727272727272726,1,1,0.9966666666666667
22,15,0,0,2,1,0,2,0,0,0,0,0,0,16,0.0,0,0,1,0,0,3.879664004902594,0,0.2727272727272727,1,1,0.9830102846719594
28,20,0,0,2,0,0,2,0,0,0,0,0,0,23,0.0,1,0,1,0,0,3.770942421748538,0,0.17857142857142858,0,0,0.00656703308470026
25,17,0,0,2,0,0,2,0,0,0,0,0,0,20,0.0,1,0,1,0,0,4.053660689688185,0,0.2,0,0,0.004912225321018954
52,43,1,0,2,2,0,3,0,0,0,0,0,18,26,0.34615384615384615,1,0,1,0,0,4.408877036242433,0,0.15384615384615385,1,1,0.9985870833333333
32,24,0,0,2,0,0,2,0,0,0,0,0,0,27,0.0,1,0,1,0,0,4.054229296672174,0,0.15625,0,0,0.00937134674062599
29,21,0,0,3,0,0,2,0,0,0,0,0,0,23,0.0,1,0,2,0,0,3.995237891380887,0,0.20689655172413793,0,0,0.009402906591107473
25,17,0,0,2,0,0,2,0,0,0,0,0,0,20,0.0,1,0,1,0,0,3.943465189601646,0,0.2,0,0,0.0025758722558427067
35,27,0,0,2,0,0,2,0,0,0,0,0,0,30,0.0,1,0,1,0,0,4.16429908806447,0,0.14285714285714285,0,0,0.006131851334482998
25,17,0,0,2,0,0,2,0,0,0,0,0,0,20,0.0,1,0,1,0,0,4.133660689688185,0,0.2,0,0,0.005808360029094331
33,26,0,0,2,0,0,2,0,0,0,0,0,0,28,0.0,0,0,1,0,0,4.028946391954607,0,0.15151515151515152,1,1,0.977019813024524
30,22,0,0,2,0,0,2,0,0,0,0,0,0,25,0.0,1,0,1,0,0,4.081727678869736,0,0.16666666666666666,0,0,0.03402832601555986
36,28,0,0,2,0,0,2,0,0,0,0,0,0,31,0.0,1,0,1,0,0,4.016875695766563,0,0.1388888888888889,0,0,0.0028318326533546935
19,11,0,0,2,0,0,2,0,0,0,0,0,0,14,0.0,1,0,1,0,0,3.5766176449086657,0,0.2631578947368421,0,0,0.005149518898988455
21,13,0,0,2,0,0,2,0,0,0,0,0,0,16,0.0,1,0,1,0,0,3.6537567082870015,0,0.23809523809523808,0,0,0.011853011841857757
30,23,0,0,2,0,0,2,0,0,0,0,0,0,25,0.0,0,0,1,0,0,4.148394345536404,0,0.16666666666666666,1,1,0.9753137952987196
26,18,0,0,3,0,0,2,0,0,0,0,0,0,20,0.0,1,0,2,0,0,3.767183467891461,0,0.23076923076923078,0,0,0.00680595916865964
40,30,2,0,2,1,0,3,0,0,0,0,0,0,33,0.0,1,0,1,0,0,4.215311532225101,0,0.175,1,1,1.0
20,12,0,0,2,0,0,2,0,0,0,0,0,0,15,0.0,1,0,1,0,0,3.7841837197791888,0,0.25,0,0,0.006845879642254863
34,25,1,0,2,1,0,3,0,0,0,0,0,0,27,0.0,1,0,1,0,0,4.101881223476018,0,0.20588235294117646,1,1,1.0
33,25,0,0,2,0,0,2,0,0,0,0,0,0,28,0.0,1,0,1,0,0,4.104407755459851,0,0.15151515151515152,0,0,0.00731337703179946
24,16,0,0,2,0,0,2,0,0,0,0,0,0,19,0.0,1,0,1,0,0,3.9701755214643453,0,0.20833333333333334,0,0,0.005905620775876425
22,15,0,0,2,0,0,2,0,0,0,0,0,0,17,0.0,0,0,1,0,0,3.663532754804254,0,0.22727272727272727,1,1,0.9707580438587186
27,19,0,0,2,1,0,2,0,0,0,0,0,0,21,0.0,1,0,1,0,0,3.8841550945958048,0,0.2222222222222222,0,0,0.0298106976916241
25,17,0,0,2,0,0,2,0,0,0,0,0,0,20,0.0,1,0,1,0,0,3.4830741894285695,0,0.2,0,0,0.003537600494740073
45,36,1,0,2,1,0,3,0,0,0,0,0,6,32,0.13333333333333333,1,0,1,0,0,4.413423651596768,0,0.15555555555555556,1,1,1.0
36,27,1,0,2,0,0,3,0,0,0,0,0,2,28,0.05555555555555555,1,0,1,0,0,4.197159723424148,0,0.16666666666666666,1,1,1.0
37,29,0,0,2,2,0,2,0,0,0,0,0,0,30,0.0,1,0,1,0,0,4.162023973678586,0,0.1891891891891892,0,0,0.1253868155673652
25,17,0,0,2,0,0,2,0,0,0,0,0,0,20,0.0,1,0,1,0,0,3.6536606896881856,0,0.2,0,0,0.0029490762484657954
30,22,0,0,2,0,0,2,0,0,0,0,0,0,25,0.0,1,0,1,0,0,3.6192509128388286,0,0.16666666666666666,0,0,0.004497724772067191
28,20,0,0,2,1,0,2,0,0,0,0,0,0,22,0.0,1,0,1,0,0,4.012188403968661,0,0.21428571428571427,0,0,0.0170453040895205
125,23,94,0,2,6,0,5,0,0,0,0,0,20,91,0.16,1,0,1,0,0,4.928108942923833,0,0.112,1,1,1.0
34,26,0,0,2,0,0,2,0,0,0,0,0,0,29,0.0,1,0,1,0,0,3.836600340868551,0,0.14705882352941177,0,0,0.010649664364197923
23,15,0,0,2,0,0,2,0,0,0,0,0,0,18,0.0,1,0,1,0,0,3.6753108689123644,0,0.21739130434782608,0,0,0.009622496680157706
36,27,1,0,2,0,0,3,0,0,0,0,0,4,26,0.1111111111111111,1,0,1,0,0,4.350209029099896,0,0.16666666666666666,1,1,1.0
54,47,0,0,3,4,0,2,0,0,0,0,0,21,23,0.3888888888888889,0,0,2,0,0,4.365636576077287,0,0.18518518518518517,1,1,1.0
24,16,0,0,2,0,0,2,0,0,0,0,0,0,19,0.0,1,0,1,0,0,3.6887218755408675,0,0.20833333333333334,0,0,0.017097303856533737
22,14,0,0,3,0,0,2,0,0,0,0,0,0,16,0.0,1,0,2,0,0,3.5726236638951634,0,0.2727272727272727,0,0,0.005819568794325204
25,17,0,0,2,0,0,2,0,0,0,0,0,0,20,0.0,1,0,1,0,0,3.8634651896016465,0,0.2,0,0,0.0039272796960064665
35,27,0,0,2,0,0,2,0,0,0,0,0,0,30,0.0,1,0,1,0,0,4.128724445269141,0,0.14285714285714285,0,0,0.0030792282001875205
22,14,0,0,3,0,0,2,0,0,0,0,0,0,16,0.0,1,0,2,0,0,3.6635327548042547,0,0.2727272727272727,0,0,0.005510192886399742
21,13,0,0,2,0,0,2,0,0,0,0,0,0,16,0.0,1,0,1,0,0,3.594465636961452,0,0.23809523809523808,0,0,0.010524297992008323
41,14,19,0,2,0,0,4,0,0,0,0,0,0,34,0.0,1,0,0,0,0,3.8579436276579857,0,0.17073170731707318,1,1,1.0
17,10,0,0,1,0,0,2,0,0,0,0,0,0,13,0.0,0,0,0,0,0,3.734521664779752,0,0.23529411764705882,1,1,1.0
23,16,0,0,2,0,0,2,0,0,0,0,0,0,18,0.0,0,0,1,0,0,3.7622673906514947,0,0.21739130434782608,1,1,0.9808552195426523
31,23,0,0,2,0,0,2,0,0,0,0,0,0,26,0.0,1,0,1,0,0,4.195816471537619,0,0.16129032258064516,0,0,0.0072557088119727395
29,21,0,0,2,0,0,2,0,0,0,0,0,0,24,0.0,1,0,1,0,0,4.1162646156680225,0,0.1724137931034483,0,0,0.012425061540673205
40,31,1,0,2,1,0,3,0,0,0,0,0,0,33,0.0,1,0,1,0,0,4.227567157116929,0,0.175,1,1,1.0
35,27,0,0,2,0,0,2,0,0,0,0,0,0,30,0.0,1,0,1,0,0,3.92172123104524,0,0.14285714285714285,0,0,0.0024138680222711728
27,19,0,0,2,0,0,2,0,0,0,0,0,0,22,0.0,1,0,1,0,0,3.7043494289560512,0,0.18518518518518517,0,0,0.003962772112783566
31,23,0,0,2,0,0,2,0,0,0,0,0,0,26,0.0,1,0,1,0,0,3.80871969734407,0,0.16129032258064516,0,0,0.0051228209746506026
37,22,8,0,4,0,0,3,0,0,0,0,0,0,29,0.0,0,0,2,0,0,4.013111135723804,0,0.21621621621621623,1,1,0.9966666666666667
38,30,0,0,2,0,0,2,0,0,0,0,0,0,33,0.0,1,0,1,0,0,4.133071514059367,0,0.13157894736842105,0,0,0.004386553424201656
28,20,0,0,3,0,0,2,0,0,0,0,0,0,22,0.0,1,0,2,0,0,3.797902689682947,0,0.21428571428571427,0,0,0.009382626890277582
28,20,0,0,2,0,0,2,0,0,0,0,0,0,23,0.0,1,0,1,0,0,3.7264741182543757,0,0.17857142857142858,0,0,0.006478953723360232
21,13,0,0,2,0,0,2,0,0,0,0,0,0,16,0.0,1,0,1,0,0,3.5225715891363607,0,0.23809523809523808,0,0,0.010524297992008323
50,41,1,0,3,0,0,3,0,0,0,0,0,1,42,0.02,1,0,2,0,0,4.203074189428568,0,0.14,1,1,1.0
27,19,0,0,2,0,0,2,0,0,0,0,0,0,22,0.0,1,0,1,0,0,3.754163427768881,0,0.18518518518518517,0,0,0.0039952061376365994
87,19,60,0,3,5,0,5,0,0,0,0,0,20,53,0.22988505747126436,1,0,1,0,0,4.810423025741278,0,0.16091954022988506,1,1,1.0
30,22,0,0,2,0,0,2,0,0,0,0,0,0,25,0.0,1,0,1,0,0,3.939572261986722,0,0.16666666666666666,0,0,0.004922432951000173
31,23,0,0,2,0,0,2,0,0,0,0,0,0,26,0.0,1,0,1,0,0,3.9134007456613777,0,0.16129032258064516,0,0,0.004214823611314164
35,27,0,0,2,2,0,2,0,0,0,0,0,0,28,0.0,1,0,1,0,1,4.0360069453309535,0,0.2,1,0,0.22895909728522218
20,12,0,0,2,0,0,2,0,0,0,0,0,0,15,0.0,1,0,1,0,0,3.4219280948873623,0,0.25,0,0,0.005463664105718776
123,7,52,55,1,0,0,4,1,1,0,0,0,20,95,0.16260162601626016,1,0,0,1,0,4.65559478264028,0,0.06504065040650407,1,1,1.0
29,21,0,0,2,0,0,2,0,0,0,0,0,3,21,0.10344827586206896,1,0,1,0,0,4.142295219190901,0,0.1724137931034483,0,0,0.1799377961868646
26,18,0,0,2,0,0,2,0,0,0,0,0,0,21,0.0,1,0,1,0,0,3.8441065448145375,0,0.19230769230769232,0,0,0.005665991885823571
21,14,0,0,2,0,0,2,0,0,0,0,0,0,16,0.0,0,0,1,0,0,3.6537567082870015,0,0.23809523809523808,1,1,0.9737310891449493
34,25,1,0,2,1,0,3,0,0,0,0,0,6,21,0.17647058823529413,1,0,1,0,0,4.29277019393699,0,0.20588235294117646,1,1,1.0
27,19,0,0,3,0,0,2,0,0,0,0,0,0,21,0.0,1,0,2,0,0,4.004344446367528,0,0.2222222222222222,0,0,0.010501663525329835
35,27,0,0,2,0,0,2,0,0,0,0,0,0,30,0.0,1,0,1,0,1,3.9217212310452396,0,0.14285714285714285,0,0,0.04680270969989979
26,18,0,0,2,0,0,2,0,0,0,0,0,0,21,0.0,1,0,1,0,0,3.8252517372886503,0,0.19230769230769232,0,0,0.017886606571311466
37,26,3,0,2,0,0,3,0,0,0,0,0,3,28,0.08108108108108109,1,0,1,0,0,4.2629790410707376,0,0.16216216216216217,1,1,1.0
42,31,3,0,1,0,0,3,0,0,0,0,0,0,37,0.0,1,0,0,0,0,4.261132303628119,0,0.11904761904761904,1,1,0.9780153922687501
23,15,0,0,2,0,0,2,0,0,0,0,0,0,18,0.0,1,0,1,0,0,3.7294461949052566,0,0.21739130434782608,0,0,0.010303764003799959
28,19,1,0,2,0,0,3,0,0,0,0,0,2,20,0.07142857142857142,1,0,1,0,1,4.0836169753972325,0,0.21428571428571427,1,1,0.9993435164750069
35,27,0,0,2,1,0,2,0,0,0,0,0,0,29,0.0,1,0,1,0,0,4.050013373778756,0,0.17142857142857143,0,0,0.015246261334871874
48,39,1,0,4,0,0,3,0,0,0,0,0,0,40,0.0,1,0,3,0,0,4.047995052579128,0,0.16666666666666666,1,1,0.9980153922687501
95,20,67,0,2,1,1,6,0,0,0,0,0,0,84,0.0,1,0,0,0,0,4.5511121259745115,0,0.11578947368421053,1,1,0.9946820589354168
32,23,1,0,2,2,0,3,0,0,0,0,0,0,24,0.0,1,0,1,0,0,4.051108500731241,0,0.25,1,1,0.9906881342875707
25,17,0,0,2,0,0,2,0,0,0,0,0,0,20,0.0,1,0,1,0,0,3.673269689515108,0,0.2,0,0,0.003320223633697498
20,12,0,0,2,0,0,2,0,0,0,0,0,0,15,0.0,1,0,1,0,0,3.5841837197791886,0,0.25,0,0,0.006103523061771641
25,17,0,0,2,0,0,2,0,0,0,0,0,0,20,0.0,1,0,1,0,0,3.9736606896881854,0,0.2,0,0,0.0025758722558427067
25,17,0,0,2,0,0,2,0,0,0,0,0,0,20,0.0,1,0,1,0,0,4.053660689688185,0,0.2,0,0,0.004912225321018954
54,31,16,0,3,2,0,3,0,0,0,0,0,0,45,0.0,0,0,1,0,0,4.309718983324437,0,0.16666666666666666,1,1,1.0
19,4,8,0,1,0,0,3,0,0,0,0,0,0,14,0.0,0,0,0,0,0,3.5368867237421666,0,0.2631578947368421,1,1,1.0
20,12,0,0,2,0,0,2,0,0,0,0,0,0,15,0.0,1,0,1,0,0,3.3841837197791884,0,0.25,0,0,0.005395834923168871
34,25,1,0,2,1,0,3,0,0,0,0,0,6,21,0.17647058823529413,1,0,1,0,0,4.432619826353562,0,0.20588235294117646,1,1,1.0
28,20,1,0,2,0,0,3,0,0,0,0,0,2,20,0.07142857142857142,0,0,1,0,0,4.012188403968661,0,0.21428571428571427,1,1,1.0
27,18,1,0,2,0,0,3,0,0,0,0,0,2,19,0.07407407407407407,1,0,1,0,0,3.754163427768881,0,0.2222222222222222,1,1,0.9987781078932226
28,20,0,0,2,0,0,2,0,0,0,0,0,0,23,0.0,1,0,1,0,0,3.8962915290459277,0,0.17857142857142858,0,0,0.006509090438530513
31,23,0,0,3,0,0,2,0,0,0,0,0,0,25,0.0,1,0,2,0,0,3.953565664946427,0,0.1935483870967742,0,0,0.009921699423075905
35,26,1,0,2,0,0,3,0,0,0,0,0,14,15,0.4,1,0,1,0,0,4.185867302411998,0,0.17142857142857143,1,1,1.0
43,34,1,0,2,2,0,3,0,0,0,0,0,0,35,0.0,1,0,1,0,0,4.120707417785408,0,0.18604651162790697,1,1,0.9966666666666667
25,17,0,0,2,0,0,2,0,0,0,0,0,0,20,0.0,1,0,1,0,0,3.9434651896016466,0,0.2,0,0,0.0025758722558427067
29,21,0,0,2,0,0,2,0,0,0,0,0,0,24,0.0,1,0,1,0,0,3.9783335811852645,0,0.1724137931034483,0,0,0.005551372769981398
28,20,0,0,2,0,0,2,0,0,0,0,0,0,23,0.0,1,0,1,0,0,3.69594722638747,0,0.17857142857142858,0,0,0.0064437621054003165
38,30,0,0,2,0,0,2,0,0,0,0,0,0,33,0.0,1,0,1,0,1,3.9380738947378653,0,0.13157894736842105,0,0,0.11899579385978501
34,26,0,0,2,0,0,2,0,0,0,0,0,0,29,0.0,1,0,1,0,0,3.9513101799829657,0,0.14705882352941177,0,0,0.0049259744156976894
29,21,0,0,2,0,0,2,0,0,0,0,0,0,24,0.0,1,0,1,0,0,3.8404025467025056,0,0.1724137931034483,0,0,0.008372027405062704
70,61,1,0,2,0,0,3,0,0,0,0,0,20,44,0.2857142857142857,1,0,1,0,0,4.555869224267571,1,0.08571428571428572,1,1,1.0
27,19,0,0,2,0,0,2,0,0,0,0,0,0,22,0.0,1,0,1,0,0,3.9861879650463035,0,0.18518518518518517,0,0,0.005086770973511688
24,16,0,0,2,0,0,2,0,0,0,0,0,0,19,0.0,1,0,1,0,0,3.855388542207534,0,0.20833333333333334,0,0,0.005451851578679096
39,31,0,0,3,0,0,2,0,0,0,0,0,0,33,0.0,1,0,2,0,0,4.092342603144792,0,0.15384615384615385,0,0,0.083019901174272
29,21,0,0,2,0,0,2,0,0,0,0,0,0,24,0.0,1,0,1,0,0,3.909368063943884,0,0.1724137931034483,0,0,0.004970814269591249
34,26,0,0,2,1,0,2,0,0,0,0,0,0,28,0.0,1,0,1,0,0,3.9620315910594455,0,0.17647058823529413,0,0,0.11068401683781619
55,37,10,0,4,2,0,4,0,0,0,0,0,0,44,0.0,1,0,3,0,1,4.172205286906152,0,0.2,1,1,1.0
26,18,0,0,2,0,0,2,0,0,0,0,0,0,21,0.0,1,0,1,0,0,3.9500637564362093,0,0.19230769230769232,0,0,0.0032517506120185355
31,23,0,0,2,0,0,2,0,0,0,0,0,0,26,0.0,1,0,1,0,0,4.106949132758152,0,0.16129032258064516,0,0,0.005703070177713936
32,24,1,0,3,0,0,3,0,0,0,0,0,1,24,0.03125,0,0,2,0,0,3.9917292966721747,0,0.21875,1,1,1.0
24,16,0,0,2,0,0,2,0,0,0,0,0,0,19,0.0,1,0,1,0,0,3.938721875540868,0,0.20833333333333334,0,0,0.005450702047319493
28,20,0,0,2,0,0,2,0,0,0,0,0,0,23,0.0,1,0,1,0,0,3.6820058147602133,0,0.17857142857142858,0,0,0.005139926259465729
64,32,24,0,3,0,0,5,0,0,0,0,0,0,55,0.0,1,0,1,0,1,4.150053861896762,0,0.140625,1,1,0.9966666666666667
23,15,0,0,3,0,0,2,0,0,0,0,0,0,17,0.0,1,0,2,0,0,3.708132064658602,0,0.2608695652173913,0,0,0.008679621586349724
20,12,0,0,2,0,0,2,0,0,0,0,0,0,15,0.0,1,0,1,0,0,3.5841837197791886,0,0.25,0,0,0.006103523061771641
111,74,1,27,4,0,0,3,1,1,0,0,0,19,82,0.17117117117117117,1,0,2,1,0,4.838354021042457,1,0.09009009009009009,1,1,1.0
19,11,0,0,2,0,0,2,0,0,0,0,0,0,14,0.0,1,0,1,0,0,3.4713544870139286,0,0.2631578947368421,0,0,0.004879182365489953
45,36,1,0,2,0,0,3,0,0,0,0,0,18,21,0.4,1,0,1,0,0,3.9164341410056513,0,0.13333333333333333,1,1,0.9993435164750069
22,14,0,0,2,0,0,2,0,0,0,0,0,0,17,0.0,1,0,1,0,0,3.845350936622436,0,0.22727272727272727,0,0,0.01493601183133916
56,47,1,0,3,4,0,3,0,0,0,0,0,20,25,0.35714285714285715,1,0,2,0,0,4.543176573495619,0,0.19642857142857142,1,1,1.0
31,23,0,0,2,0,0,2,0,0,0,0,0,0,26,0.0,1,0,1,0,0,4.106949132758152,0,0.16129032258064516,0,0,0.005703070177713936
30,22,0,0,2,0,0,2,0,0,0,0,0,0,25,0.0,1,0,1,0,0,4.031401845392171,0,0.16666666666666666,0,0,0.005982794053951009
38,30,0,0,4,0,0,2,0,0,0,0,0,0,31,0.0,1,0,3,0,0,3.9053077763737467,0,0.18421052631578946,0,0,0.2334950185646458
25,17,0,0,2,0,0,2,0,0,0,0,0,0,20,0.0,1,0,1,0,0,3.783465189601647,0,0.2,0,0,0.0035156030378867015
30,22,0,0,2,0,0,2,0,0,0,0,0,0,25,0.0,1,0,1,0,0,4.098068512058838,0,0.16666666666666666,0,0,0.009789803984405671
25,17,0,0,2,0,0,2,0,0,0,0,0,0,20,0.0,1,0,1,0,0,3.7532696895151076,0,0.2,0,0,0.0034397638404539835
34,25,1,0,3,0,0,3,0,0,0,0,0,1,26,0.029411764705882353,1,0,2,0,0,3.814397767275508,0,0.20588235294117646,1,1,0.9995724264891309
26,19,0,0,2,0,0,2,0,0,0,0,0,0,21,0.0,0,0,1,0,0,3.719294525666979,0,0.19230769230769232,1,1,0.9920547453623058
31,23,0,0,3,0,0,2,0,0,0,0,0,0,25,0.0,1,0,2,0,0,3.9779168746936358,0,0.1935483870967742,0,0,0.008524391928926529
27,19,0,0,2,0,0,2,0,0,0,0,0,0,22,0.0,1,0,1,0,0,4.032303242743953,0,0.18518518518518517,0,0,0.016507349865286017
25,17,0,0,3,0,0,2,0,0,0,0,0,0,19,0.0,1,0,2,0,0,3.9132696895151082,0,0.24,0,0,0.004331584391742369
33,17,9,0,2,0,0,3,0,0,0,0,0,9,18,0.2727272727272727,0,0,1,0,0,4.2107645737727895,0,0.18181818181818182,1,1,1.0
104,15,81,0,2,1,0,9,0,0,0,0,0,12,79,0.11538461538461539,1,0,0,0,1,4.785326410790935,0,0.125,1,1,1.0
83,16,59,0,3,0,1,5,0,0,0,0,0,32,41,0.3855421686746988,1,0,1,0,0,4.730730251647467,0,0.12048192771084337,1,1,1.0
28,20,0,0,2,0,0,2,0,0,0,0,0,0,23,0.0,1,0,1,0,0,4.110577243331642,0,0.17857142857142858,0,0,0.011425478749959896
39,19,13,0,4,1,0,3,0,0,0,0,0,0,30,0.0,0,0,2,0,1,4.079772731460866,0,0.23076923076923078,1,1,0.9977059937762143
26,18,0,0,2,0,0,2,0,0,0,0,0,0,21,0.0,1,0,1,0,0,3.7483286603655737,0,0.19230769230769232,0,0,0.005362687428727657
24,16,0,0,2,0,0,2,0,0,0,0,0,0,19,0.0,1,0,1,0,0,3.7720552088742005,0,0.20833333333333334,0,0,0.005417498700028583
20,13,0,0,2,0,0,2,0,0,0,0,0,0,15,0.0,0,0,1,0,0,3.5841837197791886,0,0.25,1,1,0.9824995304944241
26,18,0,0,2,0,0,2,0,0,0,0,0,0,21,0.0,1,0,1,0,0,4.056020968057881,0,0.19230769230769232,0,0,0.0058260547090382715
28,21,0,0,2,0,0,2,0,0,0,0,0,0,23,0.0,0,0,1,0,0,3.851823225551766,0,0.17857142857142858,1,1,0.9781250940493449
32,23,1,0,2,1,0,3,0,0,0,0,0,1,24,0.03125,1,0,1,0,0,4.116729296672175,0,0.21875,1,1,1.0
67,37,23,0,3,4,0,4,0,0,0,0,0,12,43,0.1791044776119403,0,0,2,0,0,4.713414705635524,0,0.1791044776119403,1,1,1.0
28,20,0,0,2,0,0,2,0,0,0,0,0,0,23,0.0,1,0,1,0,0,4.182005814760214,0,0.17857142857142858,0,0,0.012487241155164846
38,30,0,0,2,1,0,2,0,0,0,0,0,0,32,0.0,1,0,1,0,0,4.165837632423486,0,0.15789473684210525,0,0,0.11733809868024471
48,41,0,0,2,0,0,2,0,0,0,0,0,24,19,0.5,0,0,1,0,0,4.402569011092751,0,0.10416666666666667,1,1,0.9994821398573632
36,28,0,0,2,0,0,2,0,0,0,0,0,0,31,0.0,1,0,1,0,0,4.030493056757482,0,0.1388888888888889,0,0,0.0038304850523702655
76,28,40,0,2,0,0,4,0,0,0,0,0,3,66,0.039473684210526314,1,0,1,0,0,4.624242113229669,0,0.09210526315789473,1,1,1.0
24,16,0,0,2,0,0,2,0,0,0,0,0,0,19,0.0,1,0,1,0,0,3.886842188131012,0,0.20833333333333334,0,0,0.005295858157184312
29,21,0,0,2,0,0,2,0,0,0,0,0,0,24,0.0,1,0,1,0,0,3.857306856898128,0,0.1724137931034483,0,0,0.006674621949280691
45,37,0,0,2,0,0,2,0,0,0,0,0,0,40,0.0,1,0,1,0,0,3.9835352523090704,0,0.1111111111111111,0,0,0.34742503187383034
32,24,0,0,4,0,0,2,0,0,0,0,0,0,25,0.0,1,0,3,0,0,3.738608500731241,0,0.21875,0,0,0.05146364266562427
45,38,0,0,5,2,0,2,0,0,0,0,0,3,32,0.06666666666666667,0,0,4,0,0,4.294646363420181,0,0.2222222222222222,1,1,0.9977059937762143
166,30,53,56,6,5,0,7,1,2,1,1,1,25,114,0.15060240963855423,1,0,1,2,0,4.9374236873699795,0,0.16265060240963855,1,1,0.9988147086581146
19,11,0,0,2,0,0,2,0,0,0,0,0,0,14,0.0,1,0,1,0,0,3.155565013329719,0,0.2631578947368421,0,0,0.0028720187085362423
186,19,20,138,2,4,0,3,1,3,0,0,0,19,151,0.10215053763440861,1,0,0,1,1,4.873001077618714,0,0.08602150537634409,1,1,1.0
25,17,0,0,2,0,0,2,0,0,0,0,0,0,20,0.0,1,0,1,0,0,3.643074189428569,0,0.2,0,0,0.0036622037767091676
94,20,66,0,2,0,0,5,0,0,0,0,0,9,77,0.09574468085106383,1,0,1,0,0,4.68846009798337,0,0.0851063829787234,1,1,1.0
31,23,0,0,2,0,0,2,0,0,0,0,0,0,26,0.0,1,0,1,0,0,3.824533406881911,0,0.16129032258064516,0,0,0.0051339578166943595
40,32,1,0,5,0,0,3,0,0,0,0,0,5,26,0.125,0,0,4,0,0,4.493942707918268,0,0.225,1,1,1.0
20,12,0,0,2,0,0,2,0,0,0,0,0,0,15,0.0,1,0,1,0,0,3.3841837197791884,0,0.25,0,0,0.005395834923168871
25,17,0,0,2,0,0,2,0,0,0,0,0,0,20,0.0,1,0,1,0,0,3.7230741894285693,0,0.2,0,0,0.0034397638404539835
26,18,0,0,2,0,0,2,0,0,0,0,0,0,21,0.0,1,0,1,0,0,3.8252517372886503,0,0.19230769230769232,0,0,0.017886606571311466
35,27,0,0,2,0,0,2,0,0,0,0,0,0,30,0.0,1,0,1,0,0,4.057575159678481,0,0.14285714285714285,0,0,0.004198582431043654
29,21,0,0,2,0,0,2,0,0,0,0,0,0,24,0.0,1,0,1,0,0,3.8924637537482623,0,0.1724137931034483,0,0,0.006607435274599668
30,22,0,0,2,0,0,2,0,0,0,0,0,0,25,0.0,1,0,1,0,0,4.281727678869736,0,0.16666666666666666,0,0,0.008194181260039046
36,27,1,0,2,0,0,3,0,0,0,0,0,2,28,0.05555555555555555,1,0,1,0,0,4.120635070586275,0,0.16666666666666666,1,1,1.0
78,18,53,0,5,4,0,4,0,0,0,0,0,1,62,0.01282051282051282,0,0,1,0,0,4.193717086288263,0,0.19230769230769232,1,1,1.0
27,19,0,0,2,0,0,2,0,0,0,0,0,0,22,0.0,1,0,1,0,0,3.8841550945958043,0,0.18518518518518517,0,0,0.005675347800511108
29,21,0,0,2,0,0,2,0,0,0,0,0,0,24,0.0,1,0,1,0,0,3.8798938235206664,0,0.1724137931034483,0,0,0.008198516387835688
20,12,0,0,1,1,0,2,0,0,0,0,0,0,15,0.0,1,0,0,0,0,3.621928094887362,0,0.25,1,1,0.9288147086581146
50,43,0,0,4,3,0,2,0,0,0,0,0,1,39,0.02,0,0,3,0,0,4.183981820580904,0,0.2,1,1,0.9986870329500135
24,16,0,0,2,0,0,2,0,0,0,0,0,0,19,0.0,1,0,1,0,0,3.740601562950723,0,0.20833333333333334,0,0,0.005364499988881662
214,14,17,175,7,1,1,9,1,4,3,0,0,29,156,0.13551401869158877,0,1,2,4,2,5.071220932257137,0,0.13551401869158877,1,1,1.0
24,16,0,0,2,0,0,2,0,0,0,0,0,0,19,0.0,1,0,1,0,0,3.772055208874201,0,0.20833333333333334,0,0,0.005417498700028583
32,25,0,0,6,0,0,2,0,0,0,0,0,0,23,0.0,0,0,5,0,0,3.7334585933443494,0,0.28125,1,1,0.9668327067426308
33,25,0,0,2,0,0,2,0,0,0,0,0,0,28,0.0,1,0,1,0,0,3.9683403313485464,0,0.15151515151515152,0,0,0.006404589691966984
44,35,1,0,2,3,0,3,0,0,0,0,0,6,29,0.13636363636363635,1,0,1,0,0,3.9928560501604613,0,0.20454545454545456,1,1,1.0
26,18,0,0,2,0,0,2,0,0,0,0,0,0,21,0.0,1,0,1,0,0,3.8252517372886508,0,0.19230769230769232,0,0,0.017886606571311466
26,11,8,0,2,0,0,3,0,0,0,0,0,0,20,0.0,0,0,0,0,0,3.7381493331928657,0,0.23076923076923078,1,1,1.0
27,19,0,0,2,1,0,2,0,0,0,0,0,0,21,0.0,1,0,1,0,0,3.5599000019230838,0,0.2222222222222222,0,0,0.034711812045319555
27,19,0,0,2,0,0,2,0,0,0,0,0,0,22,0.0,1,0,1,0,0,4.032303242743954,0,0.18518518518518517,0,0,0.016507349865286017
24,16,0,0,2,0,0,2,0,0,0,0,0,0,19,0.0,1,0,1,0,0,3.636842188131012,0,0.20833333333333334,0,0,0.006141593138909664
27,19,0,0,2,0,0,2,0,0,0,0,0,0,22,0.0,1,0,1,0,0,3.661932872373582,0,0.18518518518518517,0,0,0.0030979152885686496
22,14,0,0,3,0,0,2,0,0,0,0,0,0,16,0.0,1,0,2,0,0,3.7544418457133455,0,0.2727272727272727,0,0,0.006362296034076586
35,27,0,0,2,0,0,2,0,0,0,0,0,0,30,0.0,1,0,1,0,0,4.036006945330954,0,0.14285714285714285,0,0,0.003373282451645651
24,17,0,0,2,0,0,2,0,0,0,0,0,0,19,0.0,0,0,1,0,0,3.772055208874201,0,0.20833333333333334,1,1,0.9901853234817914
27,19,0,0,2,0,0,2,0,0,0,0,0,0,22,0.0,1,0,1,0,0,4.032303242743953,0,0.18518518518518517,0,0,0.016507349865286017
31,23,0,0,2,0,0,2,0,0,0,0,0,0,26,0.0,1,0,1,0,0,3.9377519554085865,0,0.16129032258064516,0,0,0.0047408054483416345
20,12,0,0,2,0,0,2,0,0,0,0,0,0,15,0.0,1,0,1,0,0,3.7841837197791888,0,0.25,0,0,0.006845879642254863
47,38,1,0,3,1,0,3,0,0,0,0,0,0,39,0.0,1,0,2,0,2,4.307159266931027,0,0.1702127659574468,1,1,1.0
71,11,52,0,1,1,0,4,0,0,0,0,0,7,57,0.09859154929577464,1,0,0,0,0,4.7885470784611,0,0.09859154929577464,1,1,1.0
22,15,0,0,2,0,0,2,0,0,0,0,0,3,14,0.13636363636363635,0,0,1,0,0,3.6635327548042547,0,0.22727272727272727,1,1,0.991255663273923
25,17,0,0,2,0,0,2,0,0,0,0,0,0,20,0.0,1,0,1,0,0,3.973660689688186,0,0.2,0,0,0.0025758722558427067
30,23,0,0,2,0,0,2,0,0,0,0,0,0,25,0.0,0,0,1,0,0,4.081727678869736,0,0.16666666666666666,1,1,0.9804242135808969
21,14,0,0,3,0,0,2,0,0,0,0,0,0,15,0.0,0,0,2,0,0,3.5225715891363603,0,0.2857142857142857,1,1,0.9661667841442475
37,28,1,0,2,0,0,3,0,0,0,0,0,3,28,0.08108108108108109,1,0,1,0,0,4.303783770917412,0,0.16216216216216217,1,1,1.0
22,15,0,0,2,0,0,2,0,0,0,0,0,0,17,0.0,0,0,1,0,0,3.788754913993503,0,0.22727272727272727,1,1,0.9705598557053348
26,18,0,0,3,0,0,2,0,0,0,0,0,0,20,0.0,1,0,2,0,0,3.8441065448145375,0,0.23076923076923078,0,0,0.0053543494172604966
41,18,16,0,1,1,0,4,0,0,0,0,0,0,34,0.0,0,0,0,0,0,3.869270297089941,0,0.17073170731707318,1,1,1.0
46,39,0,0,4,1,0,2,0,0,0,0,0,0,38,0.0,0,0,3,0,0,4.021527522800473,0,0.17391304347826086,1,1,0.9599819333871967
31,23,0,0,2,0,0,2,0,0,0,0,0,0,26,0.0,1,0,1,0,0,4.042433003725894,0,0.16129032258064516,0,0,0.005310445388312812
30,22,0,0,2,0,0,2,0,0,0,0,0,0,25,0.0,1,0,1,0,0,3.8150610122030697,0,0.16666666666666666,0,0,0.005152881012256618
29,21,0,0,3,0,0,2,0,0,0,0,0,0,23,0.0,1,0,2,0,0,3.745406425938248,0,0.20689655172413793,0,0,0.009909496127646956
29,22,0,0,3,0,0,2,0,0,0,0,0,0,23,0.0,0,0,2,0,0,3.995237891380887,0,0.20689655172413793,1,1,0.9786413415376114
26,19,0,0,2,1,0,2,0,0,0,0,0,0,20,0.0,0,0,1,0,0,4.026986833359286,0,0.23076923076923078,1,1,0.9810061207974118
41,9,25,0,1,0,0,6,0,0,0,0,0,1,32,0.024390243902439025,0,0,0,0,0,4.1923218214274165,0,0.1951219512195122,1,1,1.0
22,15,0,0,2,0,0,2,0,0,0,0,0,0,17,0.0,0,0,1,0,0,3.7544418457133455,0,0.22727272727272727,1,1,0.9705598557053348
65,16,41,0,2,3,0,5,0,0,0,2,0,1,51,0.015384615384615385,1,0,1,0,0,4.2080691141170945,0,0.2,1,1,1.0
26,18,0,0,2,0,0,2,0,0,0,0,0,0,21,0.0,1,0,1,0,0,3.613337314045307,0,0.19230769230769232,0,0,0.00660245893909252
22,14,0,0,2,0,0,2,0,0,0,0,0,0,17,0.0,1,0,1,0,0,3.697845823084412,0,0.22727272727272727,0,0,0.014792267275827395
28,21,0,0,3,0,0,2,0,0,0,0,0,6,16,0.21428571428571427,0,0,2,0,0,4.110577243331642,0,0.21428571428571427,1,1,0.9918562256020834
27,19,0,0,2,0,0,2,0,0,0,0,0,0,22,0.0,1,0,1,0,0,3.661932872373582,0,0.18518518518518517,0,0,0.0030979152885686496
26,18,0,0,2,1,0,2,0,0,0,0,0,0,20,0.0,1,0,1,0,0,3.796217602590056,0,0.23076923076923078,0,0,0.008652320720918438
51,42,1,0,2,3,0,3,0,0,0,0,0,3,39,0.058823529411764705,1,0,1,0,0,4.416756714181149,0,0.17647058823529413,1,1,1.0
22,14,0,0,2,0,0,2,0,0,0,0,0,0,17,0.0,1,0,1,0,0,3.6635327548042547,0,0.22727272727272727,0,0,0.014183225813440083
22,5,4,4,1,0,0,3,1,0,0,0,0,0,16,0.0,1,0,0,1,0,3.629219686524096,0,0.2727272727272727,1,1,1.0
22,14,0,0,2,0,0,2,0,0,0,0,0,0,17,0.0,1,0,1,0,0,3.879664004902594,0,0.22727272727272727,0,0,0.014859307294805977
29,21,0,0,2,0,0,2,0,0,0,0,0,0,24,0.0,1,0,1,0,0,4.090234012145145,0,0.1724137931034483,0,0,0.012721148614309069
35,27,0,0,2,0,0,2,0,0,0,0,0,0,30,0.0,1,0,1,0,0,4.16429908806447,0,0.14285714285714285,0,0,0.006131851334482998
26,19,0,0,2,0,0,2,0,0,0,0,0,0,21,0.0,0,0,1,0,0,4.056020968057881,0,0.19230769230769232,1,1,0.9897882242112946
34,25,1,0,2,1,0,3,0,0,0,0,0,6,21,0.17647058823529413,1,0,1,0,0,4.314972767530033,0,0.20588235294117646,1,1,1.0
22,14,0,0,2,0,0,2,0,0,0,0,0,0,17,0.0,1,0,1,0,0,3.7544418457133455,0,0.22727272727272727,0,0,0.022352039536623132
50,41,1,0,2,3,0,3,0,0,0,0,0,3,38,0.06,1,0,1,0,0,4.265979129983102,0,0.18,1,1,1.0
25,17,0,0,2,0,0,2,0,0,0,0,0,0,20,0.0,1,0,1,0,0,3.7336606896881857,0,0.2,0,0,0.0034397638404539835
22,15,0,0,2,0,0,2,0,0,0,0,0,0,17,0.0,0,0,1,0,0,3.788754913993503,0,0.22727272727272727,1,1,0.9705598557053348
35,27,0,0,2,0,0,2,0,0,0,0,0,0,30,0.0,1,0,1,0,0,3.8297417753631366,0,0.14285714285714285,0,0,0.012742185840589655
89,7,74,0,1,0,0,5,0,0,0,0,0,11,71,0.12359550561797752,1,0,0,0,0,4.8343030670395235,0,0.07865168539325842,1,1,1.0
23,16,0,0,2,0,0,2,0,0,0,0,0,0,18,0.0,0,0,1,0,0,3.5883543471732335,0,0.21739130434782608,1,1,0.979671177704577
25,17,0,0,2,0,0,2,0,0,0,0,0,0,20,0.0,1,0,1,0,0,3.753269689515108,0,0.2,0,0,0.0034397638404539835
24,16,0,0,3,0,0,2,0,0,0,0,0,0,18,0.0,1,0,2,0,0,3.7720552088742005,0,0.25,0,0,0.006595560576764235
22,14,0,0,2,0,0,2,0,0,0,0,0,0,17,0.0,1,0,1,0,0,3.663532754804254,0,0.22727272727272727,0,0,0.014183225813440083
24,16,0,0,2,0,0,2,0,0,0,0,0,0,19,0.0,1,0,1,0,0,3.8868421881310122,0,0.20833333333333334,0,0,0.005295858157184312
34,26,0,0,2,0,0,2,0,0,0,0,0,0,29,0.0,1,0,1,0,0,3.9986525468781666,0,0.14705882352941177,0,0,0.004924449789347887
20,12,0,0,2,0,0,2,0,0,0,0,0,0,15,0.0,1,0,1,0,0,3.203701696057348,0,0.25,0,0,0.006488230767742639
34,26,0,0,2,0,0,2,0,0,0,0,0,0,29,0.0,1,0,1,0,0,4.02085512047121,0,0.14705882352941177,0,0,0.005396652319097874
32,24,1,0,1,0,0,3,0,0,0,0,0,6,21,0.1875,0,0,0,0,0,4.218139062229566,0,0.15625,1,1,1.0
20,12,0,0,2,0,0,2,0,0,0,0,0,0,15,0.0,1,0,1,0,0,3.5464393446710147,0,0.25,0,0,0.005799058396048044
427,14,21,384,13,4,2,11,3,10,9,0,0,81,290,0.18969555035128804,0,1,2,10,3,5.260180186682598,0,0.13114754098360656,1,1,1.0
27,19,0,0,2,0,0,2,0,0,0,0,0,0,22,0.0,1,0,1,0,0,3.6339740759971577,0,0.18518518518518517,0,0,0.005603325307891132
24,16,0,0,2,0,0,2,0,0,0,0,0,0,19,0.0,1,0,1,0,0,3.855388542207534,0,0.20833333333333334,0,0,0.005451851578679096
59,50,1,0,2,5,0,3,0,0,0,0,0,0,48,0.0,1,0,1,0,0,4.246990617768318,0,0.1864406779661017,1,1,1.0
36,27,1,0,2,0,0,3,0,0,0,0,0,5,25,0.1388888888888889,1,0,1,0,0,4.141604167868593,0,0.16666666666666666,1,1,1.0
30,22,0,0,2,0,0,2,0,0,0,0,0,0,25,0.0,1,0,1,0,0,3.881727678869736,0,0.16666666666666666,0,0,0.0067721847418367905
19,10,1,0,1,0,0,3,0,0,0,0,0,0,14,0.0,1,0,0,0,0,3.2866294867861954,0,0.2631578947368421,1,1,1.0
27,19,0,0,2,0,0,2,0,0,0,0,0,0,22,0.0,1,0,1,0,0,3.9400726873486547,0,0.18518518518518517,0,0,0.007764587689138634
21,13,0,0,2,0,0,2,0,0,0,0,0,0,16,0.0,1,0,1,0,0,3.3087513512471665,0,0.23809523809523808,0,0,0.009745825183813934
31,24,0,0,2,0,0,2,0,0,0,0,0,0,26,0.0,0,0,1,0,0,4.0022680844408445,0,0.16129032258064516,1,1,0.9772400522667598
28,20,0,0,2,0,0,2,0,0,0,0,0,0,23,0.0,1,0,1,0,0,4.110577243331642,0,0.17857142857142858,0,0,0.011425478749959896
30,22,0,0,2,0,0,2,0,0,0,0,0,0,25,0.0,1,0,1,0,0,3.8314018453921714,0,0.16666666666666666,0,0,0.007180410255266293
31,23,0,0,2,0,0,2,0,0,0,0,0,0,26,0.0,1,0,1,0,0,3.9377519554085865,0,0.16129032258064516,0,0,0.0047408054483416345
24,17,0,0,2,0,0,2,0,0,0,0,0,0,19,0.0,0,0,1,0,0,3.6572682296173897,0,0.20833333333333334,1,1,0.9901853234817914
55,47,1,0,5,0,0,3,0,0,0,0,0,1,45,0.01818181818181818,0,0,4,0,0,4.358835514296886,0,0.16363636363636364,1,1,1.0
22,14,0,0,2,0,0,2,0,0,0,0,0,0,17,0.0,1,0,1,0,0,3.879664004902594,0,0.22727272727272727,0,0,0.014859307294805977
34,26,0,0,2,0,0,2,0,0,0,0,0,0,29,0.0,1,0,1,0,0,4.07189445851561,0,0.14705882352941177,0,0,0.0062552938545099674
23,16,0,0,2,0,0,2,0,0,0,0,0,0,18,0.0,0,0,1,0,0,3.74095326040484,0,0.21739130434782608,1,1,0.9808552195426523
50,41,1,0,2,3,0,3,0,0,0,0,0,4,37,0.08,1,0,1,0,0,4.450881379939832,0,0.18,1,1,1.0
49,40,1,0,3,0,0,3,0,0,0,0,0,1,41,0.02040816326530612,1,0,2,0,1,4.239524579110022,0,0.14285714285714285,1,1,0.9991035503740714
26,18,0,0,3,0,0,2,0,0,0,0,0,0,20,0.0,1,0,2,0,0,3.7962176025900556,0,0.23076923076923078,0,0,0.006075983089393559
24,16,0,0,3,0,0,2,0,0,0,0,0,0,18,0.0,1,0,2,0,0,3.7720552088742005,0,0.25,0,0,0.006595560576764235
28,20,0,0,2,0,0,2,0,0,0,0,0,0,23,0.0,1,0,1,0,0,3.8423709931771084,0,0.17857142857142858,0,0,0.0076868637569560356
82,74,1,0,3,0,0,3,0,0,0,0,0,7,68,0.08536585365853659,0,0,2,0,0,4.854401017225628,1,0.08536585365853659,1,1,1.0
27,19,0,0,2,0,0,2,0,0,0,0,0,0,22,0.0,1,0,1,0,0,4.088220835496803,0,0.18518518518518517,0,0,0.022504521984766792
25,17,0,0,2,1,0,2,0,0,0,0,0,0,19,0.0,1,0,1,0,0,3.753269689515108,0,0.24,0,0,0.00852943579228192
44,35,1,0,2,0,0,3,0,0,0,0,0,2,36,0.045454545454545456,1,0,1,0,0,4.399677289476146,0,0.13636363636363635,1,1,1.0
27,19,0,0,3,0,0,2,0,0,0,0,0,0,21,0.0,1,0,2,0,0,4.106377316818027,0,0.2222222222222222,0,0,0.012252883519384465
24,16,0,0,2,0,0,2,0,0,0,0,0,0,19,0.0,1,0,1,0,0,3.855388542207534,0,0.20833333333333334,0,0,0.005451851578679096
41,33,0,0,2,0,0,2,0,0,0,0,0,0,36,0.0,1,0,1,0,0,4.053065578877498,0,0.12195121951219512,0,0,0.006192385696248452
44,35,1,0,3,0,0,3,0,0,0,0,0,14,23,0.3181818181818182,1,0,2,0,0,4.2938813342022,0,0.1590909090909091,1,1,1.0
20,11,1,0,1,0,0,3,0,0,0,0,0,0,15,0.0,1,0,0,0,0,3.584183719779189,0,0.25,1,1,1.0
27,19,0,0,2,0,0,2,0,0,0,0,0,0,22,0.0,1,0,1,0,0,3.8659986132745803,0,0.18518518518518517,0,0,0.006135218630085277
25,17,0,0,2,0,0,2,0,0,0,0,0,0,20,0.0,1,0,1,0,0,3.5736606896881855,0,0.2,0,0,0.005568260982188091
51,16,27,0,2,0,0,4,0,0,0,0,0,19,25,0.37254901960784315,1,0,1,0,0,4.3555379016042375,0,0.13725490196078433,1,1,1.0
27,19,0,0,2,0,0,2,0,0,0,0,0,0,22,0.0,1,0,1,0,0,3.7639657428240816,0,0.18518518518518517,0,0,0.004065482931420731
24,17,0,0,2,1,0,2,0,0,0,0,0,0,18,0.0,0,0,1,0,0,3.772055208874201,0,0.25,1,1,0.98354856412257
25,16,1,0,2,0,0,3,0,0,0,0,0,1,18,0.04,1,0,1,0,0,3.913269689515108,0,0.24,1,1,0.9957702170407381
38,30,0,0,2,0,0,2,0,0,0,0,0,0,33,0.0,1,0,1,0,0,4.010570934268483,0,0.13157894736842105,0,0,0.003687924751445059
67,7,52,0,1,0,0,4,0,0,0,0,0,6,55,0.08955223880597014,1,0,0,0,0,4.523428795886261,0,0.08955223880597014,1,1,1.0
24,16,0,0,2,0,0,2,0,0,0,0,0,0,19,0.0,1,0,1,0,0,3.636842188131012,0,0.20833333333333334,0,0,0.006141593138909664
27,20,0,0,3,0,0,2,0,0,0,0,0,7,14,0.25925925925925924,0,0,2,0,0,3.85619629821938,0,0.2222222222222222,1,1,1.0
27,19,0,0,2,1,0,2,0,0,0,0,0,0,21,0.0,1,0,1,0,0,4.060262039120378,0,0.2222222222222222,0,0,0.036161969428298
31,24,0,0,2,0,0,2,0,0,0,0,0,0,26,0.0,0,0,1,0,0,3.953565664946427,0,0.16129032258064516,1,1,0.9772400522667598
24,16,0,0,2,0,0,2,0,0,0,0,0,0,19,0.0,1,0,1,0,0,3.886842188131012,0,0.20833333333333334,0,0,0.005295858157184312
29,22,0,0,2,0,0,2,0,0,0,0,0,0,24,0.0,0,0,1,0,0,3.9783335811852636,0,0.1724137931034483,1,1,0.9861372398890054
28,21,0,0,2,1,0,2,0,0,0,0,0,0,22,0.0,0,0,1,0,0,3.869331261111519,0,0.21428571428571427,1,1,0.9645381322947905
25,17,1,0,2,0,0,3,0,0,0,0,0,0,19,0.0,0,0,1,0,0,3.9932696895151074,0,0.24,1,1,1.0
25,18,0,0,2,0,0,2,0,0,0,0,0,0,20,0.0,0,0,1,0,0,3.603856189774724,0,0.2,1,1,0.9881721576125034
25,17,0,0,2,0,0,2,0,0,0,0,0,0,20,0.0,1,0,1,0,0,3.893660689688186,0,0.2,0,0,0.0030593884458796385
25,17,0,0,2,0,0,2,0,0,0,0,0,0,20,0.0,1,0,1,0,0,3.923856189774724,0,0.2,0,0,0.0025758722558427067
19,11,0,0,2,0,0,2,0,0,0,0,0,0,14,0.0,1,0,1,0,0,3.5766176449086657,0,0.2631578947368421,0,0,0.005149518898988455
36,27,1,0,2,1,0,3,0,0,0,0,0,1,28,0.027777777777777776,1,0,1,0,0,4.062305474194333,0,0.19444444444444445,1,1,1.0
40,31,1,0,2,1,0,3,0,0,0,0,0,5,28,0.125,1,0,1,0,0,4.315311532225102,0,0.175,1,1,1.0
29,21,0,0,2,0,0,2,0,0,0,0,0,0,24,0.0,1,0,1,0,0,3.8143719431796272,0,0.1724137931034483,0,0,0.0069613591805978
25,18,0,0,2,0,0,2,0,0,0,0,0,0,20,0.0,0,0,1,0,0,3.8634651896016465,0,0.2,1,1,0.9868456959849959
38,29,1,0,2,1,0,3,0,0,0,0,0,0,31,0.0,1,0,1,0,0,4.095968631579971,0,0.18421052631578946,1,1,0.9976321651269804
36,28,0,0,2,0,0,2,0,0,0,0,0,0,31,0.0,1,0,1,0,0,3.9749375012019263,0,0.1388888888888889,0,0,0.002833357279704495
21,13,0,0,2,0,0,2,0,0,0,0,0,0,16,0.0,1,0,1,0,0,3.6897037321995474,0,0.23809523809523808,0,0,0.01188759383569943
28,21,0,0,2,0,0,2,0,0,0,0,0,0,23,0.0,0,0,1,0,0,3.797902689682947,0,0.17857142857142858,1,1,0.9837185431522535
67,7,52,0,1,0,0,4,0,0,0,0,0,3,58,0.04477611940298507,1,0,0,0,0,4.5889565499991445,0,0.08955223880597014,1,1,1.0
27,19,0,0,2,0,0,2,0,0,0,0,0,0,22,0.0,1,0,1,0,0,4.134336113194452,0,0.18518518518518517,0,0,0.021090983479268553
33,25,0,0,2,1,0,2,0,0,0,0,0,0,27,0.0,1,0,1,0,0,3.8966879684212654,0,0.18181818181818182,0,0,0.038836818641602384
23,15,0,0,2,0,0,2,0,0,0,0,0,0,18,0.0,1,0,1,0,0,3.9690016298759936,0,0.21739130434782608,0,0,0.013642207161904406
26,18,0,0,2,0,0,2,0,0,0,0,0,0,21,0.0,1,0,1,0,0,3.767183467891461,0,0.19230769230769232,0,0,0.005432964222511789
26,17,1,0,2,0,0,3,0,0,0,0,0,0,20,0.0,1,0,1,0,0,3.6423714487439023,0,0.23076923076923078,1,1,1.0
33,25,1,0,2,1,0,3,0,0,0,0,0,6,20,0.18181818181818182,0,0,1,0,0,4.210764573772789,0,0.21212121212121213,1,1,1.0
24,16,0,0,2,0,0,2,0,0,0,0,0,0,19,0.0,1,0,1,0,0,3.688721875540867,0,0.20833333333333334,0,0,0.017097303856533737
34,25,1,0,2,1,0,3,0,0,0,0,0,0,27,0.0,1,0,1,0,0,4.0796786498829745,0,0.20588235294117646,1,1,1.0
26,18,0,0,2,0,0,2,0,0,0,0,0,0,21,0.0,1,0,1,0,0,3.8252517372886508,0,0.19230769230769232,0,0,0.017886606571311466
34,26,0,0,2,0,0,2,0,0,0,0,0,0,29,0.0,1,0,1,0,0,4.02085512047121,0,0.14705882352941177,0,0,0.005396652319097874
23,15,0,0,2,0,0,2,0,0,0,0,0,4,14,0.17391304347826086,1,0,1,0,0,3.82790978214397,0,0.21739130434782608,0,0,0.2427344987462772
41,17,16,0,3,0,0,5,0,0,0,0,0,3,29,0.07317073170731707,1,0,1,0,0,4.122693700152458,0,0.21951219512195122,1,1,0.9989030682387954
20,13,0,0,2,0,0,2,0,0,0,0,0,0,15,0.0,0,0,1,0,0,3.5464393446710147,0,0.25,1,1,0.9821950658287005
20,13,0,0,2,0,0,2,0,0,0,0,0,0,15,0.0,0,0,1,0,0,3.4841837197791885,0,0.25,1,1,0.9852053799238518
28,20,0,0,2,0,0,2,0,0,0,0,0,0,23,0.0,1,0,1,0,0,4.066108939837481,0,0.17857142857142858,0,0,0.009237671061310878
23,15,0,0,2,0,0,2,0,0,0,0,0,0,18,0.0,1,0,1,0,0,3.849223912390625,0,0.21739130434782608,0,0,0.016307470413877676
27,6,13,0,1,0,0,3,0,0,0,0,0,0,22,0.0,1,0,0,0,0,4.208410187268526,0,0.18518518518518517,1,1,0.9966090620150097
22,14,0,0,3,0,0,2,0,0,0,0,0,0,16,0.0,1,0,2,0,0,3.5383105956150063,0,0.2727272727272727,0,0,0.0058153346603093915
21,12,1,0,1,0,0,3,0,0,0,0,0,0,16,0.0,1,0,0,0,0,3.5585186130489057,0,0.23809523809523808,1,1,1.0
25,18,0,0,2,0,0,2,0,0,0,0,0,0,20,0.0,0,0,1,0,0,3.8136606896881857,0,0.2,1,1,0.9868456959849959
17,10,0,0,2,0,0,2,0,0,0,0,0,1,11,0.058823529411764705,0,0,1,0,0,3.4548223999466066,0,0.29411764705882354,1,1,0.9719399799237455
22,14,0,0,3,0,0,2,0,0,0,0,0,0,16,0.0,1,0,2,0,0,3.6635327548042547,0,0.2727272727272727,0,0,0.005510192886399742
34,26,0,0,2,0,0,2,0,0,0,0,0,0,29,0.0,1,0,1,0,0,4.057476076289932,0,0.14705882352941177,0,0,0.006249983805221498
28,20,0,0,2,0,0,2,0,0,0,0,0,0,23,0.0,1,0,1,0,0,3.9946803684089085,0,0.17857142857142858,0,0,0.015016707486398545
27,19,0,0,2,0,0,2,0,0,0,0,0,0,22,0.0,1,0,1,0,0,3.8841550945958043,0,0.18518518518518517,0,0,0.005675347800511108
48,30,10,0,2,2,0,3,0,0,0,0,0,1,39,0.020833333333333332,1,0,1,0,0,3.8218543656567667,0,0.16666666666666666,1,1,0.9954813753247813
31,23,0,0,2,0,0,2,0,0,0,0,0,0,26,0.0,1,0,1,0,0,3.8330709070912787,0,0.16129032258064516,0,0,0.0071301027024466826
24,17,0,0,2,1,0,2,0,0,0,0,0,0,18,0.0,0,0,1,0,0,3.855388542207534,0,0.25,1,1,0.9853359349848935
44,16,6,14,1,0,0,3,1,1,0,0,0,7,30,0.1590909090909091,0,0,0,1,0,4.390805482076981,0,0.1590909090909091,1,1,1.0
44,36,1,0,2,0,0,3,0,0,0,0,0,9,29,0.20454545454545456,0,0,1,0,0,4.183546039377806,0,0.13636363636363635,1,1,0.9960101831416736
28,20,0,0,2,0,0,2,0,0,0,0,0,0,23,0.0,1,0,1,0,0,3.9946803684089094,0,0.17857142857142858,0,0,0.015016707486398545
153,76,1,68,5,3,1,3,1,1,0,0,0,13,125,0.08496732026143791,0,0,4,1,0,5.051227677633432,1,0.09803921568627451,1,1,1.0
25,16,1,0,1,0,0,3,0,0,0,0,0,0,20,0.0,1,0,0,0,0,4.213660689688185,0,0.2,1,1,0.9966090620150097
26,18,0,0,3,0,0,2,0,0,0,0,0,0,20,0.0,1,0,2,0,0,3.8731406795131327,0,0.23076923076923078,0,0,0.00900778148489497
85,76,1,0,3,1,0,3,0,0,0,0,0,10,67,0.11764705882352941,1,0,2,0,0,4.867524465244036,1,0.09411764705882353,1,1,1.0
23,15,0,0,2,0,0,2,0,0,0,0,0,0,18,0.0,1,0,1,0,0,3.882045108136863,0,0.21739130434782608,0,0,0.02375840767394129
26,18,0,0,3,0,0,2,0,0,0,0,0,0,20,0.0,1,0,2,0,0,3.7962176025900556,0,0.23076923076923078,0,0,0.006075983089393559
24,16,0,0,2,0,0,2,0,0,0,0,0,0,19,0.0,1,0,1,0,0,3.7201755214643453,0,0.20833333333333334,0,0,0.005364499988881662
29,21,0,0,2,0,0,2,0,0,0,0,0,0,24,0.0,1,0,1,0,0,3.9093680639438846,0,0.1724137931034483,0,0,0.004970814269591249
31,23,0,0,2,0,0,2,0,0,0,0,0,0,26,0.0,1,0,1,0,0,4.026619294188054,0,0.16129032258064516,0,0,0.005072175452277715
32,24,0,0,2,0,0,2,0,0,0,0,0,0,27,0.0,1,0,1,0,0,4.163909765557392,0,0.15625,0,0,0.009468091579159977
28,20,0,0,2,0,0,2,0,0,0,0,0,0,23,0.0,1,0,1,0,0,4.110577243331642,0,0.17857142857142858,0,0,0.011425478749959896
24,16,0,0,2,0,0,2,0,0,0,0,0,0,19,0.0,1,0,1,0,0,3.4701755214643453,0,0.20833333333333334,0,0,0.01402696159817601
72,63,1,0,2,1,0,3,0,0,0,0,0,14,51,0.19444444444444445,1,0,1,0,0,4.768621487698129,1,0.09722222222222222,1,1,1.0
113,15,76,13,2,1,2,7,1,1,0,0,0,9,89,0.07964601769911504,1,0,1,1,0,4.957916547761072,0,0.13274336283185842,1,1,1.0
26,18,0,0,2,0,0,2,0,0,0,0,0,0,21,0.0,1,0,1,0,0,3.8441065448145375,0,0.19230769230769232,0,0,0.005665991885823571
31,23,0,0,2,0,0,2,0,0,0,0,0,0,26,0.0,1,0,1,0,0,4.195816471537619,0,0.16129032258064516,0,0,0.0072557088119727395
28,21,0,0,4,0,0,2,0,0,0,0,0,0,21,0.0,0,0,3,0,0,3.896291529045928,0,0.25,1,1,0.9322328763697886
93,7,78,0,2,0,0,5,0,0,0,0,0,7,78,0.07526881720430108,1,0,0,0,0,4.657085494151056,0,0.08602150537634409,1,1,1.0
30,22,0,0,2,0,0,2,0,0,0,0,0,0,25,0.0,1,0,1,0,0,3.8695767463163935,0,0.16666666666666666,0,0,0.006831811470352306
22,14,1,0,3,0,0,3,0,0,0,0,0,0,15,0.0,0,0,2,0,0,3.6292196865240967,0,0.3181818181818182,1,1,1.0
64,16,41,0,3,2,0,5,0,0,0,0,0,7,46,0.109375,0,0,1,0,0,4.51002739943295,0,0.171875,1,1,1.0
33,26,0,0,3,0,0,2,0,0,0,0,0,0,27,0.0,0,0,2,0,0,4.043801694853791,0,0.18181818181818182,1,1,0.9883876677669928
32,24,0,0,2,0,0,2,0,0,0,0,0,0,27,0.0,1,0,1,0,0,4.030639062229566,0,0.15625,0,0,0.009266364610441415
26,18,0,0,2,0,0,2,0,0,0,0,0,0,21,0.0,1,0,1,0,0,4.026986833359286,0,0.19230769230769232,0,0,0.005467869501421709
28,20,0,0,2,0,0,2,0,0,0,0,0,0,23,0.0,1,0,1,0,0,3.940759832540089,0,0.17857142857142858,0,0,0.006802621866933727
23,15,0,0,2,1,0,2,0,0,0,0,0,0,17,0.0,1,0,1,0,0,3.7409532604048397,0,0.2608695652173913,0,0,0.029720888781752795
19,10,1,0,1,0,0,3,0,0,0,0,0,0,14,0.0,1,0,0,0,0,3.4316235658474303,0,0.2631578947368421,1,1,1.0
25,17,0,0,2,0,0,2,0,0,0,0,0,0,20,0.0,1,0,1,0,0,3.943465189601647,0,0.2,0,0,0.0025758722558427067
23,15,0,0,3,0,0,2,0,0,0,0,0,0,17,0.0,1,0,2,0,0,3.5555331514269954,0,0.2608695652173913,0,0,0.009633912059762904
76,25,43,0,2,5,0,4,0,0,0,0,0,21,43,0.27631578947368424,1,0,1,0,0,4.723605520917739,0,0.15789473684210525,1,1,1.0
54,47,0,0,3,0,0,2,0,0,0,0,0,18,30,0.3333333333333333,0,0,2,0,0,4.380094336283331,0,0.1111111111111111,1,1,0.9994821398573632
32,23,1,0,3,0,0,3,0,0,0,0,0,0,25,0.0,1,0,2,0,0,3.819548827786958,0,0.21875,1,1,0.9933333333333333
20,13,0,0,2,0,0,2,0,0,0,0,0,0,15,0.0,0,0,1,0,0,3.7841837197791888,0,0.25,1,1,0.9824995304944241
24,15,1,0,2,1,0,3,0,0,0,0,0,1,16,0.041666666666666664,1,0,1,0,0,3.7720552088742005,0,0.2916666666666667,1,1,0.9963750896873357
30,22,0,0,2,0,0,2,0,0,0,0,0,0,25,0.0,1,0,1,0,0,3.856564762130954,0,0.16666666666666666,0,0,0.005201514974552918
19,11,0,0,2,0,0,2,0,0,0,0,0,0,14,0.0,1,0,1,0,0,3.5766176449086657,0,0.2631578947368421,0,0,0.005149518898988455
23,15,0,0,2,1,0,2,0,0,0,0,0,0,17,0.0,1,0,1,0,0,3.9690016298759936,0,0.2608695652173913,0,0,0.023491876672173503
36,28,0,0,2,0,0,2,0,0,0,0,0,0,31,0.0,1,0,1,0,0,4.016875695766563,0,0.1388888888888889,0,0,0.0028318326533546935
35,27,0,0,2,0,0,2,0,0,0,0,0,0,30,0.0,1,0,1,0,0,4.068728288980287,0,0.14285714285714285,0,0,0.004203892480332124
21,14,0,0,2,0,0,2,0,0,0,0,0,0,16,0.0,0,0,1,0,0,3.499227541723357,0,0.23809523809523808,1,1,0.9757794509851898
46,37,1,0,2,1,0,3,0,0,0,0,0,0,39,0.0,1,0,1,0,0,4.000972825245975,0,0.15217391304347827,1,1,1.0
43,36,0,0,2,0,0,2,0,0,0,0,0,0,38,0.0,0,0,1,0,0,4.286275219617123,0,0.11627906976744186,1,1,0.8633319721850694
40,33,0,0,3,0,0,2,0,0,0,0,0,2,32,0.05,0,0,2,0,0,4.427567157116928,0,0.15,1,1,0.939977133671634
22,15,0,0,2,0,0,2,0,0,0,0,0,0,17,0.0,0,0,1,0,0,3.788754913993503,0,0.22727272727272727,1,1,0.9705598557053348
26,18,0,0,2,0,0,2,0,0,0,0,0,0,21,0.0,1,0,1,0,0,3.950063756436209,0,0.19230769230769232,0,0,0.0032517506120185355
69,47,14,0,4,4,0,4,0,0,0,0,0,24,32,0.34782608695652173,1,0,2,0,0,4.648683066152073,0,0.18840579710144928,1,1,1.0
32,24,0,0,2,0,0,2,0,0,0,0,0,0,27,0.0,1,0,1,0,0,4.202819531114783,0,0.15625,0,0,0.009917123761837881
33,25,0,0,2,0,0,2,0,0,0,0,0,2,26,0.06060606060606061,1,0,1,0,0,4.184862968552385,0,0.15151515151515152,0,0,0.08323409135965029
32,25,0,0,2,0,0,2,0,0,0,0,0,0,27,0.0,0,0,1,0,0,3.952819531114783,0,0.15625,1,1,0.9743268699343762
29,21,0,0,2,0,0,2,0,0,0,0,0,0,24,0.0,1,0,1,0,0,3.8143719431796277,0,0.1724137931034483,0,0,0.0069613591805978
33,26,0,0,3,0,0,2,0,0,0,0,0,0,27,0.0,0,0,2,0,0,3.9225895736416696,0,0.18181818181818182,1,1,0.9877026633949169
18,10,0,0,2,0,0,2,0,0,0,0,0,0,13,0.0,1,0,1,0,0,3.4613201402110083,0,0.2777777777777778,0,0,0.0041895600508676375
28,21,0,0,2,0,0,2,0,0,0,0,0,0,23,0.0,0,0,1,0,0,3.923251796980338,0,0.17857142857142858,1,1,0.98327858325188
31,23,0,0,2,0,0,2,0,0,0,0,0,0,26,0.0,1,0,1,0,0,3.744203568311812,0,0.16129032258064516,0,0,0.0049224112984653364
25,17,0,0,2,0,0,2,0,0,0,0,0,0,20,0.0,1,0,1,0,0,3.9434651896016466,0,0.2,0,0,0.0025758722558427067
39,30,1,0,2,1,0,3,0,0,0,0,0,0,32,0.0,1,0,1,0,0,3.852727783453858,0,0.1794871794871795,1,1,0.9966666666666667
25,17,0,0,2,0,0,2,0,0,0,0,0,0,20,0.0,1,0,1,0,0,3.8438561897747237,0,0.2,0,0,0.00404049405059699
24,17,0,0,3,0,0,2,0,0,0,0,0,5,13,0.20833333333333334,0,0,2,0,0,3.855388542207534,0,0.25,1,1,0.9937610901596046
64,32,15,9,6,1,0,4,1,1,0,0,0,0,50,0.0,0,0,4,1,2,4.259373587245975,0,0.21875,1,1,1.0
32,23,1,0,2,0,0,3,0,0,0,0,0,0,26,0.0,1,0,1,0,0,3.9292292966721747,0,0.1875,1,1,1.0
31,23,0,0,2,0,0,2,0,0,0,0,0,0,26,0.0,1,0,1,0,0,4.042433003725894,0,0.16129032258064516,0,0,0.005310445388312812
35,27,0,0,2,0,0,2,0,0,0,0,0,0,30,0.0,1,0,1,0,0,3.9404361462467703,0,0.14285714285714285,0,0,0.004038286580893655
37,29,0,0,2,0,0,2,0,0,0,0,0,3,29,0.08108108108108109,1,0,1,0,0,4.242576676147401,0,0.13513513513513514,0,0,0.42318724463290436
29,21,0,0,2,0,0,2,0,0,0,0,0,0,24,0.0,1,0,1,0,0,4.021268494903765,0,0.1724137931034483,0,0,0.006030051060254468
28,20,0,0,2,0,0,2,0,0,0,0,0,0,23,0.0,1,0,1,0,0,3.8073549220576046,0,0.17857142857142858,0,0,0.00643761644910091
24,17,0,0,3,0,0,2,0,0,0,0,0,1,17,0.041666666666666664,0,0,2,0,0,3.7201755214643453,0,0.25,1,1,0.9954495731542998
76,19,50,0,1,0,0,11,0,0,0,0,0,0,63,0.0,0,0,0,0,1,4.187963812535321,0,0.17105263157894737,1,1,1.0
27,19,0,0,2,0,0,2,0,0,0,0,0,2,20,0.07407407407407407,1,0,1,0,0,4.1804513908921015,0,0.18518518518518517,0,0,0.15893444667012122
66,18,40,0,1,1,0,4,0,0,0,0,0,5,54,0.07575757575757576,1,0,0,0,0,4.6765051051540025,0,0.10606060606060606,1,1,1.0
27,20,0,0,3,0,0,2,0,0,0,0,0,7,14,0.25925925925925924,0,0,2,0,0,4.106377316818027,0,0.2222222222222222,1,1,0.9966666666666667
32,25,0,0,2,0,0,2,0,0,0,0,0,0,27,0.0,0,0,1,0,0,3.9681390622295662,0,0.15625,1,1,0.9743268699343762
19,11,0,0,2,0,0,2,0,0,0,0,0,0,14,0.0,1,0,1,0,0,3.536886723742167,0,0.2631578947368421,0,0,0.004879182365489953
28,20,0,0,2,0,0,2,0,0,0,0,0,0,23,0.0,1,0,1,0,0,3.869331261111518,0,0.17857142857142858,0,0,0.008075687736109968
29,21,0,0,3,1,0,2,0,0,0,0,0,0,22,0.0,1,0,2,0,0,4.0472990984266435,0,0.2413793103448276,0,0,0.005343315501401814
27,19,0,0,2,1,0,2,0,0,0,0,0,0,21,0.0,1,0,1,0,0,3.958229168669879,0,0.2222222222222222,0,0,0.07490863814519266
55,47,0,0,3,0,0,2,0,0,0,0,0,0,49,0.0,1,0,2,0,0,4.122116423230453,0,0.10909090909090909,1,1,0.8850201378731803
35,26,1,0,2,1,0,3,0,0,0,0,0,2,26,0.05714285714285714,1,0,1,0,0,4.193429088311723,0,0.2,1,1,1.0
27,19,0,0,2,0,0,2,0,0,0,0,0,0,22,0.0,1,0,1,0,0,3.838039816898155,0,0.18518518518518517,0,0,0.006043732008081724
38,29,1,0,2,1,0,3,0,0,0,0,0,3,28,0.07894736842105263,1,0,1,0,0,4.083067973799101,0,0.18421052631578946,1,1,1.0
26,13,5,0,1,1,0,3,0,0,0,0,0,0,20,0.0,1,0,0,0,1,3.950063756436209,0,0.23076923076923078,1,1,0.9995724264891309
25,17,0,0,2,0,0,2,0,0,0,0,0,0,20,0.0,1,0,1,0,0,3.863465189601647,0,0.2,0,0,0.0039272796960064665
88,15,65,0,2,0,0,4,0,0,0,0,0,10,71,0.11363636363636363,1,0,1,0,0,4.722113051914323,0,0.07954545454545454,1,1,1.0
22,14,0,0,2,0,0,2,0,0,0,0,0,0,17,0.0,1,0,1,0,0,3.788754913993503,0,0.22727272727272727,0,0,0.01743044864218114
30,22,0,0,2,0,0,2,0,0,0,0,0,0,25,0.0,1,0,1,0,0,3.8980685120588383,0,0.16666666666666666,0,0,0.005996834651531154
29,22,0,0,2,2,0,2,0,0,0,0,0,0,22,0.0,0,0,1,0,0,4.021268494903765,0,0.2413793103448276,1,1,0.9639666059797164
37,29,0,0,4,0,0,2,0,0,0,0,0,0,30,0.0,1,0,3,0,0,4.1416216087552495,0,0.1891891891891892,0,0,0.14505311234867715
25,17,0,0,2,0,0,2,0,0,0,0,0,0,20,0.0,1,0,1,0,0,3.863465189601647,0,0.2,0,0,0.0039272796960064665
27,19,0,0,2,0,0,2,0,0,0,0,0,0,22,0.0,1,0,1,0,0,3.838039816898155,0,0.18518518518518517,0,0,0.006043732008081724
22,14,0,0,2,0,0,2,0,0,0,0,0,0,17,0.0,1,0,1,0,0,3.6069367321753214,0,0.22727272727272727,0,0,0.013892352074782982
27,19,0,0,2,0,0,2,0,0,0,0,0,0,22,0.0,1,0,1,0,0,3.930270372293454,0,0.18518518518518517,0,0,0.004732439099188848
24,17,0,0,2,0,0,2,0,0,0,0,0,0,19,0.0,0,0,1,0,0,3.9701755214643453,0,0.20833333333333334,1,1,0.9834899205283638
24,17,0,0,2,0,0,2,0,0,0,0,0,0,19,0.0,0,0,1,0,0,3.91829583405449,0,0.20833333333333334,1,1,0.9894817563695597
28,21,0,0,2,0,0,2,0,0,0,0,0,0,23,0.0,0,0,1,0,0,3.767375797816042,0,0.17857142857142858,1,1,0.9806377235784195
31,23,0,0,2,1,0,2,0,0,0,0,0,0,25,0.0,1,0,1,0,0,4.018081793978685,0,0.1935483870967742,0,0,0.00650912816228906
34,20,6,0,1,0,0,4,0,0,0,0,0,4,24,0.11764705882352941,1,0,0,0,0,4.0796786498829745,0,0.17647058823529413,1,1,1.0
25,18,0,0,2,0,0,2,0,0,0,0,0,0,20,0.0,0,0,1,0,0,3.863465189601647,0,0.2,1,1,0.9868456959849959
31,23,0,0,2,0,0,2,0,0,0,0,0,0,26,0.0,1,0,1,0,0,3.7356660681024443,0,0.16129032258064516,0,0,0.00498261712405063
28,20,0,0,2,0,0,2,0,0,0,0,0,0,23,0.0,1,0,1,0,0,3.770942421748537,0,0.17857142857142858,0,0,0.00656703308470026
25,18,0,0,2,1,0,2,0,0,0,0,0,0,19,0.0,0,0,1,0,0,3.8634651896016465,0,0.24,1,1,0.9828970747030079
32,24,0,0,2,0,0,2,0,0,0,0,0,0,27,0.0,1,0,1,0,0,4.093139062229566,0,0.15625,0,0,0.008567991280756693
23,15,0,0,2,0,0,2,0,0,0,0,0,0,18,0.0,1,0,1,0,0,3.7622673906514947,0,0.21739130434782608,0,0,0.010929300373386032
29,21,0,0,2,1,0,2,0,0,0,0,0,0,23,0.0,1,0,1,0,0,3.978333581185264,0,0.20689655172413793,0,0,0.014108423744729925
24,16,0,0,2,0,0,2,0,0,0,0,0,0,19,0.0,1,0,1,0,0,3.517894147619623,0,0.20833333333333334,0,0,0.008491907798676226
56,47,1,0,2,0,0,3,0,0,0,0,0,0,50,0.0,1,0,1,0,0,3.097506157633565,0,0.10714285714285714,1,1,0.9969442004078212
51,21,22,0,2,2,0,5,0,0,0,0,0,2,39,0.0392156862745098,1,0,1,0,1,4.268821245393576,0,0.19607843137254902,1,1,1.0
30,22,0,0,2,0,0,2,0,0,0,0,0,0,25,0.0,1,0,1,0,0,3.7144093452479403,0,0.16666666666666666,0,0,0.004983737752056991
22,14,0,0,2,0,0,2,0,0,0,0,0,0,17,0.0,1,0,1,0,0,3.572623663895164,0,0.22727272727272727,0,0,0.013892352074782982
80,7,65,0,1,0,0,4,0,0,0,0,0,9,65,0.1125,1,0,0,0,0,4.719667976545061,0,0.075,1,1,1.0
36,28,0,0,2,0,0,2,0,0,0,0,0,0,31,0.0,1,0,1,0,0,4.138830127032207,0,0.1388888888888889,0,0,0.004384865576662984
44,36,0,0,2,0,0,2,0,0,0,0,0,0,39,0.0,1,0,1,0,0,4.235015641798041,0,0.11363636363636363,0,0,0.03296234639205229
33,25,0,0,2,0,0,2,0,0,0,0,0,0,28,0.0,1,0,1,0,0,3.8848588918890474,0,0.15151515151515152,0,0,0.00604574542238935
25,18,0,0,2,0,0,2,0,0,0,0,0,0,20,0.0,0,0,1,0,0,3.7336606896881857,0,0.2,1,1,0.9865962493872746
29,21,0,0,3,0,0,2,0,0,0,0,0,0,23,0.0,1,0,2,0,0,3.8573068568981284,0,0.20689655172413793,0,0,0.009568474077636458
31,23,0,0,2,0,0,2,0,0,0,0,0,0,26,0.0,1,0,1,0,0,3.9292144551992183,0,0.16129032258064516,0,0,0.004214823611314164
32,24,0,0,2,0,0,2,0,0,0,0,0,0,27,0.0,1,0,1,0,0,3.9056390622295662,0,0.15625,0,0,0.017446537942792998
27,19,0,0,2,0,0,2,0,0,0,0,0,0,22,0.0,1,0,1,0,0,3.8561962982193796,0,0.18518518518518517,0,0,0.006135218630085277
24,16,0,0,2,0,0,2,0,0,0,0,0,0,19,0.0,1,0,1,0,0,3.740601562950723,0,0.20833333333333334,0,0,0.005364499988881662
36,28,0,0,2,0,0,2,0,0,0,0,0,0,31,0.0,1,0,1,0,0,3.9822892374933265,0,0.1388888888888889,0,0,0.0028254691491075854
26,18,0,0,2,1,0,2,0,0,0,0,0,0,20,0.0,1,0,1,0,0,3.9500637564362093,0,0.23076923076923078,0,0,0.0071562341460754166
33,25,0,0,2,1,0,2,0,0,0,0,0,0,27,0.0,1,0,1,0,0,4.0060710131011685,0,0.18181818181818182,0,0,0.04688724553193235
36,28,0,0,3,0,0,2,0,0,0,0,0,0,30,0.0,1,0,2,0,0,4.002172223183763,0,0.16666666666666666,0,0,0.06549375218384687
24,16,0,0,2,0,0,2,0,0,0,0,0,0,19,0.0,1,0,1,0,0,3.6368421881310122,0,0.20833333333333334,0,0,0.006141593138909664
29,22,0,0,2,0,0,2,0,0,0,0,0,0,24,0.0,0,0,1,0,0,4.280226253673659,0,0.1724137931034483,1,1,0.9812045570839516
25,17,0,0,2,0,0,2,0,0,0,0,0,0,20,0.0,1,0,1,0,0,3.703465189601647,0,0.2,0,0,0.0034251323831568465
26,18,0,0,2,0,0,2,0,0,0,0,0,0,21,0.0,1,0,1,0,0,3.796217602590056,0,0.19230769230769232,0,0,0.0057776986682123894
27,19,0,0,2,0,0,2,0,0,0,0,0,0,22,0.0,1,0,1,0,0,3.7080481500712317,0,0.18518518518518517,0,0,0.003962772112783566
167,15,108,35,2,2,0,7,1,3,2,0,0,19,130,0.11377245508982035,1,0,1,3,0,5.034505450214201,0,0.10778443113772455,1,1,1.0
24,17,0,0,2,0,0,2,0,0,0,0,0,0,19,0.0,0,0,1,0,0,3.855388542207534,0,0.20833333333333334,1,1,0.9901853234817914
78,11,59,0,2,1,0,9,0,0,0,0,0,1,64,0.01282051282051282,1,0,0,0,0,4.180555225211922,0,0.16666666666666666,1,1,1.0
29,21,0,0,3,0,0,2,0,0,0,0,0,0,23,0.0,1,0,2,0,0,3.926272374139508,0,0.20689655172413793,0,0,0.008775967235653812
33,25,0,0,3,0,0,2,0,0,0,0,0,0,27,0.0,1,0,2,0,1,4.0895524525606675,0,0.18181818181818182,0,0,0.05999441712545035
52,17,27,0,3,0,2,5,0,0,0,0,0,6,35,0.11538461538461539,1,0,1,0,0,4.366130526116973,0,0.21153846153846154,1,1,1.0
26,18,0,0,3,0,0,2,0,0,0,0,0,0,20,0.0,1,0,2,0,0,3.767183467891461,0,0.23076923076923078,0,0,0.00680595916865964
23,15,0,0,2,0,0,2,0,0,0,0,0,0,18,0.0,1,0,1,0,0,3.795088586397733,0,0.21739130434782608,0,0,0.011731102673641447
19,12,0,0,2,0,0,2,0,0,0,0,0,0,14,0.0,0,0,1,0,0,3.6818808028034025,0,0.2631578947368421,1,1,0.9752437241778861
31,23,0,0,2,0,0,2,0,0,0,0,0,0,26,0.0,1,0,1,0,0,3.9134007456613777,0,0.16129032258064516,0,0,0.004214823611314164
30,22,0,0,2,0,0,2,0,0,0,0,0,0,25,0.0,1,0,1,0,0,3.831401845392171,0,0.16666666666666666,0,0,0.007180410255266293
25,17,0,0,2,0,0,2,0,0,0,0,0,0,20,0.0,1,0,1,0,0,3.863465189601647,0,0.2,0,0,0.0039272796960064665
18,10,0,0,2,0,0,2,0,0,0,0,0,1,12,0.05555555555555555,1,0,1,0,0,3.5724312513221195,0,0.2777777777777778,0,0,0.06209876405038132
40,32,0,0,2,0,0,2,0,0,0,0,0,0,35,0.0,1,0,1,0,0,4.134183719779188,0,0.125,0,0,0.00385033372198265
26,18,0,0,2,0,0,2,0,0,0,0,0,0,21,0.0,1,0,1,0,0,3.671405583442497,0,0.19230769230769232,0,0,0.004401991455395189
34,26,0,0,3,1,0,2,0,0,0,0,0,0,27,0.0,1,0,2,0,0,4.13850217929474,0,0.20588235294117646,0,0,0.022420933223034373
22,14,0,0,3,0,0,2,0,0,0,0,0,0,16,0.0,1,0,2,0,0,3.8453509366224363,0,0.2727272727272727,0,0,0.005338426142423854
83,74,1,0,3,0,0,3,0,0,0,0,0,14,62,0.1686746987951807,1,0,2,0,0,4.877714961770597,1,0.08433734939759036,1,1,1.0
81,31,42,0,5,0,0,7,0,0,0,0,0,0,68,0.0,1,0,1,0,0,4.077005486487238,0,0.16049382716049382,1,1,1.0
32,24,0,0,2,0,0,2,0,0,0,0,0,0,27,0.0,1,0,1,0,0,3.9056390622295662,0,0.15625,0,0,0.017446537942792998
22,14,0,0,2,0,0,2,0,0,0,0,0,0,17,0.0,1,0,1,0,0,3.606936732175321,0,0.22727272727272727,0,0,0.013892352074782982
25,17,0,0,3,0,0,2,0,0,0,0,0,0,19,0.0,1,0,2,0,0,3.943465189601647,0,0.24,0,0,0.0037752001308789885
39,30,1,0,2,2,0,3,0,0,0,0,0,2,29,0.05128205128205128,1,0,1,0,0,4.0704258602659875,0,0.20512820512820512,1,1,1.0
30,22,0,0,2,0,0,2,0,0,0,0,0,0,25,0.0,1,0,1,0,0,3.989898095464287,0,0.16666666666666666,0,0,0.004944797524013016
25,17,0,0,2,0,0,2,0,0,0,0,0,0,20,0.0,1,0,1,0,0,4.053660689688185,0,0.2,0,0,0.004912225321018954
37,30,0,0,3,1,0,2,0,0,0,0,0,6,24,0.16216216216216217,0,0,2,0,0,4.175273297885966,0,0.1891891891891892,1,1,0.9955697349054621
34,20,7,0,3,1,0,3,0,0,0,0,0,1,25,0.029411764705882353,0,0,1,0,0,3.870284076978159,0,0.23529411764705882,1,1,1.0
28,20,0,0,3,0,0,2,0,0,0,0,0,0,22,0.0,1,0,2,0,0,4.012188403968662,0,0.21428571428571427,0,0,0.010153928870375155
25,17,0,0,2,0,0,2,0,0,0,0,0,0,20,0.0,1,0,1,0,0,3.7336606896881857,0,0.2,0,0,0.0034397638404539835
27,20,0,0,2,0,0,2,0,0,0,0,0,0,22,0.0,0,0,1,0,0,3.8841550945958043,0,0.18518518518518517,1,1,0.9776876926050001
20,12,0,0,2,0,0,2,0,0,0,0,0,0,15,0.0,1,0,1,0,0,3.3464393446710154,0,0.25,0,0,0.005395834923168871
28,20,0,0,2,0,0,2,0,0,0,0,0,0,23,0.0,1,0,1,0,0,3.8962915290459277,0,0.17857142857142858,0,0,0.006509090438530513
29,21,0,0,2,0,0,2,0,0,0,0,0,0,24,0.0,1,0,1,0,0,3.676440908696869,0,0.1724137931034483,0,0,0.00555940927275749
19,11,0,0,2,0,0,2,0,0,0,0,0,0,14,0.0,1,0,1,0,0,3.326360407952694,0,0.2631578947368421,0,0,0.003483505614106025
99,73,9,8,5,0,0,3,1,0,0,0,1,12,75,0.12121212121212122,1,0,2,1,0,4.933783489773459,1,0.12121212121212122,1,1,1.0
54,46,1,0,2,0,0,3,0,0,0,0,0,0,48,0.0,0,0,1,0,0,3.2537490762752252,0,0.1111111111111111,1,1,0.9969442004078212
32,23,1,0,2,0,0,3,0,0,0,0,0,0,26,0.0,1,0,1,0,0,4.093139062229566,0,0.1875,1,1,1.0
24,16,0,0,2,0,0,2,0,0,0,0,0,0,19,0.0,1,0,1,0,0,3.7406015629507228,0,0.20833333333333334,0,0,0.005364499988881662
111,21,78,0,2,3,0,9,0,0,0,0,0,8,87,0.07207207207207207,1,0,1,0,0,4.777605902262021,0,0.14414414414414414,1,1,1.0
50,16,26,0,3,0,0,7,0,0,0,0,0,0,39,0.0,1,0,1,0,1,4.07095213149284,0,0.22,1,1,1.0
22,15,0,0,3,0,0,2,0,0,0,0,0,1,15,0.045454545454545456,0,0,2,0,0,3.606936732175321,0,0.2727272727272727,1,1,0.9711900666514475
33,10,16,0,1,1,1,3,0,0,0,0,0,5,21,0.15151515151515152,0,0,0,0,0,4.18788919491935,0,0.21212121212121213,1,1,1.0
28,20,0,0,2,0,0,2,0,0,0,0,0,0,23,0.0,1,0,1,0,0,4.039148671903071,0,0.17857142857142858,0,0,0.009044779468121222
26,18,0,0,2,0,0,2,0,0,0,0,0,0,21,0.0,1,0,1,0,0,3.748328660365574,0,0.19230769230769232,0,0,0.005362687428727657
20,12,0,0,2,0,0,2,0,0,0,0,0,0,15,0.0,1,0,1,0,0,3.421928094887362,0,0.25,0,0,0.005463664105718776
31,23,0,0,2,0,0,2,0,0,0,0,0,3,23,0.0967741935483871,1,0,1,0,0,4.349199939349345,0,0.16129032258064516,0,0,0.30019394361563667
23,15,0,0,2,0,0,2,0,0,0,0,0,0,18,0.0,1,0,1,0,0,3.501397825434103,0,0.21739130434782608,0,0,0.010350837509813788
25,17,0,0,2,0,0,2,0,0,0,0,0,0,20,0.0,1,0,1,0,0,3.863465189601647,0,0.2,0,0,0.0039272796960064665
27,19,0,0,2,0,0,2,0,0,0,0,0,0,22,0.0,1,0,1,0,0,3.838039816898155,0,0.18518518518518517,0,0,0.006043732008081724
27,19,0,0,3,0,0,2,0,0,0,0,0,0,21,0.0,1,0,2,0,0,3.7360069464476564,0,0.2222222222222222,0,0,0.013392732110966855
24,16,0,0,2,0,0,2,0,0,0,0,0,0,19,0.0,1,0,1,0,0,3.7201755214643457,0,0.20833333333333334,0,0,0.005364499988881662
26,18,0,0,2,0,0,2,0,0,0,0,0,0,21,0.0,1,0,1,0,0,3.9500637564362093,0,0.19230769230769232,0,0,0.0032517506120185355
28,20,0,0,2,0,0,2,0,0,0,0,0,0,23,0.0,1,0,1,0,0,3.9677201004744997,0,0.17857142857142858,0,0,0.00683287457054348
27,19,0,0,3,0,0,2,0,0,0,0,0,0,21,0.0,1,0,2,0,0,3.8282375018429553,0,0.2222222222222222,0,0,0.011022741155535965
32,23,1,0,2,0,0,3,0,0,0,0,0,2,24,0.0625,1,0,1,0,0,4.054229296672175,0,0.1875,1,1,0.9966666666666667
115,13,77,16,4,0,0,5,1,0,0,0,1,20,82,0.17391304347826086,1,0,1,1,0,4.974995682264847,0,0.11304347826086956,1,1,1.0
19,11,0,0,2,0,0,2,0,0,0,0,0,0,14,0.0,1,0,1,0,0,3.576617644908666,0,0.2631578947368421,0,0,0.005149518898988455
47,38,1,0,3,2,0,3,0,0,0,0,0,8,30,0.1702127659574468,1,0,2,0,0,4.469066511067981,0,0.19148936170212766,1,1,1.0
24,16,0,0,3,0,0,2,0,0,0,0,0,0,18,0.0,1,0,2,0,0,3.6572682296173897,0,0.25,0,0,0.007082156684983463
23,16,0,0,3,0,0,2,0,0,0,0,0,0,17,0.0,0,0,2,0,0,3.435755433941628,0,0.2608695652173913,1,1,0.963683939431321
31,23,0,0,2,0,0,2,0,0,0,0,0,0,26,0.0,1,0,1,0,0,4.018081793978685,0,0.16129032258064516,0,0,0.004795190438054153
27,19,0,0,2,0,0,2,0,0,0,0,0,0,22,0.0,1,0,1,0,0,3.6763906325796265,0,0.18518518518518517,0,0,0.0030979152885686496
41,32,1,0,2,1,0,3,0,0,0,0,0,6,28,0.14634146341463414,1,0,1,0,0,4.287447053863761,0,0.17073170731707318,1,1,1.0
29,21,0,0,2,0,0,2,0,0,0,0,0,0,24,0.0,1,0,1,0,0,3.745406425938248,0,0.1724137931034483,0,0,0.006529407979116419
30,22,0,0,2,0,0,2,0,0,0,0,0,0,25,0.0,1,0,1,0,0,3.9898980954642873,0,0.16666666666666666,0,0,0.004944797524013016
30,22,0,0,3,0,0,2,0,0,0,0,0,0,24,0.0,1,0,2,0,0,3.847742678581273,0,0.2,0,0,0.012149369065100397
23,15,0,0,2,0,0,2,0,0,0,0,0,0,18,0.0,1,0,1,0,0,3.882045108136863,0,0.21739130434782608,0,0,0.02375840767394129
26,18,0,0,3,0,0,2,0,0,0,0,0,0,20,0.0,1,0,2,0,0,4.0269868333592855,0,0.23076923076923078,0,0,0.007448438982548911
32,24,0,0,2,0,0,2,0,0,0,0,0,0,27,0.0,1,0,1,0,0,3.944548827786958,0,0.15625,0,0,0.010441422019060021
32,24,0,0,2,1,0,2,0,0,0,0,0,0,26,0.0,1,0,1,0,0,4.054229296672174,0,0.1875,0,0,0.012447906829164888
41,33,1,0,2,2,0,3,0,0,0,0,0,0,33,0.0,0,0,1,0,0,3.9490494201826096,0,0.1951219512195122,1,1,1.0
22,15,0,0,2,0,0,2,0,0,0,0,0,0,17,0.0,0,0,1,0,0,3.8796640049025934,0,0.22727272727272727,1,1,0.974464499330266
25,17,0,0,2,0,0,2,0,0,0,0,0,0,20,0.0,1,0,1,0,0,3.783465189601647,0,0.2,0,0,0.0035156030378867015
23,15,0,0,2,0,0,2,0,0,0,0,0,0,18,0.0,1,0,1,0,0,3.7622673906514947,0,0.21739130434782608,0,0,0.010929300373386032
40,22,10,0,2,0,0,3,0,0,0,0,0,0,34,0.0,1,0,0,0,0,4.377567157116928,0,0.15,1,1,1.0
26,18,0,0,1,0,0,2,0,0,0,0,0,0,22,0.0,1,0,0,0,0,3.748328660365573,0,0.15384615384615385,1,1,0.9933333333333333
86,28,50,0,3,0,1,4,0,0,0,0,0,22,55,0.2558139534883721,1,0,1,0,0,4.718010505625532,0,0.10465116279069768,1,1,1.0
27,19,0,0,2,1,0,2,0,0,0,0,0,0,21,0.0,1,0,1,0,0,3.8561962982193796,0,0.2222222222222222,1,0,0.029176682551913278
28,21,0,0,2,0,0,2,0,0,0,0,0,0,23,0.0,0,0,1,0,0,3.780394654123195,0,0.17857142857142858,1,1,0.9806377235784195
42,33,1,0,2,2,0,3,0,0,0,0,0,0,34,0.0,1,0,1,0,0,4.052682601195655,0,0.19047619047619047,1,1,1.0
23,15,0,0,2,0,0,2,0,0,0,0,0,0,18,0.0,1,0,1,0,0,3.534219021180341,0,0.21739130434782608,0,0,0.010361389561373918
31,23,0,0,2,0,0,2,0,0,0,0,0,0,26,0.0,1,0,1,0,0,4.0667842134731025,0,0.16129032258064516,0,0,0.005371138303417971
22,14,0,0,2,0,0,2,0,0,0,0,0,0,17,0.0,1,0,1,0,0,3.6635327548042547,0,0.22727272727272727,0,0,0.014183225813440083
45,37,1,0,3,1,0,3,0,0,0,0,0,1,36,0.022222222222222223,0,0,2,0,0,4.138656363227873,0,0.17777777777777778,1,1,1.0
29,21,0,0,2,0,0,2,0,0,0,0,0,0,24,0.0,1,0,1,0,0,4.021268494903765,0,0.1724137931034483,0,0,0.006030051060254468
99,15,76,0,2,0,2,7,0,0,0,0,0,8,79,0.08080808080808081,1,0,1,0,0,4.8148220607484475,0,0.12121212121212122,1,1,1.0
25,17,0,0,2,0,0,2,0,0,0,0,0,0,20,0.0,1,0,1,0,0,3.8634651896016465,0,0.2,0,0,0.0039272796960064665
26,18,0,0,2,0,0,2,0,0,0,0,0,0,21,0.0,1,0,1,0,0,3.7483286603655737,0,0.19230769230769232,0,0,0.005362687428727657
18,10,0,0,2,0,0,2,0,0,0,0,0,0,13,0.0,1,0,1,0,0,3.4613201402110083,0,0.2777777777777778,0,0,0.0041895600508676375
35,26,1,0,2,1,0,3,0,0,0,0,0,0,28,0.0,1,0,1,0,0,3.7147180168213394,0,0.2,1,1,0.9966666666666667
27,19,0,0,2,0,0,2,0,0,0,0,0,0,22,0.0,1,0,1,0,0,3.9582291686698787,0,0.18518518518518517,0,0,0.005016375113258696
28,20,0,0,2,0,0,2,0,0,0,0,0,0,23,0.0,1,0,1,0,0,3.7534343861887844,0,0.17857142857142858,0,0,0.006496756290916128
30,22,0,0,2,0,0,2,0,0,0,0,0,0,25,0.0,1,0,1,0,0,3.8314018453921714,0,0.16666666666666666,0,0,0.007180410255266293
57,48,1,0,2,0,0,3,0,0,0,0,0,15,36,0.2631578947368421,1,0,1,0,0,4.50787619950982,0,0.10526315789473684,1,1,0.9991035503740714
75,28,40,0,2,0,0,4,0,0,0,0,0,6,62,0.08,0,0,1,0,0,4.690708738011997,0,0.09333333333333334,1,1,1.0
24,16,0,0,2,0,0,2,0,0,0,0,0,0,19,0.0,1,0,1,0,0,3.9701755214643453,0,0.20833333333333334,0,0,0.005905620775876425
48,40,1,0,3,2,0,3,0,0,0,0,0,4,35,0.08333333333333333,0,0,2,0,0,4.537782031835941,0,0.1875,1,1,1.0
25,17,0,0,2,0,0,2,0,0,0,0,0,0,20,0.0,1,0,1,0,0,4.0536606896881855,0,0.2,0,0,0.004912225321018954
42,33,1,0,3,0,0,3,0,0,0,0,0,0,35,0.0,1,0,2,0,0,4.053297638075725,0,0.16666666666666666,1,1,0.9929692382026091
83,74,1,0,3,0,0,3,0,0,0,0,0,10,66,0.12048192771084337,1,0,2,0,0,4.824819063872243,1,0.08433734939759036,1,1,1.0
29,21,0,0,2,0,0,2,0,0,0,0,0,0,24,0.0,1,0,1,0,0,3.9093680639438846,0,0.1724137931034483,0,0,0.004970814269591249
27,20,0,0,3,0,0,2,0,0,0,0,0,7,14,0.25925925925925924,0,0,2,0,0,3.9582291686698787,0,0.2222222222222222,1,1,1.0
30,22,0,0,2,0,0,2,0,0,0,0,0,0,25,0.0,1,0,1,0,0,3.989898095464287,0,0.16666666666666666,0,0,0.004944797524013016
21,13,0,0,2,0,0,2,0,0,0,0,0,0,16,0.0,1,0,1,0,0,3.403989446485262,0,0.23809523809523808,0,0,0.011482254110536817
23,15,0,0,2,0,0,2,0,0,0,0,0,0,18,0.0,1,0,1,0,0,3.555533151426996,0,0.21739130434782608,0,0,0.010361389561373918
37,29,0,0,3,0,0,2,0,0,0,0,0,0,31,0.0,1,0,2,0,0,4.165421190410284,0,0.16216216216216217,0,0,0.028777210921889958
23,15,0,0,2,0,0,2,0,0,0,0,0,0,18,0.0,1,0,1,0,0,3.501397825434103,0,0.21739130434782608,0,0,0.010350837509813788
34,27,0,0,3,0,0,2,0,0,0,0,0,0,28,0.0,0,0,2,0,1,4.2339466645252255,0,0.17647058823529413,1,1,0.9609612223421686
23,15,0,0,2,0,0,2,0,0,0,0,0,0,18,0.0,1,0,1,0,0,3.7950885863977324,0,0.21739130434782608,0,0,0.011731102673641447
20,12,0,0,2,1,0,2,0,0,0,0,0,3,11,0.15,1,0,1,0,0,3.7841837197791888,0,0.3,0,0,0.07991548729925547
32,24,0,0,2,0,0,2,0,0,0,0,0,0,27,0.0,1,0,1,0,0,3.9414280318460246,0,0.15625,0,0,0.010441422019060021
28,20,0,0,2,0,0,2,0,0,0,0,0,0,23,0.0,1,0,1,0,0,3.8962915290459277,0,0.17857142857142858,0,0,0.006509090438530513
24,16,0,0,2,1,0,2,0,0,0,0,0,0,18,0.0,1,0,1,0,0,3.8035088547976783,0,0.25,0,0,0.019112477285376923
35,27,0,0,2,0,0,2,0,0,0,0,0,0,30,0.0,1,0,1,0,0,4.28614658824991,0,0.14285714285714285,0,0,0.009675719708417676
72,25,40,0,3,0,0,4,0,0,0,0,0,5,59,0.06944444444444445,0,0,2,0,0,4.674803605723637,0,0.1111111111111111,1,1,1.0
47,25,15,0,3,1,0,4,0,0,0,0,0,7,31,0.14893617021276595,0,0,2,0,0,4.3678986918730125,0,0.19148936170212766,1,1,1.0
30,22,0,0,2,0,0,2,0,0,0,0,0,0,25,0.0,1,0,1,0,0,3.986569246460625,0,0.16666666666666666,0,0,0.004944797524013016
28,20,0,0,2,0,0,2,0,0,0,0,0,0,23,0.0,1,0,1,0,0,3.8423709931771093,0,0.17857142857142858,0,0,0.0076868637569560356
27,19,0,0,2,0,0,2,0,0,0,0,0,0,22,0.0,1,0,1,0,0,3.7360069464476564,0,0.18518518518518517,0,0,0.0039952061376365994
26,19,0,0,3,0,0,2,0,0,0,0,0,0,20,0.0,0,0,2,0,0,3.719294525666979,0,0.23076923076923078,1,1,0.986332373635955
25,17,0,0,2,0,0,2,0,0,0,0,0,0,20,0.0,1,0,1,0,0,4.0536606896881855,0,0.2,0,0,0.004912225321018954
25,17,0,0,3,0,0,2,0,0,0,0,0,0,19,0.0,1,0,2,0,0,3.753269689515108,0,0.24,0,0,0.007346282305415871
21,14,0,0,2,0,0,2,0,0,0,0,0,6,10,0.2857142857142857,0,0,1,0,0,3.1009166856947723,0,0.23809523809523808,1,1,0.9989030682387954
67,7,52,0,1,0,0,4,0,0,0,0,0,9,52,0.13432835820895522,1,0,0,0,0,4.793190496201888,0,0.08955223880597014,1,1,1.0
27,19,0,0,2,0,0,2,0,0,0,0,0,0,22,0.0,1,0,1,0,0,4.032303242743953,0,0.18518518518518517,0,0,0.016507349865286017
26,19,0,0,2,1,0,2,0,0,0,0,0,0,20,0.0,0,0,1,0,0,4.026986833359286,0,0.23076923076923078,1,1,0.9810061207974118
21,13,0,0,2,0,0,2,0,0,0,0,0,0,16,0.0,1,0,1,0,0,3.7849418274376427,0,0.23809523809523808,0,0,0.022685964972047966
23,15,0,0,2,0,0,2,0,0,0,0,0,0,18,0.0,1,0,1,0,0,3.6753108689123644,0,0.21739130434782608,0,0,0.009622496680157706
26,18,0,0,2,0,0,2,0,0,0,0,0,0,21,0.0,1,0,1,0,0,4.026986833359286,0,0.19230769230769232,0,0,0.005467869501421709
30,22,0,0,2,1,0,2,0,0,0,0,0,0,24,0.0,1,0,1,0,0,4.148394345536403,0,0.2,0,0,0.01584693352787423
36,28,0,0,2,0,0,2,0,0,0,0,0,0,31,0.0,1,0,1,0,0,4.0514621540398,0,0.1388888888888889,0,0,0.0034906371307921926
51,42,1,0,2,0,0,3,0,0,0,0,0,4,41,0.0784313725490196,1,0,1,0,0,4.245092253354414,0,0.11764705882352941,1,1,1.0
28,20,0,0,2,0,0,2,0,0,0,0,0,0,23,0.0,1,0,1,0,0,3.9137995646056805,0,0.17857142857142858,0,0,0.0062027140142167795
51,22,21,0,1,1,0,4,0,0,0,2,0,2,40,0.0392156862745098,1,0,0,0,0,4.336367195159386,0,0.17647058823529413,1,1,1.0
27,19,0,0,2,0,0,2,0,0,0,0,0,0,22,0.0,1,0,1,0,0,3.8100810205217304,0,0.18518518518518517,0,0,0.0047897255340691594
22,6,8,0,1,0,0,3,0,0,0,0,0,2,15,0.09090909090909091,1,0,0,0,0,3.7544418457133446,0,0.22727272727272727,1,1,1.0
48,41,0,0,2,0,0,2,0,0,0,0,0,22,21,0.4583333333333333,0,0,1,0,0,4.1887218755408675,0,0.10416666666666667,1,1,0.9911287480250734
44,36,0,0,2,0,0,2,0,0,0,0,0,0,39,0.0,1,0,1,0,0,4.356492413796824,0,0.11363636363636363,0,0,0.09356575353727203
22,15,0,0,2,0,0,2,0,0,0,0,0,0,17,0.0,0,0,1,0,0,3.7887549139935035,0,0.22727272727272727,1,1,0.9705598557053348
32,24,0,0,2,0,0,2,0,0,0,0,0,0,27,0.0,1,0,1,0,0,3.890319531114783,0,0.15625,0,0,0.016831985955774873
18,4,6,0,1,0,0,3,0,0,0,0,0,1,12,0.05555555555555555,1,0,0,0,0,3.350209029099897,0,0.2777777777777778,1,1,0.9985870833333333
50,32,10,0,2,0,0,3,0,0,0,0,0,14,30,0.28,1,0,1,0,0,4.5283674395583775,0,0.12,1,1,1.0
32,23,1,0,2,1,0,3,0,0,0,0,0,6,19,0.1875,1,0,1,0,0,4.179229296672174,0,0.21875,1,1,0.9972823081546784
24,16,0,0,2,0,0,2,0,0,0,0,0,0,19,0.0,1,0,1,0,0,3.855388542207534,0,0.20833333333333334,0,0,0.005451851578679096
31,23,0,0,3,0,0,2,0,0,0,0,0,0,25,0.0,1,0,2,0,1,4.042433003725894,0,0.1935483870967742,0,0,0.06813489158915247
43,28,7,0,3,0,0,3,0,0,0,0,0,0,36,0.0,1,0,1,0,0,4.091751313184559,0,0.16279069767441862,1,1,0.9993435164750069
24,17,0,0,3,0,0,2,0,0,0,0,0,0,18,0.0,0,0,2,0,0,3.6887218755408675,0,0.25,1,1,0.973153676241807
23,16,0,0,2,0,0,2,0,0,0,0,0,0,18,0.0,0,0,1,0,0,3.6753108689123644,0,0.21739130434782608,1,1,0.9808552195426523
30,9,13,0,2,0,0,3,0,0,0,0,0,0,24,0.0,1,0,0,0,0,4.031401845392171,0,0.2,1,1,0.9966666666666667
31,23,0,0,3,0,0,2,0,0,0,0,0,0,25,0.0,1,0,2,0,0,3.9937305842314763,0,0.1935483870967742,0,0,0.008524391928926529
35,26,1,0,2,0,0,3,0,0,0,0,0,4,25,0.11428571428571428,1,0,1,0,0,4.229003731107052,0,0.17142857142857143,1,1,1.0
55,46,1,0,3,0,0,3,0,0,0,0,0,0,48,0.0,1,0,2,0,0,4.096481704426505,0,0.12727272727272726,1,1,1.0
17,9,1,0,1,0,0,3,0,0,0,0,0,4,8,0.23529411764705882,0,0,0,0,0,3.572469458770136,0,0.29411764705882354,1,1,1.0
34,26,0,0,3,1,0,2,0,0,0,0,0,0,27,0.0,1,0,2,0,0,4.256149238118269,0,0.20588235294117646,0,0,0.025138427846023294
83,74,1,0,3,0,0,3,0,0,0,0,0,8,68,0.0963855421686747,1,0,2,0,0,4.836210823962689,1,0.08433734939759036,1,1,1.0
102,19,75,0,2,1,0,5,0,0,0,0,0,13,80,0.12745098039215685,1,0,0,0,0,4.793865637806572,0,0.08823529411764706,1,1,1.0
31,24,0,0,2,0,0,2,0,0,0,0,0,0,26,0.0,0,0,1,0,0,3.9746954079158976,0,0.16129032258064516,1,1,0.9772400522667598
25,17,0,0,2,0,0,2,0,0,0,0,0,0,20,0.0,1,0,1,0,0,3.673269689515108,0,0.2,0,0,0.003320223633697498
29,21,0,0,2,0,0,2,0,0,0,0,0,0,24,0.0,1,0,1,0,0,3.9093680639438846,0,0.1724137931034483,0,0,0.004970814269591249
25,17,0,0,2,0,0,2,0,0,0,0,0,0,20,0.0,1,0,1,0,0,3.893660689688186,0,0.2,0,0,0.0030593884458796385
34,26,0,0,2,0,0,2,0,0,0,0,0,0,29,0.0,1,0,1,0,0,4.160704752887783,0,0.14705882352941177,0,0,0.010175709767342667
28,20,0,0,2,0,0,2,0,0,0,0,0,0,23,0.0,1,0,1,0,0,3.8248629576173565,0,0.17857142857142858,0,0,0.006448753291144667
23,15,0,0,2,0,0,2,0,0,0,0,0,2,16,0.08695652173913043,1,0,1,0,0,3.969001629875993,0,0.21739130434782608,0,0,0.04695277227685954
26,18,0,0,2,0,0,2,0,0,0,0,0,0,21,0.0,1,0,1,0,0,3.9790978911348045,0,0.19230769230769232,0,0,0.004194649840584041
33,25,0,0,2,0,0,2,0,0,0,0,0,0,28,0.0,1,0,1,0,0,4.173033892020167,0,0.15151515151515152,0,0,0.015386946450628623
27,19,0,0,3,1,0,2,0,0,0,0,0,0,20,0.0,1,0,2,0,0,3.8100810205217304,0,0.25925925925925924,0,0,0.006668456524571131
26,18,0,0,2,0,0,2,0,0,0,0,0,0,21,0.0,1,0,1,0,0,3.565448371820825,0,0.19230769230769232,0,0,0.006594105397038444
31,23,0,0,2,1,0,2,0,0,0,0,0,0,25,0.0,1,0,1,0,0,4.103727665980414,0,0.1935483870967742,0,0,0.008077684893910702
28,20,0,0,2,0,0,2,0,0,0,0,0,0,23,0.0,1,0,1,0,0,3.8962915290459277,0,0.17857142857142858,0,0,0.006509090438530513
25,17,0,0,2,0,0,2,0,0,0,0,0,0,20,0.0,1,0,1,0,0,3.7034651896016464,0,0.2,0,0,0.0034251323831568465
35,26,1,0,2,1,0,3,0,0,0,0,0,1,27,0.02857142857142857,1,0,1,0,0,4.150292659616668,0,0.2,1,1,0.9982512505801661
23,15,0,0,2,0,0,2,0,0,0,0,0,0,18,0.0,1,0,1,0,0,3.6424896731661267,0,0.21739130434782608,0,0,0.011093423602731028
46,30,8,0,3,1,0,3,0,0,0,0,0,3,35,0.06521739130434782,1,0,1,0,0,4.191296466597354,0,0.17391304347826086,1,1,1.0
31,24,0,0,2,0,0,2,0,0,0,0,0,0,26,0.0,0,0,1,0,0,3.9134007456613773,0,0.16129032258064516,1,1,0.979992934228117
26,18,0,0,2,0,0,2,0,0,0,0,0,0,21,0.0,1,0,1,0,0,3.9021748142117274,0,0.19230769230769232,0,0,0.003727924127110542
34,26,0,0,2,2,0,2,0,0,0,0,0,0,27,0.0,1,0,1,0,0,3.962031591059446,0,0.20588235294117646,1,0,0.016714328276788096
49,8,33,0,2,0,0,3,0,0,0,0,0,4,39,0.08163265306122448,1,0,1,0,0,4.532678211285537,0,0.12244897959183673,1,1,1.0
26,18,0,0,2,0,0,2,0,0,0,0,0,0,21,0.0,1,0,1,0,0,3.767183467891461,0,0.19230769230769232,0,0,0.005432964222511789
23,16,0,0,2,0,0,2,0,0,0,0,0,0,18,0.0,0,0,1,0,0,3.7950885863977324,0,0.21739130434782608,1,1,0.9808552195426523
50,29,14,0,3,2,0,3,0,0,0,0,0,0,41,0.0,0,0,1,0,0,4.160240000427043,0,0.18,1,1,1.0
21,13,0,0,2,0,0,2,0,0,0,0,0,0,16,0.0,1,0,1,0,0,3.6897037321995474,0,0.23809523809523808,0,0,0.01188759383569943
34,25,1,0,2,1,0,3,0,0,0,0,0,6,21,0.17647058823529413,1,0,1,0,0,4.34865650363964,0,0.20588235294117646,1,1,1.0
25,17,0,0,3,0,0,2,0,0,0,0,0,0,19,0.0,1,0,2,0,0,3.9132696895151082,0,0.24,0,0,0.004331584391742369
30,22,0,0,2,1,0,2,0,0,0,0,0,0,24,0.0,1,0,1,0,0,3.9232314287976204,0,0.2,0,0,0.023410071445990215
32,24,0,0,2,1,0,2,0,0,0,0,0,0,26,0.0,1,0,1,0,0,4.077819531114783,0,0.1875,0,0,0.012305319242333714
33,17,9,0,2,0,0,5,0,0,0,0,0,0,25,0.0,0,0,1,0,0,3.775475847209144,0,0.24242424242424243,1,1,1.0
30,22,0,0,2,0,0,2,0,0,0,0,0,0,25,0.0,1,0,1,0,0,3.9232314287976204,0,0.16666666666666666,0,0,0.004360213646522737
24,16,0,0,2,0,0,2,0,0,0,0,0,0,19,0.0,1,0,1,0,0,3.886842188131012,0,0.20833333333333334,0,0,0.005295858157184312
27,19,0,0,2,0,0,2,0,0,0,0,0,0,22,0.0,1,0,1,0,0,3.8841550945958048,0,0.18518518518518517,0,0,0.005675347800511108
117,11,99,0,7,0,0,11,0,0,0,0,0,27,71,0.23076923076923078,0,0,0,0,0,4.162953039612575,0,0.1623931623931624,1,1,1.0
34,26,0,0,2,1,0,2,0,0,0,0,0,0,28,0.0,1,0,1,0,0,4.079678649882975,0,0.17647058823529413,0,0,0.08472707869045668
47,24,15,0,4,0,0,3,0,0,0,1,0,3,33,0.06382978723404255,1,0,2,0,0,4.477372032888474,0,0.23404255319148937,1,1,1.0
461,11,21,421,13,1,2,11,3,10,9,0,0,88,311,0.19088937093275488,0,1,2,10,3,5.274320324504001,0,0.13449023861171366,1,1,1.0
29,21,0,0,2,0,0,2,0,0,0,0,0,0,24,0.0,1,0,1,0,0,4.0472990984266435,0,0.1724137931034483,0,0,0.0080522095047739
27,19,0,0,2,0,0,2,0,0,0,0,0,0,22,0.0,1,0,1,0,0,3.8380398168981555,0,0.18518518518518517,0,0,0.006043732008081724
31,23,0,0,3,0,0,2,0,0,0,0,0,0,25,0.0,1,0,2,0,0,4.042433003725894,0,0.1935483870967742,0,0,0.011109378659268934
29,21,1,0,1,1,0,3,0,0,0,0,0,0,23,0.0,0,0,0,0,0,4.064203408622266,0,0.20689655172413793,1,1,1.0
24,16,0,0,3,0,0,2,0,0,0,0,0,0,18,0.0,1,0,2,0,0,3.6572682296173893,0,0.25,0,0,0.007082156684983463
27,18,1,0,2,0,0,3,0,0,0,0,0,2,19,0.07407407407407407,1,0,1,0,0,3.902311575917029,0,0.2222222222222222,1,1,0.9976899497879015
29,21,0,0,2,0,0,2,0,0,0,0,0,0,24,0.0,1,0,1,0,0,3.8404025467025056,0,0.1724137931034483,0,0,0.008372027405062704
34,25,1,0,2,2,0,3,0,0,0,0,0,3,23,0.08823529411764706,1,0,1,0,0,4.219528282299547,0,0.23529411764705882,1,1,1.0
24,16,0,0,3,0,0,2,0,0,0,0,0,0,18,0.0,1,0,2,0,0,3.4072682296173897,0,0.25,0,0,0.011040277620243375
21,13,0,0,2,0,0,2,0,0,0,0,0,0,16,0.0,1,0,1,0,0,3.689703732199548,0,0.23809523809523808,0,0,0.01188759383569943
30,22,0,0,2,0,0,2,0,0,0,0,0,0,25,0.0,1,0,1,0,0,4.148394345536403,0,0.16666666666666666,0,0,0.009761877488371762
28,20,0,0,2,0,0,2,0,0,0,0,0,0,23,0.0,1,0,1,0,0,4.039148671903071,0,0.17857142857142858,0,0,0.009044779468121222
23,15,0,0,2,0,0,2,0,0,0,0,0,0,18,0.0,1,0,1,0,0,3.6424896731661263,0,0.21739130434782608,0,0,0.011093423602731028
35,28,0,0,3,0,0,2,0,0,0,0,0,0,29,0.0,0,0,2,0,0,3.968449003142375,0,0.17142857142857143,1,1,0.9866100558260221
24,16,0,0,2,0,0,2,0,0,0,0,0,0,19,0.0,1,0,1,0,0,3.886842188131012,0,0.20833333333333334,0,0,0.005295858157184312
34,26,0,0,2,0,0,2,0,0,0,0,0,0,29,0.0,1,0,1,0,0,4.043057694064253,0,0.14705882352941177,0,0,0.006305486762808464
24,17,0,0,2,0,0,2,0,0,0,0,0,0,19,0.0,0,0,1,0,0,3.7201755214643453,0,0.20833333333333334,1,1,0.9901853234817914
32,24,0,0,2,0,0,2,0,0,0,0,0,0,27,0.0,1,0,1,0,0,3.676108500731241,0,0.15625,0,0,0.019539315695382482
26,18,0,0,2,0,0,2,0,0,0,0,0,0,21,0.0,1,0,1,0,0,3.671405583442497,0,0.19230769230769232,0,0,0.004401991455395189
30,17,5,0,1,0,0,3,0,0,0,0,0,0,25,0.0,1,0,0,0,0,4.056564762130954,0,0.16666666666666666,1,1,1.0
32,24,0,0,2,0,0,2,0,0,0,0,0,0,27,0.0,1,0,1,0,0,3.9917292966721747,0,0.15625,0,0,0.008920411576691491
51,18,25,0,2,0,1,5,0,0,0,0,0,0,42,0.0,1,0,0,0,0,4.144026579185728,0,0.17647058823529413,1,1,1.0
23,15,0,0,3,0,0,2,0,0,0,0,0,0,17,0.0,1,0,2,0,0,3.642489673166126,0,0.2608695652173913,0,0,0.009336352468545918
37,29,0,0,4,0,0,2,0,0,0,0,0,0,30,0.0,1,0,3,0,0,3.94580775746237,0,0.1891891891891892,0,0,0.08049090946205312
26,18,0,0,2,0,0,2,0,0,0,0,0,0,21,0.0,1,0,1,0,0,4.026986833359286,0,0.19230769230769232,0,0,0.005467869501421709
30,22,0,0,2,1,0,2,0,0,0,0,0,0,24,0.0,1,0,1,0,0,4.1898980954642875,0,0.2,0,0,0.022180942801526504
71,23,40,0,1,0,0,4,0,0,0,0,0,7,58,0.09859154929577464,1,0,0,0,0,4.721802359148991,0,0.08450704225352113,1,1,1.0
49,40,1,0,3,2,0,3,0,0,0,0,0,8,32,0.16326530612244897,1,0,2,0,0,4.583499129564579,0,0.1836734693877551,1,1,1.0
18,10,0,0,2,0,0,2,0,0,0,0,0,0,13,0.0,1,0,1,0,0,3.3502090290998967,0,0.2777777777777778,0,0,0.004135081384393822
77,24,45,0,5,3,0,6,0,0,0,0,0,0,62,0.0,1,0,1,0,1,4.1350312315979965,0,0.19480519480519481,1,1,1.0
58,14,36,0,2,2,0,5,0,0,0,0,0,0,48,0.0,1,0,0,0,0,4.263093176782436,0,0.1724137931034483,1,1,1.0
51,17,26,0,1,0,0,7,0,0,0,0,0,0,42,0.0,1,0,0,0,0,3.934284108361806,0,0.17647058823529413,1,1,1.0
31,23,0,0,2,0,0,2,0,0,0,0,0,0,26,0.0,1,0,1,0,0,3.897587036123537,0,0.16129032258064516,0,0,0.004214823611314164
33,25,0,0,2,0,0,2,0,0,0,0,0,0,28,0.0,1,0,1,0,0,3.6313883471435844,0,0.15151515151515152,0,0,0.009295599419377687
32,24,1,0,2,0,0,3,0,0,0,0,0,0,26,0.0,0,0,1,0,0,4.116729296672174,0,0.1875,1,1,1.0
32,24,1,0,2,0,0,3,0,0,0,0,0,0,26,0.0,0,0,1,0,0,3.7723683589017414,0,0.1875,1,1,1.0
23,15,0,0,2,0,0,2,0,0,0,0,0,0,18,0.0,1,0,1,0,0,3.7622673906514947,0,0.21739130434782608,0,0,0.010929300373386032
22,15,0,0,2,0,0,2,0,0,0,0,0,2,15,0.09090909090909091,0,0,1,0,0,3.879664004902594,0,0.22727272727272727,1,1,0.9834767529548903
36,28,0,0,2,0,0,2,0,0,0,0,0,0,31,0.0,1,0,1,0,0,4.0203672796296965,0,0.1388888888888889,0,0,0.0028318326533546935
36,28,0,0,2,0,0,2,0,0,0,0,0,0,31,0.0,1,0,1,0,0,4.0441104177484,0,0.1388888888888889,0,0,0.005411053797458858
33,25,0,0,2,0,0,2,0,0,0,0,0,0,28,0.0,1,0,1,0,0,3.957294029027326,0,0.15151515151515152,0,0,0.006404589691966984
25,17,0,0,3,0,0,2,0,0,0,0,0,0,19,0.0,1,0,2,0,0,4.023465189601647,0,0.24,0,0,0.0036088964710720844
21,14,0,0,2,0,0,2,0,0,0,0,0,6,10,0.2857142857142857,0,0,1,0,0,3.689703732199548,0,0.23809523809523808,1,1,1.0
20,13,0,0,2,0,0,2,0,0,0,0,0,0,15,0.0,0,0,1,0,0,3.5464393446710156,0,0.25,1,1,0.9821950658287005
46,37,1,0,5,0,0,3,0,0,0,0,0,3,34,0.06521739130434782,1,0,4,0,0,4.102168956377575,0,0.1956521739130435,1,1,1.0
21,13,0,0,2,0,0,2,0,0,0,0,0,0,16,0.0,1,0,1,0,0,3.6897037321995474,0,0.23809523809523808,0,0,0.01188759383569943
33,25,0,0,2,0,0,2,0,0,0,0,0,0,28,0.0,1,0,1,0,0,4.020926316000352,0,0.15151515151515152,0,0,0.006403619748750678
21,13,0,0,2,0,0,2,0,0,0,0,0,0,16,0.0,1,0,1,0,0,3.558518613048906,0,0.23809523809523808,0,0,0.010524297992008323
91,23,60,0,4,6,0,4,0,0,0,0,0,21,55,0.23076923076923078,1,0,1,0,0,4.780318162440038,0,0.16483516483516483,1,1,1.0
18,11,0,0,2,0,0,2,0,0,0,0,0,0,13,0.0,0,0,1,0,0,3.5724312513221195,0,0.2777777777777778,1,1,0.9809268137396047
28,20,0,0,2,0,0,2,0,0,0,0,0,0,23,0.0,1,0,1,0,0,3.708966082694624,0,0.17857142857142858,0,0,0.006452306957797479
24,17,0,0,2,0,0,2,0,0,0,0,0,0,19,0.0,0,0,1,0,0,3.636842188131012,0,0.20833333333333334,1,1,0.9875692425753015
30,22,0,0,2,0,0,2,0,0,0,0,0,0,25,0.0,1,0,1,0,0,4.0980685120588385,0,0.16666666666666666,0,0,0.009789803984405671
29,22,0,0,2,1,0,2,0,0,0,0,0,0,23,0.0,0,0,1,0,0,3.995237891380887,0,0.20689655172413793,1,1,0.9740134095377749
29,21,0,0,3,0,0,2,0,0,0,0,0,0,23,0.0,1,0,2,0,0,3.978333581185264,0,0.20689655172413793,0,0,0.00893299095139407
34,9,17,0,1,0,0,6,0,0,0,0,0,0,26,0.0,1,0,0,0,0,3.90320806164768,0,0.23529411764705882,1,1,1.0
28,21,0,0,2,0,0,2,0,0,0,0,0,1,22,0.03571428571428571,0,0,1,0,0,3.7943360657504517,0,0.17857142857142858,1,1,0.964203243131282
29,21,0,0,2,0,0,2,0,0,0,0,0,0,24,0.0,1,0,1,0,0,4.030394788231021,0,0.1724137931034483,0,0,0.007035228627687914
22,6,8,0,1,0,0,3,0,0,0,0,0,2,15,0.09090909090909091,1,0,0,0,0,3.7544418457133446,0,0.22727272727272727,1,1,1.0
23,16,0,0,2,0,0,2,0,0,0,0,0,0,18,0.0,0,0,1,0,0,3.8820451081368628,0,0.21739130434782608,1,1,0.9814116439857196
23,15,0,0,2,0,0,2,0,0,0,0,0,0,18,0.0,1,0,1,0,0,3.849223912390625,0,0.21739130434782608,0,0,0.016307470413877676
33,26,0,0,3,0,0,2,0,0,0,0,0,2,25,0.06060606060606061,0,0,2,0,0,4.051821770808045,0,0.18181818181818182,1,1,0.9702176121918831
34,25,1,0,2,0,0,3,0,0,0,0,0,0,28,0.0,1,0,1,0,0,3.9764499732851237,0,0.17647058823529413,1,1,1.0
24,16,0,0,2,0,0,2,0,0,0,0,0,0,19,0.0,1,0,1,0,0,3.772055208874201,0,0.20833333333333334,0,0,0.005417498700028583
23,15,0,0,2,0,0,2,0,0,0,0,0,0,18,0.0,1,0,1,0,0,3.6211755429194716,0,0.21739130434782608,0,0,0.011677131402054149
28,20,0,0,2,0,0,2,0,0,0,0,0,0,23,0.0,1,0,1,0,0,4.039148671903071,0,0.17857142857142858,0,0,0.009044779468121222
42,33,1,0,2,1,0,3,0,0,0,0,0,4,31,0.09523809523809523,1,0,1,0,0,4.153291231890481,0,0.16666666666666666,1,1,1.0
23,16,0,0,2,0,0,2,0,0,0,0,0,0,18,0.0,0,0,1,0,0,3.708132064658602,0,0.21739130434782608,1,1,0.9808552195426523
23,15,0,0,2,0,0,2,0,0,0,0,0,0,18,0.0,1,0,1,0,0,3.6753108689123644,0,0.21739130434782608,0,0,0.009622496680157706
22,15,0,0,2,0,0,2,0,0,0,0,0,0,17,0.0,0,0,1,0,0,3.572623663895164,0,0.22727272727272727,1,1,0.9720013172744082
36,28,1,0,2,0,0,3,0,0,0,0,0,0,30,0.0,0,0,1,0,0,4.099665973303956,0,0.16666666666666666,1,1,1.0
80,19,53,0,1,1,0,5,0,0,0,0,0,8,64,0.1,1,0,0,0,0,4.856198332810095,0,0.1,1,1,1.0
26,19,0,0,2,0,0,2,0,0,0,0,0,0,21,0.0,0,0,1,0,0,3.7192945256669785,0,0.19230769230769232,1,1,0.9920547453623058
31,23,0,0,2,0,0,2,0,0,0,0,0,0,26,0.0,1,0,1,0,0,3.8488846166291197,0,0.16129032258064516,0,0,0.005608950737532108
32,24,0,0,3,0,0,2,0,0,0,0,0,0,26,0.0,1,0,2,0,0,3.757048827786958,0,0.1875,0,0,0.013930933777934223
25,18,0,0,2,0,0,2,0,0,0,0,0,0,20,0.0,0,0,1,0,0,3.8438561897747237,0,0.2,1,1,0.9868456959849959
20,12,0,0,2,0,0,2,0,0,0,0,0,0,15,0.0,1,0,1,0,0,3.584183719779188,0,0.25,0,0,0.006103523061771641
38,30,0,0,2,0,0,2,0,0,0,0,0,0,33,0.0,1,0,1,0,0,3.9483465138316336,0,0.13157894736842105,0,0,0.0036815612471979508
35,27,0,0,3,0,0,2,0,0,0,0,0,0,29,0.0,1,0,2,0,0,4.207435516759525,0,0.17142857142857143,0,0,0.014548055569487009
29,21,0,0,2,0,0,2,0,0,0,0,0,0,24,0.0,1,0,1,0,0,4.280226253673659,0,0.1724137931034483,0,0,0.010814266932090678
32,25,0,0,2,0,0,2,0,0,0,0,0,0,27,0.0,0,0,1,0,0,4.125,0,0.15625,1,1,0.974643826909324
30,22,0,0,3,0,0,2,0,0,0,0,0,0,24,0.0,1,0,2,0,0,4.0062389286533895,0,0.2,0,0,0.012851713376330908
34,26,0,0,2,0,0,2,0,0,0,0,0,0,29,0.0,1,0,1,0,0,3.917626443873359,0,0.14705882352941177,0,0,0.003964106985513404
30,22,0,0,2,0,0,2,0,0,0,0,0,0,25,0.0,1,0,1,0,0,4.098068512058838,0,0.16666666666666666,0,0,0.009789803984405671
31,23,0,0,2,1,0,2,0,0,0,0,0,0,25,0.0,1,0,1,0,0,3.9779168746936358,0,0.1935483870967742,0,0,0.006493220448062673
33,25,0,0,2,0,0,2,0,0,0,0,0,0,28,0.0,1,0,1,0,0,4.0060710131011685,0,0.15151515151515152,0,0,0.006427994994141065
27,19,0,0,3,0,0,2,0,0,0,0,0,1,20,0.037037037037037035,1,0,2,0,0,3.85619629821938,0,0.2222222222222222,0,0,0.10702403158111075
31,22,1,0,2,1,0,3,0,0,0,0,0,4,20,0.12903225806451613,1,0,1,0,0,4.106949132758152,0,0.22580645161290322,1,1,1.0
39,30,1,0,2,1,0,3,0,0,0,0,0,4,28,0.10256410256410256,1,0,1,0,0,4.221049013623096,0,0.1794871794871795,1,1,1.0
23,15,0,0,2,0,0,2,0,0,0,0,0,0,18,0.0,1,0,1,0,0,3.4144413036949732,0,0.21739130434782608,0,0,0.015468721300705328
32,24,0,0,3,0,0,2,0,0,0,0,0,0,26,0.0,1,0,2,0,0,4.030639062229566,0,0.1875,0,0,0.010618737330739416
47,14,26,0,2,0,0,4,0,0,0,2,0,10,28,0.2127659574468085,0,0,1,0,0,4.559804011206073,0,0.19148936170212766,1,1,1.0
25,17,0,0,2,0,0,2,0,0,0,0,0,0,20,0.0,1,0,1,0,0,3.9434651896016466,0,0.2,0,0,0.0025758722558427067
25,17,0,0,2,0,0,2,0,0,0,0,0,0,20,0.0,1,0,1,0,0,3.9736606896881854,0,0.2,0,0,0.0025758722558427067
26,19,0,0,2,1,0,2,0,0,0,0,0,0,20,0.0,0,0,1,0,0,3.8402655651949265,0,0.23076923076923078,1,1,0.9883754974197444
23,16,0,0,2,0,0,2,0,0,0,0,0,0,18,0.0,0,0,1,0,0,3.7950885863977324,0,0.21739130434782608,1,1,0.9808552195426523
30,22,0,0,2,0,0,2,0,0,0,0,0,0,25,0.0,1,0,1,0,0,4.148394345536403,0,0.16666666666666666,0,0,0.009761877488371762
17,10,0,0,2,0,0,2,0,0,0,0,0,3,9,0.17647058823529413,0,0,1,0,0,3.175123135113461,0,0.29411764705882354,1,1,0.9606106796179178
30,22,0,0,2,0,0,2,0,0,0,0,0,0,25,0.0,1,0,1,0,0,3.923231428797621,0,0.16666666666666666,0,0,0.004360213646522737
45,36,1,0,2,3,0,3,0,0,0,0,0,12,24,0.26666666666666666,1,0,1,0,0,4.508193929518776,0,0.2,1,1,1.0
21,14,0,0,2,0,0,2,0,0,0,0,0,0,16,0.0,0,0,1,0,0,3.630412660873999,0,0.23809523809523808,1,1,0.9757794509851898
23,15,0,0,2,0,0,2,0,0,0,0,0,0,18,0.0,1,0,1,0,0,4.0559581516151235,0,0.21739130434782608,0,0,0.01619806817136383
28,20,0,0,2,0,0,2,0,0,0,0,0,0,23,0.0,1,0,1,0,0,4.021640636343319,0,0.17857142857142858,0,0,0.008661724254676852
32,23,1,0,2,2,0,3,0,0,0,0,0,0,24,0.0,1,0,1,0,0,3.9681390622295662,0,0.25,1,1,0.9949179172468328
31,22,1,0,2,1,0,3,0,0,0,0,0,6,18,0.1935483870967742,1,0,1,0,0,4.079376456233205,0,0.22580645161290322,1,1,1.0
30,22,0,0,2,0,0,2,0,0,0,0,0,0,25,0.0,1,0,1,0,0,4.1898980954642875,0,0.16666666666666666,0,0,0.009076757205204527
31,23,0,0,3,0,0,2,0,0,0,0,0,0,25,0.0,1,0,2,0,0,3.9779168746936358,0,0.1935483870967742,0,0,0.008524391928926529
37,28,1,0,2,0,0,3,0,0,0,0,0,3,28,0.08108108108108109,1,0,1,0,0,4.303783770917412,0,0.16216216216216217,1,1,1.0
29,21,0,0,2,0,0,2,0,0,0,0,0,0,24,0.0,1,0,1,0,0,3.6074753914554893,0,0.1724137931034483,0,0,0.0058507400874108755
43,16,19,0,1,0,0,7,0,0,0,0,0,0,34,0.0,1,0,0,0,0,3.829263953235654,0,0.20930232558139536,1,1,1.0
26,18,0,0,2,0,0,2,0,0,0,0,0,0,21,0.0,1,0,1,0,0,3.9021748142117274,0,0.19230769230769232,0,0,0.003727924127110542
26,18,0,0,2,0,0,2,0,0,0,0,0,0,21,0.0,1,0,1,0,0,3.7192945256669785,0,0.19230769230769232,0,0,0.005344884861171762
50,24,18,0,3,1,0,4,0,0,0,0,0,0,41,0.0,1,0,1,0,0,4.353269689515107,0,0.18,1,1,1.0
29,21,0,0,2,0,0,2,0,0,0,0,0,0,24,0.0,1,0,1,0,0,3.853863219997788,0,0.1724137931034483,0,0,0.04962523399580729
110,16,62,0,5,0,1,5,0,0,0,0,1,32,64,0.2909090909090909,1,0,1,0,0,4.916517132187309,0,0.12727272727272726,1,1,1.0
35,27,0,0,3,0,0,2,0,0,0,0,0,0,29,0.0,1,0,2,0,0,4.09314980247381,0,0.17142857142857143,0,0,0.0191674117161059
35,27,0,0,2,0,0,2,0,0,0,0,0,0,30,0.0,1,0,1,0,0,4.185867302411998,0,0.14285714285714285,0,0,0.00611838933866129
31,23,0,0,2,0,0,2,0,0,0,0,0,0,26,0.0,1,0,1,0,0,4.106949132758152,0,0.16129032258064516,0,0,0.005703070177713936
25,17,0,0,2,0,0,2,0,0,0,0,0,0,20,0.0,1,0,1,0,0,3.7834651896016473,0,0.2,0,0,0.0035156030378867015
22,14,0,0,2,0,0,2,0,0,0,0,0,0,17,0.0,1,0,1,0,0,3.879664004902594,0,0.22727272727272727,0,0,0.014859307294805977
30,22,0,0,2,0,0,2,0,0,0,0,0,0,25,0.0,1,0,1,0,0,3.898068512058838,0,0.16666666666666666,0,0,0.005996834651531154
29,21,0,0,2,1,0,2,0,0,0,0,0,0,23,0.0,1,0,1,0,0,3.909368063943885,0,0.20689655172413793,0,0,0.017848387741594758
116,36,72,0,7,1,0,6,0,0,0,0,0,32,69,0.27586206896551724,1,0,5,0,1,4.833841505192094,0,0.12931034482758622,1,1,1.0
31,23,0,0,2,0,0,2,0,0,0,0,0,0,26,0.0,1,0,1,0,0,3.986454374903004,0,0.16129032258064516,0,0,0.004732917317744725
78,30,10,29,3,1,0,3,1,1,0,0,0,2,66,0.02564102564102564,1,0,1,1,0,4.1779966885318425,0,0.1282051282051282,1,1,0.9981582251331212
25,17,0,0,2,0,0,2,0,0,0,0,0,0,20,0.0,1,0,1,0,0,3.843856189774724,0,0.2,0,0,0.00404049405059699
35,27,0,0,3,0,0,2,0,0,0,0,0,0,29,0.0,1,0,2,0,0,4.071581588126283,0,0.17142857142857143,0,0,0.020283930425963694
28,20,0,0,2,0,0,2,0,0,0,0,0,0,23,0.0,1,0,1,0,0,3.794336065750451,0,0.17857142857142858,0,0,0.006674398024375193
63,13,16,25,2,0,0,7,1,1,0,0,1,0,50,0.0,1,0,0,1,1,4.246966734758733,0,0.20634920634920634,1,1,1.0
51,42,1,0,2,2,0,3,0,0,0,0,0,0,43,0.0,1,0,1,0,0,4.1202437839571795,0,0.1568627450980392,1,1,1.0
30,22,0,0,2,0,0,2,0,0,0,0,0,0,25,0.0,1,0,1,0,0,3.856564762130954,0,0.16666666666666666,0,0,0.005201514974552918
31,23,0,0,2,0,0,2,0,0,0,0,0,0,26,0.0,1,0,1,0,0,4.106949132758152,0,0.16129032258064516,0,0,0.005703070177713936
21,13,0,0,2,0,0,2,0,0,0,0,0,0,16,0.0,1,0,1,0,0,3.784941827437643,0,0.23809523809523808,0,0,0.022685964972047966
76,28,40,0,2,0,0,4,0,0,0,0,0,6,63,0.07894736842105263,1,0,1,0,0,4.729715961006031,0,0.09210526315789473,1,1,1.0
22,15,0,0,2,0,0,2,0,0,0,0,0,0,17,0.0,0,0,1,0,0,3.8796640049025943,0,0.22727272727272727,1,1,0.974464499330266
32,24,0,0,2,0,0,2,0,0,0,0,0,0,27,0.0,1,0,1,0,0,4.202819531114783,0,0.15625,0,0,0.009917123761837881
24,17,0,0,2,0,0,2,0,0,0,0,0,0,19,0.0,0,0,1,0,0,3.886842188131012,0,0.20833333333333334,1,1,0.9894817563695597
36,27,1,0,2,0,0,3,0,0,0,0,0,2,28,0.05555555555555555,1,0,1,0,0,4.17619062614183,0,0.16666666666666666,1,1,1.0
21,13,0,0,2,0,0,2,0,0,0,0,0,0,16,0.0,1,0,1,0,0,3.558518613048906,0,0.23809523809523808,0,0,0.010524297992008323
22,14,0,0,2,0,0,2,0,0,0,0,0,1,16,0.045454545454545456,1,0,1,0,0,3.754441845713345,0,0.22727272727272727,0,0,0.011941759120485155
31,23,0,0,2,0,0,2,0,0,0,0,0,0,26,0.0,1,0,1,0,0,3.8087196973440705,0,0.16129032258064516,0,0,0.0051228209746506026
21,13,0,0,2,0,0,2,0,0,0,0,0,0,16,0.0,1,0,1,0,0,3.463280517810811,0,0.23809523809523808,0,0,0.011092273151606446
58,51,0,0,5,4,0,2,0,0,0,0,0,6,40,0.10344827586206896,0,0,4,0,0,4.3858417195197426,1,0.20689655172413793,1,1,1.0
22,14,0,0,2,0,0,2,0,0,0,0,0,0,17,0.0,1,0,1,0,0,3.754441845713345,0,0.22727272727272727,0,0,0.022352039536623132
98,31,52,6,4,1,0,5,1,1,0,0,0,21,64,0.21428571428571427,1,0,2,1,1,4.636929488974108,0,0.1326530612244898,1,1,1.0
31,22,1,0,2,1,0,3,0,0,0,0,0,1,23,0.03225806451612903,1,0,1,0,0,4.042433003725894,0,0.22580645161290322,1,1,1.0
25,17,0,0,2,0,0,2,0,0,0,0,0,0,20,0.0,1,0,1,0,0,3.703465189601647,0,0.2,0,0,0.0034251323831568465
76,41,27,0,3,4,0,6,0,0,0,0,0,5,57,0.06578947368421052,1,0,1,0,0,4.3669839686994925,0,0.18421052631578946,1,1,1.0
27,19,0,0,2,0,0,2,0,0,0,0,0,0,22,0.0,1,0,1,0,0,3.810081020521731,0,0.18518518518518517,0,0,0.0047897255340691594
23,15,0,0,2,0,0,2,0,0,0,0,0,3,15,0.13043478260869565,1,0,1,0,0,3.849223912390625,0,0.21739130434782608,0,0,0.024110491465530518
26,18,0,0,2,0,0,2,0,0,0,0,0,0,21,0.0,1,0,1,0,0,3.9790978911348045,0,0.19230769230769232,0,0,0.004194649840584041
28,20,0,0,2,1,0,2,0,0,0,0,0,0,22,0.0,1,0,1,0,0,3.94075983254009,0,0.21428571428571427,0,0,0.021297190019961082
26,18,0,0,2,0,0,2,0,0,0,0,0,0,21,0.0,1,0,1,0,0,4.056020968057881,0,0.19230769230769232,0,0,0.0058260547090382715
32,25,0,0,2,0,0,2,0,0,0,0,0,0,27,0.0,0,0,1,0,0,4.015319531114783,0,0.15625,1,1,0.9743268699343762
26,18,0,0,2,0,0,2,0,0,0,0,0,0,21,0.0,1,0,1,0,0,4.132944044980958,0,0.19230769230769232,0,0,0.007033282331541619
404,12,21,363,7,5,1,10,1,8,7,0,0,66,288,0.16336633663366337,0,1,2,8,3,5.25623190529158,0,0.12376237623762376,1,1,1.0
27,19,0,0,2,0,0,2,0,0,0,0,0,0,22,0.0,1,0,1,0,0,3.986187965046304,0,0.18518518518518517,0,0,0.005086770973511688
27,19,0,0,2,1,0,2,0,0,0,0,0,0,21,0.0,1,0,1,0,0,3.782122224145306,0,0.2222222222222222,0,0,0.020968168468557716
52,44,0,0,3,0,0,2,0,0,0,0,0,2,44,0.038461538461538464,1,0,2,0,0,4.303724516543193,0,0.11538461538461539,1,1,0.8325104339784822
34,26,0,0,2,0,0,2,0,0,0,0,0,0,29,0.0,1,0,1,0,0,4.219528282299547,0,0.14705882352941177,0,0,0.04490249724302077
61,25,29,0,3,1,0,6,0,0,0,0,0,4,46,0.06557377049180328,0,0,2,0,0,4.337974788446959,0,0.18032786885245902,1,1,1.0
35,27,0,0,2,1,0,2,0,0,0,0,0,0,29,0.0,1,0,1,0,0,4.01158543183743,0,0.17142857142857143,0,0,0.019036520010783296
41,32,1,0,2,2,0,3,0,0,0,0,0,0,33,0.0,1,0,1,0,0,3.9907446871227723,0,0.1951219512195122,1,1,1.0
21,13,0,0,2,0,0,2,0,0,0,0,0,0,16,0.0,1,0,1,0,0,3.5944656369614525,0,0.23809523809523808,0,0,0.010524297992008323
25,16,1,0,2,0,0,3,0,0,0,0,0,1,18,0.04,1,0,1,0,0,3.7230741894285697,0,0.24,1,1,0.9978406500337498
34,26,0,0,2,0,0,2,0,0,0,0,0,0,29,0.0,1,0,1,0,0,3.9146892241642446,0,0.14705882352941177,0,0,0.003964106985513404
21,14,0,0,3,0,0,2,0,0,0,0,0,0,15,0.0,0,0,2,0,0,3.558518613048906,0,0.2857142857142857,1,1,0.9690839348099166
38,26,5,0,1,0,0,3,0,0,0,0,0,0,33,0.0,0,0,0,0,0,4.083067973799101,0,0.13157894736842105,1,1,1.0
19,12,0,0,2,0,0,2,0,0,0,0,0,0,14,0.0,0,0,1,0,0,3.6818808028034025,0,0.2631578947368421,1,1,0.9752437241778861
34,26,0,0,2,0,0,2,0,0,0,0,0,0,29,0.0,1,0,1,0,0,3.866587105828959,0,0.14705882352941177,0,0,0.005274568119807398
30,23,0,0,2,0,0,2,0,0,0,0,0,0,25,0.0,0,0,1,0,0,3.9647351787255043,0,0.16666666666666666,1,1,0.9831585348215474
32,24,0,0,3,0,0,2,0,0,0,0,0,0,26,0.0,1,0,2,0,0,4.093139062229566,0,0.1875,1,0,0.012025930327784469
32,24,0,0,2,0,0,2,0,0,0,0,0,0,27,0.0,1,0,1,0,0,3.890319531114783,0,0.15625,0,0,0.016831985955774873
40,31,1,0,2,2,0,3,0,0,0,0,0,6,26,0.15,1,0,1,0,0,4.484183719779188,0,0.2,1,1,1.0
24,16,0,0,2,0,0,2,0,0,0,0,0,0,19,0.0,1,0,1,0,0,3.8868421881310122,0,0.20833333333333334,0,0,0.005295858157184312
34,27,0,0,3,0,0,2,0,0,0,0,0,0,28,0.0,0,0,2,0,0,3.9957153271690524,0,0.17647058823529413,1,1,0.9856715370042762
18,10,0,0,2,0,0,2,0,0,0,0,0,0,13,0.0,1,0,1,0,0,2.974937501201927,0,0.2777777777777778,0,0,0.006205352041869574
24,16,0,0,2,0,0,2,0,0,0,0,0,0,19,0.0,1,0,1,0,0,3.6368421881310122,0,0.20833333333333334,0,0,0.006141593138909664
36,27,1,0,1,2,0,3,0,0,0,0,0,0,29,0.0,1,0,0,0,0,3.9539684039196072,0,0.19444444444444445,1,1,1.0
62,33,1,20,3,0,0,3,1,1,0,0,0,7,46,0.11290322580645161,0,0,1,1,0,4.566885528639378,0,0.14516129032258066,1,1,1.0
34,26,0,0,2,0,0,2,0,0,0,0,0,0,29,0.0,1,0,1,0,0,4.057476076289931,0,0.14705882352941177,0,0,0.006249983805221498
22,14,0,0,2,0,0,2,0,0,0,0,0,0,17,0.0,1,0,1,0,0,3.788754913993503,0,0.22727272727272727,0,0,0.01743044864218114
21,13,0,0,2,0,0,2,0,0,0,0,0,0,16,0.0,1,0,1,0,0,3.689703732199548,0,0.23809523809523808,0,0,0.01188759383569943
32,25,0,0,2,0,0,2,0,0,0,0,0,0,27,0.0,0,0,1,0,0,3.882048827786958,0,0.15625,1,1,0.9769395541520942
26,18,0,0,2,0,0,2,0,0,0,0,0,0,21,0.0,1,0,1,0,0,3.950063756436209,0,0.19230769230769232,0,0,0.0032517506120185355
21,13,0,0,2,0,0,2,0,0,0,0,0,0,16,0.0,1,0,1,0,0,3.880179922675738,0,0.23809523809523808,0,0,0.013643109196132819
29,21,0,0,2,0,0,2,0,0,0,0,0,0,24,0.0,1,0,1,0,0,3.8833374604210067,0,0.1724137931034483,0,0,0.007443761570009687
24,16,0,0,2,0,0,2,0,0,0,0,0,1,18,0.041666666666666664,1,0,1,0,0,3.7720552088742005,0,0.20833333333333334,0,0,0.01412247325068553
34,27,0,0,2,1,0,2,0,0,0,0,0,0,28,0.0,0,0,1,0,0,4.278351811711312,0,0.17647058823529413,1,1,0.9334734392353855
25,18,0,0,2,1,0,2,0,0,0,0,0,0,19,0.0,0,0,1,0,0,3.783465189601647,0,0.24,1,1,0.9857167597780585
64,33,1,21,2,0,0,3,1,1,0,0,0,32,24,0.5,1,0,1,1,0,4.397368358901741,0,0.125,1,1,1.0
23,16,0,0,2,0,0,2,0,0,0,0,0,0,18,0.0,0,0,1,0,0,3.7622673906514947,0,0.21739130434782608,1,1,0.9808552195426523
48,39,1,0,2,3,0,3,0,0,0,0,0,2,37,0.041666666666666664,1,0,1,0,0,4.215199876515856,0,0.1875,1,1,1.0
37,28,1,0,2,1,0,3,0,0,0,0,0,1,29,0.02702702702702703,1,0,1,0,0,3.91555328506335,0,0.1891891891891892,1,1,1.0
46,37,1,0,3,0,0,3,0,0,0,0,0,4,35,0.08695652173913043,1,0,2,0,0,4.251185325340038,0,0.15217391304347827,1,1,1.0
26,18,0,0,2,0,0,2,0,0,0,0,0,0,21,0.0,1,0,1,0,0,3.8441065448145375,0,0.19230769230769232,0,0,0.005665991885823571
44,22,15,0,1,1,0,4,0,0,0,0,0,0,37,0.0,0,0,0,0,1,3.9994581877843998,0,0.1590909090909091,1,1,1.0
23,16,0,0,2,0,0,2,0,0,0,0,0,0,18,0.0,0,0,1,0,0,3.6424896731661267,0,0.21739130434782608,1,1,0.9790874699052539
70,57,5,0,2,7,0,3,0,0,0,0,0,8,49,0.11428571428571428,1,0,1,0,0,4.51771158908104,1,0.18571428571428572,1,1,1.0
130,14,16,91,2,2,0,4,1,4,3,0,0,49,64,0.3769230769230769,1,0,0,4,0,4.897873514430228,0,0.13076923076923078,1,1,1.0
46,38,0,0,2,0,0,2,0,0,0,0,0,0,41,0.0,1,0,1,0,0,4.137161140604462,0,0.10869565217391304,0,0,0.0666473305052547
24,16,0,0,2,0,0,2,0,0,0,0,0,0,19,0.0,1,0,1,0,0,3.7720552088742005,0,0.20833333333333334,0,0,0.005417498700028583
46,37,1,0,2,4,0,3,0,0,0,0,0,0,36,0.0,1,0,1,0,1,4.205536075989825,0,0.21739130434782608,1,1,0.9993435164750069
32,24,0,0,2,0,0,2,0,0,0,0,0,0,27,0.0,1,0,1,0,0,4.140319531114783,0,0.15625,0,0,0.008196255533179382
24,16,0,0,2,0,0,2,0,0,0,0,0,0,19,0.0,1,0,1,0,0,3.772055208874201,0,0.20833333333333334,0,0,0.005417498700028583
214,16,32,157,2,0,1,6,1,3,2,0,0,76,122,0.35514018691588783,1,0,0,3,1,4.723308910429902,0,0.07476635514018691,1,1,1.0
28,21,0,0,3,0,0,2,0,0,0,0,0,0,22,0.0,0,0,2,0,0,3.8962915290459277,0,0.21428571428571427,1,1,0.9777732558620804
44,35,1,0,2,3,0,3,0,0,0,0,0,4,31,0.09090909090909091,1,0,1,0,0,4.308768198567055,0,0.20454545454545456,1,1,1.0
26,18,0,0,2,0,0,2,0,0,0,0,0,0,21,0.0,1,0,1,0,0,3.825251737288651,0,0.19230769230769232,0,0,0.017886606571311466
92,19,65,0,1,1,0,4,0,0,0,0,0,9,76,0.09782608695652174,1,0,0,0,0,4.826680065421635,0,0.07608695652173914,1,1,1.0
27,19,0,0,2,0,0,2,0,0,0,0,0,0,22,0.0,1,0,1,0,0,3.958229168669879,0,0.18518518518518517,0,0,0.005016375113258696
30,23,0,0,2,0,0,2,0,0,0,0,0,0,25,0.0,0,0,1,0,0,3.9647351787255047,0,0.16666666666666666,1,1,0.9831585348215474
32,24,0,0,2,0,0,2,0,0,0,0,0,0,27,0.0,1,0,1,0,0,3.9681390622295662,0,0.15625,0,0,0.008928299707288402
29,21,0,0,2,0,0,2,0,0,0,0,0,0,24,0.0,1,0,1,0,0,4.0472990984266435,0,0.1724137931034483,0,0,0.0080522095047739
30,23,0,0,3,0,0,2,0,0,0,0,0,4,20,0.13333333333333333,0,0,2,0,0,4.0980685120588385,0,0.2,1,1,0.9993435164750069
28,20,0,0,3,0,0,2,0,0,0,0,0,0,22,0.0,1,0,2,0,0,4.083616975397233,0,0.21428571428571427,0,0,0.008733683401884958
24,16,0,0,2,1,0,2,0,0,0,0,0,0,18,0.0,1,0,1,0,0,3.688721875540867,0,0.25,0,0,0.02945314336020554
19,12,0,0,2,0,0,2,0,0,0,0,0,0,14,0.0,0,0,1,0,0,3.4713544870139295,0,0.2631578947368421,1,1,0.9846342486996992
18,10,0,0,2,0,0,2,0,0,0,0,0,2,11,0.1111111111111111,1,0,1,0,0,3.4613201402110083,0,0.2777777777777778,0,0,0.11715893869229342
24,16,0,0,3,0,0,2,0,0,0,0,0,0,18,0.0,1,0,2,0,0,3.6572682296173893,0,0.25,0,0,0.007082156684983463
22,15,0,0,2,0,0,2,0,0,0,0,0,0,17,0.0,0,0,1,0,0,3.8796640049025934,0,0.22727272727272727,1,1,0.974464499330266
32,24,0,0,2,0,0,2,0,0,0,0,0,0,27,0.0,1,0,1,0,0,4.015319531114783,0,0.15625,0,0,0.008725304306328108
22,14,0,0,2,1,0,2,0,0,0,0,0,0,16,0.0,1,0,1,0,0,3.663532754804254,0,0.2727272727272727,0,0,0.01952155779537043
37,28,1,0,2,1,0,3,0,0,0,0,0,0,30,0.0,1,0,1,0,0,4.208924987016683,0,0.1891891891891892,1,1,0.9933333333333333
34,25,1,0,2,1,0,3,0,0,0,0,0,6,21,0.17647058823529413,1,0,1,0,0,4.373796296941798,0,0.20588235294117646,1,1,1.0
34,5,22,0,1,0,0,3,0,0,0,0,0,0,29,0.0,0,0,0,0,0,3.947613208833767,0,0.14705882352941177,1,1,1.0
22,14,0,0,2,0,0,2,0,0,0,0,0,0,17,0.0,1,0,1,0,1,3.5726236638951643,0,0.22727272727272727,0,0,0.07652355751488861
51,44,0,0,4,2,0,2,0,0,0,0,0,0,42,0.0,0,0,3,0,0,4.110685332329446,0,0.17647058823529413,1,1,0.9904592196398087
27,19,0,0,3,0,0,2,0,0,0,0,0,0,21,0.0,1,0,2,0,0,3.9302703722934544,0,0.2222222222222222,0,0,0.009775963082888346
29,22,0,0,2,0,0,2,0,0,0,0,0,0,24,0.0,0,0,1,0,0,4.306256857196539,0,0.1724137931034483,1,1,0.9854637918219454
663,18,121,515,2,12,0,7,1,1,0,0,0,122,517,0.18401206636500755,1,0,1,1,1,5.139372414969317,0,0.03619909502262444,1,1,1.0
24,17,0,0,2,0,0,2,0,0,0,0,0,0,19,0.0,0,0,1,0,0,3.4072682296173893,0,0.20833333333333334,1,1,0.9742318357606513
40,31,1,0,2,1,0,3,0,0,0,0,0,1,32,0.025,1,0,1,0,0,4.175070520364182,0,0.175,1,1,1.0
21,14,0,0,2,0,0,2,0,0,0,0,0,0,16,0.0,0,0,1,0,0,3.5585186130489057,0,0.23809523809523808,1,1,0.9757794509851898
31,23,0,0,2,0,0,2,0,0,0,0,0,0,26,0.0,1,0,1,0,0,4.039211536948156,0,0.16129032258064516,0,0,0.005310445388312812
26,17,1,0,2,2,0,3,0,0,0,0,0,1,17,0.038461538461538464,1,0,1,0,0,3.8731406795131327,0,0.3076923076923077,1,1,0.9966666666666667
42,34,1,0,5,0,0,3,0,0,0,0,0,3,30,0.07142857142857142,0,0,4,0,0,4.250075316801687,0,0.21428571428571427,1,1,1.0
25,18,0,0,2,0,0,2,0,0,0,0,0,0,20,0.0,0,0,1,0,0,3.6234651896016468,0,0.2,1,1,0.9881721576125034
121,29,20,64,4,7,0,8,1,1,0,0,0,7,91,0.05785123966942149,0,0,0,1,0,4.7851842582424196,0,0.19008264462809918,1,1,1.0
21,13,0,0,2,0,0,2,0,0,0,0,0,0,16,0.0,1,0,1,0,0,3.499227541723357,0,0.23809523809523808,0,0,0.01049770034854723
25,17,0,0,2,1,0,2,0,0,0,0,0,0,19,0.0,1,0,1,0,0,3.973660689688185,0,0.24,0,0,0.007534766774693109
30,22,0,0,2,0,0,2,0,0,0,0,0,0,25,0.0,1,0,1,0,0,3.8695767463163935,0,0.16666666666666666,0,0,0.006831811470352306
48,20,21,0,2,0,0,5,0,0,0,0,0,4,36,0.08333333333333333,0,0,1,0,0,4.504247855285172,0,0.16666666666666666,1,1,1.0
21,13,0,0,2,0,0,2,0,0,0,0,0,2,14,0.09523809523809523,1,0,1,0,0,3.880179922675738,0,0.23809523809523808,0,0,0.07315354307401112
22,14,0,0,2,0,0,2,0,0,0,0,0,0,17,0.0,1,0,1,0,0,3.788754913993503,0,0.22727272727272727,0,0,0.01743044864218114
22,15,0,0,2,0,0,2,0,0,0,0,0,0,17,0.0,0,0,1,0,0,3.8796640049025934,0,0.22727272727272727,1,1,0.974464499330266
34,26,0,0,2,0,0,2,0,0,0,0,0,0,29,0.0,1,0,1,0,0,4.057476076289932,0,0.14705882352941177,0,0,0.006249983805221498
33,26,0,0,3,0,0,2,0,0,0,0,0,0,27,0.0,0,0,2,0,0,3.957294029027326,0,0.18181818181818182,1,1,0.9877026633949169
20,12,0,0,2,0,0,2,0,0,0,0,0,0,15,0.0,1,0,1,0,0,3.5464393446710147,0,0.25,0,0,0.005799058396048044
37,29,0,0,2,0,0,2,0,0,0,0,0,0,32,0.0,1,0,1,0,0,3.9927087708004674,0,0.13513513513513514,0,0,0.0021777571466529
21,13,0,0,2,0,0,2,0,0,0,0,0,0,16,0.0,1,0,1,0,0,3.6897037321995474,0,0.23809523809523808,0,0,0.01188759383569943
26,18,0,0,2,0,0,2,0,0,0,0,0,0,21,0.0,1,0,1,0,0,3.661226256269789,0,0.19230769230769232,0,0,0.004401991455395189
21,13,0,0,2,0,0,2,0,0,0,0,0,1,15,0.047619047619047616,1,0,1,0,0,3.7849418274376427,0,0.23809523809523808,0,0,0.24966322205171565
21,13,0,0,2,0,0,2,0,0,0,0,0,0,16,0.0,1,0,1,0,0,3.5944656369614525,0,0.23809523809523808,1,0,0.010524297992008323
59,42,9,0,2,2,0,4,0,0,0,0,0,7,43,0.11864406779661017,1,0,1,0,1,4.493688186614819,0,0.15254237288135594,1,1,1.0
37,28,1,0,2,0,0,3,0,0,0,0,0,3,28,0.08108108108108109,1,0,1,0,0,4.303783770917412,0,0.16216216216216217,1,1,1.0
29,22,0,0,3,0,0,2,0,0,0,0,0,0,23,0.0,0,0,2,0,0,3.9523029776623857,0,0.20689655172413793,1,1,0.9818176511552046
35,27,0,0,2,0,0,2,0,0,0,0,0,0,30,0.0,1,0,1,0,0,4.207435516759525,0,0.14285714285714285,0,0,0.011551279113210813
27,19,0,0,2,0,0,2,0,0,0,0,0,0,22,0.0,1,0,1,0,0,3.8380398168981555,0,0.18518518518518517,0,0,0.006043732008081724
19,11,0,0,2,0,0,2,0,0,0,0,0,0,14,0.0,1,0,1,0,0,3.326360407952694,0,0.2631578947368421,0,0,0.003483505614106025
26,18,0,0,3,0,0,2,0,0,0,0,0,0,20,0.0,1,0,2,0,0,4.026986833359286,0,0.23076923076923078,0,0,0.007448438982548911
24,16,0,0,2,1,0,2,0,0,0,0,0,0,18,0.0,1,0,1,0,0,3.772055208874201,0,0.25,0,0,0.019975524928817635
33,26,0,0,3,0,0,2,0,0,0,0,0,3,24,0.09090909090909091,0,0,2,0,0,4.142138437212473,0,0.18181818181818182,1,1,0.9785868583381673
28,21,0,0,2,0,0,2,0,0,0,0,0,0,23,0.0,0,0,1,0,0,3.8962915290459286,0,0.17857142857142858,1,1,0.9815818709235551
38,18,12,0,2,0,0,4,0,0,0,0,0,0,31,0.0,1,0,1,0,0,3.997670276487613,0,0.18421052631578946,1,1,1.0
18,10,0,0,2,0,0,2,0,0,0,0,0,0,13,0.0,1,0,1,0,0,3.30827083453526,0,0.2777777777777778,0,0,0.0028720187085362423
35,27,1,0,3,1,0,3,0,0,0,0,0,0,27,0.0,0,0,2,0,0,4.071581588126283,0,0.22857142857142856,1,1,1.0
30,22,0,0,2,0,0,2,0,0,0,0,0,0,25,0.0,1,0,1,0,0,4.148394345536403,0,0.16666666666666666,0,0,0.009761877488371762
30,22,0,0,2,0,0,2,0,0,0,0,0,0,25,0.0,1,0,1,0,0,4.056564762130954,0,0.16666666666666666,0,0,0.007731188722957833
23,15,0,0,2,0,0,2,0,0,0,0,0,0,18,0.0,1,0,1,0,0,3.7950885863977324,0,0.21739130434782608,0,0,0.011731102673641447
28,20,1,0,1,0,0,3,0,0,0,0,0,0,23,0.0,0,0,0,0,0,3.7264741182543752,0,0.17857142857142858,1,1,1.0
28,20,0,0,2,0,0,2,0,0,0,0,0,0,23,0.0,1,0,1,0,0,4.012188403968661,0,0.17857142857142858,0,0,0.008610526589804946
26,18,0,0,2,0,0,2,0,0,0,0,0,0,21,0.0,1,0,1,0,0,3.5944825065194204,0,0.19230769230769232,0,0,0.00660245893909252
30,22,1,0,2,1,0,3,0,0,0,0,0,6,17,0.2,0,0,1,0,0,4.1898980954642875,0,0.23333333333333334,1,1,1.0
27,20,0,0,2,0,0,2,0,0,0,0,0,0,22,0.0,0,0,1,0,0,3.8841550945958048,0,0.18518518518518517,1,1,0.9776876926050001
18,10,0,0,2,0,0,2,0,0,0,0,0,0,13,0.0,1,0,1,0,0,3.4613201402110083,0,0.2777777777777778,0,0,0.0041895600508676375
23,16,0,0,2,0,0,2,0,0,0,0,0,0,18,0.0,0,0,1,0,0,3.7950885863977324,0,0.21739130434782608,1,1,0.9808552195426523
125,16,70,30,4,0,1,5,1,1,0,0,1,32,79,0.256,1,0,1,1,1,4.943048086162235,0,0.112,1,1,1.0
37,19,10,0,1,3,0,5,0,0,0,0,0,0,27,0.0,1,0,0,0,0,4.1317695012795665,0,0.2702702702702703,1,1,0.9966666666666667
22,14,0,0,3,0,0,2,0,0,0,0,0,0,16,0.0,1,0,2,0,0,3.5383105956150063,0,0.2727272727272727,0,0,0.0058153346603093915
26,18,0,0,2,0,0,2,0,0,0,0,0,0,21,0.0,1,0,1,0,0,3.9500637564362093,0,0.19230769230769232,0,0,0.0032517506120185355
25,17,0,0,2,0,0,2,0,0,0,0,0,0,20,0.0,1,0,1,0,0,3.9736606896881854,0,0.2,0,0,0.0025758722558427067
92,39,45,0,2,5,0,8,0,0,0,0,0,0,76,0.0,1,0,1,0,1,4.360693484951234,0,0.17391304347826086,1,1,1.0
34,26,0,0,3,1,0,2,0,0,0,0,0,0,27,0.0,1,0,2,0,0,4.057476076289931,0,0.20588235294117646,0,0,0.029407665378661914
23,16,0,0,2,0,0,2,0,0,0,0,0,0,18,0.0,0,0,1,0,0,3.7622673906514947,0,0.21739130434782608,1,1,0.9808552195426523
20,11,1,0,1,0,0,3,0,0,0,0,0,0,15,0.0,1,0,0,0,0,3.6841837197791887,0,0.25,1,1,1.0
27,18,1,0,2,0,0,3,0,0,0,0,0,2,19,0.07407407407407407,1,0,1,0,0,4.032303242743953,0,0.2222222222222222,1,1,1.0
27,20,0,0,2,0,0,2,0,0,0,0,0,1,21,0.037037037037037035,0,0,1,0,0,4.032303242743953,0,0.18518518518518517,1,1,0.9305914008855276
39,30,1,0,2,1,0,3,0,0,0,0,0,2,30,0.05128205128205128,1,0,1,0,0,4.368108949354111,0,0.1794871794871795,1,1,1.0
25,17,0,0,3,0,0,2,0,0,0,0,0,0,19,0.0,1,0,2,0,0,3.913269689515108,0,0.24,0,0,0.004331584391742369
31,24,0,0,2,0,0,2,0,0,0,0,0,0,26,0.0,0,0,1,0,0,3.7811470208191236,0,0.16129032258064516,1,1,0.9720061278126491
24,16,0,0,2,0,0,2,0,0,0,0,0,0,19,0.0,1,0,1,0,0,3.501629167387823,0,0.20833333333333334,0,0,0.011461146001285344
22,14,0,0,2,0,0,2,0,0,0,0,0,0,17,0.0,1,0,1,0,0,3.6978458230844127,0,0.22727272727272727,0,0,0.014792267275827395
35,27,0,0,2,0,0,2,0,0,0,0,0,0,30,0.0,1,0,1,0,0,4.150292659616668,0,0.14285714285714285,0,0,0.005577035227448294
26,18,0,0,2,0,0,2,0,0,0,0,0,0,21,0.0,1,0,1,0,0,3.671405583442497,0,0.19230769230769232,0,0,0.004401991455395189
103,29,7,58,1,3,0,5,1,3,1,0,0,8,79,0.07766990291262135,1,0,0,2,0,4.991730140047415,0,0.1553398058252427,1,1,1.0
27,19,0,0,2,0,0,2,0,0,0,0,0,0,22,0.0,1,0,1,0,0,3.958229168669879,0,0.18518518518518517,0,0,0.005016375113258696
66,38,21,0,5,0,0,4,0,0,0,0,0,2,54,0.030303030303030304,0,0,3,0,0,4.367072537476066,0,0.15151515151515152,1,1,1.0
24,16,0,0,2,1,0,2,0,0,0,0,0,0,18,0.0,1,0,1,0,0,3.7201755214643453,0,0.25,0,0,0.029033835532330066
27,19,0,0,2,0,0,2,0,0,0,0,0,0,22,0.0,1,0,1,0,0,3.8841550945958043,0,0.18518518518518517,0,0,0.005675347800511108
45,19,18,0,2,0,0,5,0,0,0,0,0,11,26,0.24444444444444444,1,0,1,0,0,4.7114216412460355,0,0.17777777777777778,1,1,1.0
29,21,0,0,2,0,0,2,0,0,0,0,0,0,24,0.0,1,0,1,0,0,3.909368063943884,0,0.1724137931034483,0,0,0.004970814269591249
25,17,0,0,2,0,0,2,0,0,0,0,0,0,20,0.0,1,0,1,0,0,3.5932696895151075,0,0.2,0,0,0.0036561978575754997
25,17,0,0,2,0,0,2,0,0,0,0,0,0,20,0.0,1,0,1,0,0,3.8936606896881854,0,0.2,0,0,0.0030593884458796385
37,28,1,0,2,1,0,3,0,0,0,0,0,3,27,0.08108108108108109,1,0,1,0,0,4.357837824971465,0,0.1891891891891892,1,1,1.0
28,20,0,0,2,1,0,2,0,0,0,0,0,0,22,0.0,1,0,1,0,0,3.967720100474499,0,0.21428571428571427,0,0,0.0171076538562559
20,13,0,0,2,0,0,2,0,0,0,0,0,0,15,0.0,0,0,1,0,0,3.7841837197791888,0,0.25,1,1,0.9824995304944241
31,24,0,0,2,0,0,2,0,0,0,0,0,0,26,0.0,0,0,1,0,0,3.8646983261669603,0,0.16129032258064516,1,1,0.9777392301285024
22,14,0,0,2,1,0,2,0,0,0,0,0,0,16,0.0,1,0,1,0,0,3.7544418457133455,0,0.2727272727272727,0,0,0.018223010603548292
27,20,0,0,2,0,0,2,0,0,0,0,0,0,22,0.0,0,0,1,0,0,3.9302703722934544,0,0.18518518518518517,1,1,0.9832393115907574
31,23,0,0,2,0,0,2,0,0,0,0,0,0,26,0.0,1,0,1,0,0,3.9864543749030035,0,0.16129032258064516,0,0,0.004732917317744725
27,20,0,0,2,1,0,2,0,0,0,0,0,0,21,0.0,0,0,1,0,0,3.85619629821938,0,0.2222222222222222,1,1,0.9826161263785095
23,16,0,0,2,0,0,2,0,0,0,0,0,0,18,0.0,0,0,1,0,0,3.534219021180341,0,0.21739130434782608,1,1,0.9816947751163637
26,18,0,0,2,0,0,2,0,0,0,0,0,0,21,0.0,1,0,1,0,0,3.8252517372886503,0,0.19230769230769232,0,0,0.017886606571311466
27,19,0,0,2,0,0,2,0,0,0,0,0,0,22,0.0,1,0,1,0,0,4.060262039120378,0,0.18518518518518517,0,0,0.011615360845647432
29,21,0,0,2,0,0,2,0,0,0,0,0,0,24,0.0,1,0,1,0,0,4.0472990984266435,0,0.1724137931034483,0,0,0.0080522095047739
30,22,0,0,2,0,0,2,0,0,0,0,0,0,25,0.0,1,0,1,0,0,3.8314018453921714,0,0.16666666666666666,0,0,0.007180410255266293
32,24,0,0,3,0,0,2,0,0,0,0,0,0,26,0.0,1,0,2,0,0,3.9056390622295662,0,0.1875,0,0,0.010022247493428879
23,15,0,0,3,0,0,2,0,0,0,0,0,0,17,0.0,1,0,2,0,0,3.7622673906514943,0,0.2608695652173913,0,0,0.009279386441678156
24,16,0,0,2,0,0,2,0,0,0,0,0,0,19,0.0,1,0,1,0,0,3.688721875540867,0,0.20833333333333334,0,0,0.017097303856533737
30,23,0,0,2,0,0,2,0,0,0,0,0,0,25,0.0,0,0,1,0,1,3.7735572622751854,0,0.16666666666666666,1,1,0.9601751020671216
20,12,0,0,2,0,0,2,0,0,0,0,0,0,15,0.0,1,0,1,0,0,3.5841837197791886,0,0.25,0,0,0.006103523061771641
21,13,0,0,2,0,0,2,0,0,0,0,0,0,16,0.0,1,0,1,0,0,3.689703732199548,0,0.23809523809523808,0,0,0.01188759383569943
34,26,0,0,3,1,0,2,0,0,0,0,0,0,27,0.0,1,0,2,0,0,4.013070929103845,0,0.20588235294117646,0,0,0.028177685038690926
24,16,0,0,3,0,0,2,0,0,0,0,0,0,18,0.0,1,0,2,0,0,3.7720552088742005,0,0.25,0,0,0.006595560576764235
69,18,43,0,2,0,0,5,0,0,0,0,0,0,61,0.0,1,0,0,0,0,4.081128581242941,0,0.11594202898550725,1,1,0.9933333333333333
37,30,0,0,4,0,0,2,0,0,0,0,0,1,29,0.02702702702702703,0,0,3,0,0,4.100816878908575,0,0.1891891891891892,1,1,0.9864338388984858
25,17,0,0,2,0,0,2,0,0,0,0,0,0,20,0.0,1,0,1,0,0,3.673269689515108,0,0.2,0,0,0.003320223633697498
29,22,0,0,3,0,0,2,0,0,0,0,0,0,23,0.0,0,0,2,0,0,3.689901581992151,0,0.20689655172413793,1,1,0.9731749914533988
40,31,1,0,2,1,0,3,0,0,0,0,0,0,33,0.0,1,0,1,0,0,3.9086949695628412,0,0.175,1,1,0.9966666666666667
92,14,27,43,6,0,1,4,1,2,1,0,0,33,42,0.358695652173913,0,1,2,2,1,4.742191937287476,0,0.18478260869565216,1,1,1.0
24,16,0,0,2,0,0,2,0,0,0,0,0,0,19,0.0,1,0,1,0,0,3.7720552088742005,0,0.20833333333333334,0,0,0.005417498700028583
26,19,0,0,2,0,0,2,0,0,0,0,0,0,21,0.0,0,0,1,0,0,3.8731406795131327,0,0.19230769230769232,1,1,0.9923041919600268
27,18,1,0,2,0,0,3,0,0,0,0,0,0,21,0.0,1,0,1,0,0,3.8841550945958043,0,0.2222222222222222,1,1,1.0
20,12,0,0,2,0,0,2,0,0,0,0,0,0,15,0.0,1,0,1,0,0,3.4841837197791885,0,0.25,0,0,0.005476039157866035
29,21,0,0,2,0,0,2,0,0,0,0,0,0,24,0.0,1,0,1,0,0,3.8664331502253835,0,0.1724137931034483,0,0,0.006674621949280691
42,33,1,0,4,0,0,3,0,0,0,0,0,1,33,0.023809523809523808,1,0,3,0,0,4.044003363657554,0,0.19047619047619047,1,1,0.9975120600157743
25,17,0,0,2,0,0,2,0,0,0,0,0,3,17,0.12,1,0,1,0,0,3.8936606896881854,0,0.2,0,0,0.024699266986451286
24,16,0,0,2,0,0,2,0,0,0,0,0,0,19,0.0,1,0,1,0,0,3.9701755214643453,0,0.20833333333333334,0,0,0.005905620775876425
64,25,12,19,2,0,0,4,1,2,1,0,0,17,36,0.265625,0,0,1,2,0,4.984069531114784,0,0.171875,1,1,1.0
110,20,82,0,3,0,0,6,0,0,0,0,0,6,94,0.05454545454545454,1,0,1,0,0,4.720618268354266,0,0.09090909090909091,1,1,1.0
33,24,1,0,2,0,0,3,0,0,0,0,0,0,27,0.0,1,0,1,0,0,4.06667707370723,0,0.18181818181818182,1,1,1.0
26,18,0,0,2,0,0,2,0,0,0,0,0,0,21,0.0,1,0,1,0,0,3.9312089489103226,0,0.19230769230769232,0,0,0.0032517506120185355
27,20,0,0,3,0,0,2,0,0,0,0,0,7,14,0.25925925925925924,0,0,2,0,0,3.8841550945958043,0,0.2222222222222222,1,1,1.0
20,12,0,0,2,0,0,2,0,0,0,0,0,0,15,0.0,1,0,1,0,0,3.5841837197791886,0,0.25,0,0,0.006103523061771641
22,14,0,0,2,0,0,2,0,0,0,0,0,0,17,0.0,1,0,1,0,0,3.788754913993503,0,0.22727272727272727,0,0,0.01743044864218114
25,16,1,0,2,1,0,3,0,0,0,0,0,0,18,0.0,1,0,1,0,0,3.943465189601647,0,0.28,1,1,0.9961488065240299
22,14,0,0,3,0,0,2,0,0,0,0,0,0,16,0.0,1,0,2,0,0,3.7544418457133455,0,0.2727272727272727,0,0,0.006362296034076586
27,18,1,0,1,2,0,3,0,0,0,0,0,0,20,0.0,1,0,0,0,0,4.106377316818027,0,0.25925925925925924,1,1,0.9963647284253953
27,19,0,0,2,0,0,2,0,0,0,0,0,0,22,0.0,1,0,1,0,0,3.930270372293454,0,0.18518518518518517,0,0,0.004732439099188848
37,20,9,0,2,0,0,3,0,0,0,0,0,10,21,0.2702702702702703,1,0,1,0,0,4.100816878908575,0,0.16216216216216217,1,1,1.0
35,14,13,0,2,0,0,4,0,0,0,0,0,0,28,0.0,1,0,0,0,0,3.900153016697712,0,0.2,1,1,1.0
25,17,0,0,3,0,0,2,0,0,0,0,0,0,19,0.0,1,0,2,0,0,3.593269689515108,0,0.24,0,0,0.0099604049342108
23,15,0,0,2,0,0,2,0,0,0,0,0,0,18,0.0,1,0,1,0,0,3.7081320646586025,0,0.21739130434782608,0,0,0.010265885472745666
29,21,0,0,3,0,0,2,0,0,0,0,0,0,23,0.0,1,0,2,0,0,4.0472990984266435,0,0.20689655172413793,0,0,0.009934980980448866
20,12,0,0,2,0,0,2,0,0,0,0,0,0,15,0.0,1,0,1,0,0,3.308694969562841,0,0.25,0,0,0.004744259152881075
27,19,0,0,2,1,0,2,0,0,0,0,0,1,20,0.037037037037037035,1,0,1,0,0,3.9302703722934544,0,0.2222222222222222,0,0,0.2603595046983218
27,19,0,0,2,0,0,2,0,0,0,0,0,0,22,0.0,1,0,1,0,0,3.8659986132745803,0,0.18518518518518517,0,0,0.006135218630085277
32,23,1,0,2,0,0,3,0,0,0,0,0,0,26,0.0,1,0,1,0,0,4.030639062229566,0,0.1875,1,1,1.0
27,19,0,0,2,0,0,2,0,0,0,0,0,0,22,0.0,1,0,1,0,0,3.8380398168981555,0,0.18518518518518517,0,0,0.006043732008081724
21,14,0,0,2,0,0,2,0,0,0,0,0,2,14,0.09523809523809523,0,0,1,0,0,3.463280517810811,0,0.23809523809523808,1,1,0.9892018383131407
27,19,0,0,3,0,0,2,0,0,0,0,0,0,21,0.0,1,0,2,0,0,3.8561962982193796,0,0.2222222222222222,0,0,0.010685260495828998
29,22,0,0,3,1,0,2,0,0,0,0,0,4,18,0.13793103448275862,0,0,2,0,0,4.0472990984266435,0,0.2413793103448276,1,1,0.9853166963608502
19,11,0,0,2,0,0,2,0,0,0,0,0,0,14,0.0,1,0,1,0,0,3.6818808028034025,0,0.2631578947368421,0,0,0.0055625888535179
20,13,0,0,2,1,0,2,0,0,0,0,0,0,14,0.0,0,0,1,0,0,3.6841837197791887,0,0.3,1,1,0.9481093076035423
34,25,1,0,2,1,0,3,0,0,0,0,0,6,21,0.17647058823529413,1,0,1,0,0,4.373796296941798,0,0.20588235294117646,1,1,1.0
32,24,0,0,2,0,0,2,0,0,0,0,0,0,27,0.0,1,0,1,0,0,4.179229296672174,0,0.15625,0,0,0.00932305458081863
21,13,0,0,3,0,0,2,0,0,0,0,0,0,15,0.0,1,0,2,0,0,3.748994803525097,0,0.2857142857142857,0,0,0.004718497603542004
37,29,0,0,2,0,0,2,0,0,0,0,0,0,32,0.0,1,0,1,0,0,4.060012149061901,0,0.13513513513513514,0,0,0.005093169219005938
42,33,1,0,2,1,0,3,0,0,0,0,0,0,35,0.0,1,0,1,0,0,4.064354624902157,0,0.16666666666666666,1,1,1.0
31,23,0,0,2,0,0,2,0,0,0,0,0,1,25,0.03225806451612903,1,0,1,0,0,4.0022680844408445,0,0.16129032258064516,0,0,0.11909492596688681
48,22,18,0,1,0,0,6,0,0,0,0,0,0,40,0.0,1,0,0,0,0,4.0068665431825226,0,0.16666666666666666,1,1,1.0
36,27,1,0,2,0,0,3,0,0,0,0,0,5,25,0.1388888888888889,1,0,1,0,0,4.252715278979704,0,0.16666666666666666,1,1,1.0
24,16,0,0,2,0,0,2,0,0,0,0,0,0,19,0.0,1,0,1,0,0,4.053508854797679,0,0.20833333333333334,0,0,0.0069669853214584495
23,16,0,0,2,0,0,2,0,0,0,0,0,0,18,0.0,0,0,1,0,0,3.7622673906514947,0,0.21739130434782608,1,1,0.9808552195426523
34,27,0,0,5,0,0,2,0,0,0,0,0,4,22,0.11764705882352941,0,0,4,0,0,3.8516977697502357,0,0.23529411764705882,1,1,0.9327723186282317
25,17,0,0,3,0,0,2,0,0,0,0,0,0,19,0.0,1,0,2,0,0,3.753269689515108,0,0.24,0,0,0.007346282305415871
21,12,1,0,1,0,0,3,0,0,0,0,0,0,16,0.0,1,0,0,0,0,3.1775662320965252,0,0.23809523809523808,1,1,1.0
26,18,0,0,2,0,0,2,0,0,0,0,0,0,21,0.0,1,0,1,0,0,4.132944044980958,0,0.19230769230769232,0,0,0.007033282331541619
19,12,0,0,2,0,0,2,0,0,0,0,0,0,14,0.0,0,0,1,0,0,3.471354487013929,0,0.2631578947368421,1,1,0.9846342486996992
25,18,0,0,2,0,0,2,0,0,0,0,0,0,20,0.0,0,0,1,0,0,3.8936606896881854,0,0.2,1,1,0.991999185187531
33,25,0,0,2,1,0,2,0,0,0,0,0,0,27,0.0,1,0,1,0,0,4.187889194919351,0,0.18181818181818182,0,0,0.08316055281037645
25,17,0,0,3,0,0,2,0,0,0,0,0,0,19,0.0,1,0,2,0,0,3.6430741894285696,0,0.24,0,0,0.0099604049342108
28,20,1,0,1,0,0,3,0,0,0,0,0,0,23,0.0,0,0,0,0,0,3.8423709931771084,0,0.17857142857142858,1,1,1.0
29,21,0,0,2,1,0,2,0,0,0,0,0,0,23,0.0,1,0,1,0,0,3.840402546702505,0,0.20689655172413793,0,0,0.021573624697547908
83,7,68,0,2,0,2,5,0,0,0,0,0,8,65,0.0963855421686747,1,0,0,0,0,4.891201895249677,0,0.12048192771084337,1,1,1.0
31,13,10,0,1,0,0,3,0,0,0,0,0,0,26,0.0,1,0,0,0,0,3.756795811071915,0,0.16129032258064516,1,1,1.0
32,24,0,0,2,0,0,2,0,0,0,0,0,0,27,0.0,1,0,1,0,0,4.015319531114783,0,0.15625,0,0,0.008725304306328108
30,22,0,0,2,0,0,2,0,0,0,0,0,0,25,0.0,1,0,1,0,0,4.081727678869736,0,0.16666666666666666,0,0,0.03402832601555986
24,16,0,0,2,0,0,2,0,0,0,0,0,0,19,0.0,1,0,1,0,0,4.136842188131012,0,0.20833333333333334,0,0,0.007589771256989677
25,18,0,0,2,0,0,2,0,0,0,0,0,0,20,0.0,0,0,1,0,0,3.6536606896881856,0,0.2,1,1,0.9922011551856597
23,15,0,0,2,1,0,2,0,0,0,0,0,0,17,0.0,1,0,1,0,0,3.675310868912364,0,0.2608695652173913,0,0,0.02700968840187585
42,21,14,0,2,0,1,3,0,0,0,0,0,0,35,0.0,0,0,1,0,0,4.091622411276601,0,0.16666666666666666,1,1,1.0
20,12,0,0,2,0,0,2,0,0,0,0,0,0,15,0.0,1,0,1,0,0,3.5841837197791886,0,0.25,0,0,0.006103523061771641
26,18,0,0,2,0,0,2,0,0,0,0,0,0,21,0.0,1,0,1,0,0,3.686419411348773,0,0.19230769230769232,0,0,0.005113569105365557
29,21,0,0,2,0,0,2,0,0,0,0,0,0,24,0.0,1,0,1,0,0,3.5780011510322707,0,0.1724137931034483,0,0,0.0058507400874108755
29,21,0,0,2,0,0,2,0,0,0,0,0,0,24,0.0,1,0,1,0,0,3.857306856898128,0,0.1724137931034483,0,0,0.006674621949280691
29,21,0,0,2,0,0,2,0,0,0,0,0,0,24,0.0,1,0,1,0,0,3.8143719431796272,0,0.1724137931034483,0,0,0.0069613591805978
35,27,0,0,2,0,0,2,0,0,0,0,0,0,30,0.0,1,0,1,0,0,4.050013373778756,0,0.14285714285714285,0,0,0.00425408538863062
30,22,0,0,2,0,0,2,0,0,0,0,0,0,25,0.0,1,0,1,0,0,4.098068512058838,0,0.16666666666666666,0,0,0.009789803984405671
25,17,0,0,2,0,0,2,0,0,0,0,0,1,19,0.04,1,0,1,0,0,3.973660689688185,0,0.2,0,0,0.013752632465133502
27,19,0,0,2,1,0,2,0,0,0,0,0,0,21,0.0,1,0,1,0,0,3.9582291686698787,0,0.2222222222222222,0,0,0.07490863814519266
21,13,0,0,2,0,0,2,0,0,0,0,0,0,16,0.0,1,0,1,0,0,3.7849418274376427,0,0.23809523809523808,0,0,0.022685964972047966
32,24,0,0,2,0,0,2,0,0,0,0,0,0,27,0.0,1,0,1,0,0,3.9681390622295662,0,0.15625,0,0,0.008928299707288402
21,13,0,0,2,0,0,2,0,0,0,0,0,0,16,0.0,1,0,1,0,0,3.6897037321995474,0,0.23809523809523808,0,0,0.01188759383569943
17,9,1,0,1,0,0,3,0,0,0,0,0,4,8,0.23529411764705882,0,0,0,0,0,3.4548223999466066,0,0.29411764705882354,1,1,1.0
44,35,1,0,2,4,0,3,0,0,0,0,0,0,34,0.0,1,0,1,0,0,4.237285311573267,0,0.22727272727272727,1,1,0.9993435164750069
28,21,0,0,2,0,0,2,0,0,0,0,0,0,23,0.0,0,0,1,0,0,3.9677201004744997,0,0.17857142857142858,1,1,0.9805257012905227
30,22,0,0,2,0,0,2,0,0,0,0,0,0,25,0.0,1,0,1,0,0,3.881727678869736,0,0.16666666666666666,0,0,0.0067721847418367905
19,11,0,0,2,0,0,2,0,0,0,0,0,0,14,0.0,1,0,1,0,0,3.6818808028034025,0,0.2631578947368421,0,0,0.0055625888535179
33,25,0,0,2,0,0,2,0,0,0,0,0,0,28,0.0,1,0,1,0,0,3.957294029027326,0,0.15151515151515152,0,0,0.006404589691966984
28,20,0,0,2,1,0,2,0,0,0,0,0,0,22,0.0,1,0,1,0,0,3.8248629576173565,0,0.21428571428571427,0,0,0.032585072694864915
24,16,0,0,2,0,0,2,0,0,0,0,0,0,19,0.0,1,0,1,0,0,3.6887218755408675,0,0.20833333333333334,0,0,0.017097303856533737
33,25,0,0,2,0,0,2,0,0,0,0,0,0,28,0.0,1,0,1,0,0,3.9683403313485464,0,0.15151515151515152,0,0,0.006404589691966984
29,21,0,0,2,0,0,2,0,0,0,0,0,0,24,0.0,1,0,1,0,0,4.0472990984266435,0,0.1724137931034483,0,0,0.0080522095047739
24,16,0,0,2,0,0,2,0,0,0,0,0,0,19,0.0,1,0,1,0,0,3.9701755214643453,0,0.20833333333333334,0,0,0.005905620775876425
24,17,0,0,2,1,0,2,0,0,0,0,0,0,18,0.0,0,0,1,0,0,3.9701755214643453,0,0.25,1,1,0.9762487289948295
30,23,0,0,2,2,0,2,0,0,0,0,0,0,23,0.0,0,0,1,0,0,4.12323142879762,0,0.23333333333333334,1,1,0.9716039359618518
33,25,0,0,2,0,0,2,0,0,0,0,0,0,28,0.0,1,0,1,0,0,3.8818326655220816,0,0.15151515151515152,0,0,0.006735175987587088
31,23,0,0,2,2,0,2,0,0,0,0,0,0,24,0.0,1,0,1,0,0,4.0667842134731025,0,0.22580645161290322,0,0,0.025817562125941364
26,18,0,0,2,0,0,2,0,0,0,0,0,0,21,0.0,1,0,1,0,0,3.719294525666979,0,0.19230769230769232,0,0,0.005344884861171762
29,22,0,0,2,0,0,2,0,0,0,0,0,0,24,0.0,0,0,1,0,0,3.9002417706166295,0,0.1724137931034483,1,1,0.9871934095220376
74,13,53,0,2,0,0,5,0,0,0,0,0,5,61,0.06756756756756757,1,0,1,0,0,4.699337068847134,0,0.10810810810810811,1,1,1.0
28,21,0,0,2,0,0,2,0,0,0,0,0,0,23,0.0,0,0,1,0,0,3.9137995646056805,0,0.17857142857142858,1,1,0.98327858325188
22,15,0,0,2,0,0,2,0,0,0,0,0,0,17,0.0,0,0,1,0,0,3.73215889136457,0,0.22727272727272727,1,1,0.9705598557053348
24,16,0,0,2,1,0,2,0,0,0,0,0,0,18,0.0,1,0,1,0,0,3.9701755214643453,0,0.25,0,0,0.008885679464952645
32,23,1,0,2,1,0,3,0,0,0,0,0,0,25,0.0,1,0,1,0,0,3.965018266288633,0,0.21875,1,1,1.0
20,12,0,0,2,0,0,2,0,0,0,0,0,0,15,0.0,1,0,1,0,0,3.6841837197791882,0,0.25,0,0,0.007304607557808997
30,21,1,0,2,0,0,3,0,0,0,0,0,0,24,0.0,1,0,1,0,0,4.256564762130954,0,0.2,1,1,0.99
21,13,0,0,2,0,0,2,0,0,0,0,0,0,16,0.0,1,0,1,0,0,3.653756708287002,0,0.23809523809523808,0,0,0.011853011841857757
30,22,0,0,2,0,0,2,0,0,0,0,0,0,25,0.0,1,0,1,0,0,4.0980685120588385,0,0.16666666666666666,0,0,0.009789803984405671
24,16,0,0,2,0,0,2,0,0,0,0,0,0,19,0.0,1,0,1,0,0,3.8349625007211565,0,0.20833333333333334,0,0,0.005567624736251228
31,24,0,0,2,0,0,2,0,0,0,0,0,0,26,0.0,0,0,1,0,0,4.042433003725894,0,0.16129032258064516,1,1,0.9741895337371251
19,10,1,0,1,0,0,3,0,0,0,0,0,0,14,0.0,1,0,0,0,0,3.7871439606981387,0,0.2631578947368421,1,1,1.0
35,27,0,0,2,0,0,2,0,0,0,0,0,0,30,0.0,1,0,1,0,0,4.128724445269141,0,0.14285714285714285,0,0,0.0030792282001875205
37,28,1,0,2,0,0,3,0,0,0,0,0,3,28,0.08108108108108109,1,0,1,0,0,4.249729716863357,0,0.16216216216216217,1,1,1.0
28,16,4,0,1,0,0,3,0,0,0,0,0,0,23,0.0,1,0,0,0,0,4.008621780036165,0,0.17857142857142858,1,1,1.0
29,21,0,0,2,0,0,2,0,0,0,0,0,0,24,0.0,1,0,1,0,0,4.142295219190901,0,0.1724137931034483,0,0,0.012220574216389734
39,31,0,0,2,0,0,2,0,0,0,0,0,0,34,0.0,1,0,1,0,0,3.830811040575054,0,0.1282051282051282,0,0,0.04461725791791013
43,34,1,0,2,0,0,3,0,0,0,0,0,22,15,0.5116279069767442,1,0,1,0,0,4.1558184643976634,0,0.13953488372093023,1,1,1.0
43,35,0,0,2,4,0,2,0,0,0,0,0,0,34,0.0,1,0,1,0,0,4.257319115016275,0,0.20930232558139536,1,0,0.3413156418723574
27,19,0,0,2,0,0,2,0,0,0,0,0,0,22,0.0,1,0,1,0,0,3.782122224145306,0,0.18518518518518517,0,0,0.004065482931420731
36,28,0,0,2,0,0,2,0,0,0,0,0,0,31,0.0,1,0,1,0,0,4.0860486123130375,0,0.1388888888888889,0,0,0.0037315984480743884
44,12,24,0,2,0,2,5,0,0,0,0,0,0,34,0.0,1,0,0,0,0,4.217859107657963,0,0.22727272727272727,1,1,1.0
57,40,9,0,3,2,0,3,0,0,0,1,0,7,40,0.12280701754385964,1,0,2,0,0,4.7473759267800535,0,0.17543859649122806,1,1,1.0
81,20,3,49,1,0,0,3,1,2,0,0,0,26,47,0.32098765432098764,1,0,0,1,0,4.697952244123008,0,0.09876543209876543,1,1,1.0
51,42,1,0,2,0,0,3,0,0,0,0,0,0,45,0.0,1,0,1,0,0,4.084313215310889,0,0.11764705882352941,1,1,0.9829692382026091
26,19,0,0,2,2,0,2,0,0,0,0,0,0,19,0.0,0,0,1,0,0,3.767183467891461,0,0.2692307692307692,1,1,0.9884859052840195
30,22,0,0,2,0,0,2,0,0,0,0,0,0,25,0.0,1,0,1,0,0,3.9647351787255047,0,0.16666666666666666,0,0,0.004952685654609926
48,40,0,0,2,3,0,2,0,0,0,0,0,0,40,0.0,1,0,1,0,0,3.9154007197332885,0,0.16666666666666666,0,0,0.35018628264155527
20,12,0,0,2,0,0,2,0,0,0,0,0,0,15,0.0,1,0,1,0,0,3.5841837197791886,0,0.25,0,0,0.006103523061771641
34,26,0,0,2,0,0,2,0,0,0,0,0,0,29,0.0,1,0,1,0,0,3.9620315910594455,0,0.14705882352941177,0,0,0.0049259744156976894
42,34,1,0,3,0,0,3,0,0,0,0,0,0,35,0.0,0,0,2,0,0,4.198532530221198,0,0.16666666666666666,1,1,1.0
33,25,0,0,2,0,0,2,0,0,0,0,0,0,28,0.0,1,0,1,0,0,4.043801694853791,0,0.15151515151515152,0,0,0.007689876217572313
29,22,0,0,2,0,0,2,0,0,0,0,0,0,24,0.0,0,0,1,0,0,3.978333581185264,0,0.1724137931034483,1,1,0.9861372398890054
30,22,0,0,3,1,0,2,0,0,0,0,0,0,23,0.0,1,0,2,0,0,3.831401845392172,0,0.23333333333333334,0,0,0.008829178458720345
29,15,6,0,2,0,0,3,0,0,0,0,0,0,23,0.0,1,0,1,0,0,3.8833374604210062,0,0.20689655172413793,1,1,0.9969134434164312
85,76,1,0,3,1,0,3,0,0,0,0,0,7,70,0.08235294117647059,1,0,2,0,0,4.71804248445702,1,0.09411764705882353,1,1,1.0
93,66,20,0,5,3,0,3,0,0,0,0,0,5,76,0.053763440860215055,0,0,3,0,1,4.666802398533211,1,0.12903225806451613,1,1,1.0
22,15,0,0,2,0,0,2,0,0,0,0,0,0,17,0.0,0,0,1,0,0,3.845350936622436,0,0.22727272727272727,1,1,0.974464499330266
24,17,0,0,2,0,0,2,0,0,0,0,0,0,19,0.0,0,0,1,0,0,3.688721875540867,0,0.20833333333333334,1,1,0.9901853234817914
19,11,1,0,1,0,0,3,0,0,0,0,0,0,14,0.0,0,0,0,0,0,3.536886723742167,0,0.2631578947368421,1,1,1.0
24,16,0,0,2,0,0,2,0,0,0,0,0,0,19,0.0,1,0,1,0,0,3.9701755214643453,0,0.20833333333333334,0,0,0.005905620775876425
28,11,9,0,2,0,0,3,0,0,0,0,0,1,21,0.03571428571428571,1,0,0,0,0,3.5530900835303276,0,0.21428571428571427,1,1,0.9910393271095476
31,23,0,0,2,2,0,2,0,0,0,0,0,0,24,0.0,1,0,1,0,0,4.042433003725894,0,0.22580645161290322,0,0,0.022425278450929616
26,18,0,0,2,0,0,2,0,0,0,0,0,0,21,0.0,1,0,1,0,0,3.7962176025900556,0,0.19230769230769232,0,0,0.0057776986682123894
55,47,0,0,3,4,0,2,0,0,0,0,0,17,28,0.3090909090909091,1,0,2,0,0,4.492380568259548,0,0.18181818181818182,1,1,1.0
385,13,21,343,13,1,1,5,1,9,8,14,0,92,240,0.23896103896103896,0,1,2,9,3,5.2502745953646075,0,0.13766233766233765,1,1,1.0
64,53,4,0,4,2,0,4,0,0,0,0,0,2,51,0.03125,0,0,3,0,0,4.219810009501607,1,0.171875,1,1,0.9966666666666667
32,24,0,0,3,0,0,2,0,0,0,0,0,0,26,0.0,1,0,2,0,0,4.093139062229566,0,0.1875,0,0,0.012025930327784469
18,11,0,0,2,0,0,2,0,0,0,0,0,4,9,0.2222222222222222,0,0,1,0,0,3.2810361125534233,0,0.2777777777777778,1,1,0.9487906354540577
37,16,13,0,2,1,0,5,0,0,0,0,0,1,27,0.02702702702702703,1,0,1,0,0,4.152171866202904,0,0.24324324324324326,1,1,1.0
47,40,0,0,4,0,0,2,0,0,0,0,0,0,40,0.0,0,0,3,0,0,4.209497767659049,0,0.14893617021276595,1,1,0.9088015950765165
19,12,0,0,2,0,0,2,0,0,0,0,0,1,13,0.05263157894736842,0,0,1,0,0,3.576617644908666,0,0.2631578947368421,1,1,0.9658437247548659
20,12,0,0,2,0,0,2,0,0,0,0,0,0,15,0.0,1,0,1,0,0,3.6841837197791882,0,0.25,0,0,0.007304607557808997
37,30,0,0,2,0,0,2,0,0,0,0,0,0,32,0.0,0,0,1,0,0,4.053915865570478,0,0.13513513513513514,1,1,0.9627348998603067
25,17,0,0,2,0,0,2,0,0,0,0,0,0,20,0.0,1,0,1,0,0,3.4936606896881854,0,0.2,0,0,0.003537600494740073
22,14,0,0,2,0,0,2,0,0,0,0,0,0,17,0.0,1,0,1,0,0,3.6978458230844122,0,0.22727272727272727,0,0,0.014792267275827395
36,29,0,0,2,0,0,2,0,0,0,0,0,0,31,0.0,0,0,1,0,0,4.197159723424148,0,0.1388888888888889,1,1,0.9699919197149139
93,20,65,0,2,0,0,4,0,0,0,0,0,12,74,0.12903225806451613,1,0,1,0,0,4.835097930300988,0,0.07526881720430108,1,1,1.0
34,26,0,0,2,0,0,2,0,0,0,0,0,0,29,0.0,1,0,1,0,0,4.094097032108653,0,0.14705882352941177,0,0,0.00572693097451406
23,15,0,0,2,0,0,2,0,0,0,0,0,0,18,0.0,1,0,1,0,0,3.7950885863977324,0,0.21739130434782608,0,0,0.011731102673641447
33,25,0,0,2,0,0,2,0,0,0,0,0,0,28,0.0,1,0,1,0,0,3.9683403313485464,0,0.15151515151515152,0,0,0.006404589691966984
25,17,0,0,2,0,0,2,0,0,0,0,0,0,20,0.0,1,0,1,0,0,3.763856189774724,0,0.2,0,0,0.0035156030378867015
26,18,0,0,2,0,0,2,0,0,0,0,0,0,21,0.0,1,0,1,0,0,4.132944044980958,0,0.19230769230769232,0,0,0.007033282331541619
28,20,0,0,2,0,0,2,0,0,0,0,0,0,23,0.0,1,0,1,0,0,3.869331261111518,0,0.17857142857142858,0,0,0.008075687736109968
25,17,0,0,2,0,0,2,0,0,0,0,0,0,20,0.0,1,0,1,0,0,3.943465189601647,0,0.2,0,0,0.0025758722558427067
26,18,0,0,2,0,0,2,0,0,0,0,0,0,21,0.0,1,0,1,0,0,3.9500637564362098,0,0.19230769230769232,0,0,0.0032517506120185355
21,14,0,0,2,0,0,2,0,0,0,0,0,0,16,0.0,0,0,1,0,0,3.7849418274376427,0,0.23809523809523808,1,1,0.9722434590430602
23,16,0,0,2,0,0,2,0,0,0,0,0,0,18,0.0,0,0,1,0,0,3.9690016298759936,0,0.21739130434782608,1,1,0.9795713242123593
23,15,0,0,2,1,0,2,0,0,0,0,0,0,17,0.0,1,0,1,0,0,4.0559581516151235,0,0.2608695652173913,0,0,0.033442491427666574
26,18,0,0,2,0,0,2,0,0,0,0,0,0,21,0.0,1,0,1,0,0,3.6094963344256965,0,0.19230769230769232,0,0,0.00660245893909252
30,22,0,0,2,0,0,2,0,0,0,0,0,0,25,0.0,1,0,1,0,0,3.8817276788697366,0,0.16666666666666666,0,0,0.0067721847418367905
21,13,0,0,3,0,0,2,0,0,0,0,0,0,15,0.0,1,0,2,0,0,3.558518613048906,0,0.2857142857142857,0,0,0.005552514166838968
30,22,0,0,2,0,0,2,0,0,0,0,0,0,25,0.0,1,0,1,0,0,3.831401845392172,0,0.16666666666666666,0,0,0.007180410255266293
21,12,1,0,1,0,0,3,0,0,0,0,0,0,16,0.0,1,0,0,0,0,3.784941827437642,0,0.23809523809523808,1,1,1.0
19,11,0,0,2,0,0,2,0,0,0,0,0,0,14,0.0,1,0,1,0,0,3.6818808028034025,0,0.2631578947368421,0,0,0.0055625888535179
29,21,0,0,2,0,0,2,0,0,0,0,0,0,24,0.0,1,0,1,0,0,4.073329701949522,0,0.1724137931034483,0,0,0.025800702385302146
42,35,0,0,2,2,0,2,0,0,0,0,0,0,35,0.0,0,0,1,0,0,4.053297638075724,0,0.16666666666666666,1,1,0.8996452907384438
33,25,0,0,2,0,0,2,0,0,0,0,0,0,28,0.0,1,0,1,0,0,4.0060710131011685,0,0.15151515151515152,0,0,0.006427994994141065
31,23,0,0,2,0,0,2,0,0,0,0,0,0,26,0.0,1,0,1,0,0,3.9864543749030035,0,0.16129032258064516,0,0,0.004732917317744725
23,15,0,0,2,0,0,2,0,0,0,0,0,0,18,0.0,1,0,1,0,0,3.708132064658602,0,0.21739130434782608,0,0,0.010265885472745666
29,21,0,0,2,0,0,2,0,0,0,0,0,0,24,0.0,1,0,1,0,0,3.866433150225384,0,0.1724137931034483,0,0,0.006674621949280691
18,10,0,0,2,0,0,2,0,0,0,0,0,0,13,0.0,1,0,1,0,0,3.4613201402110083,0,0.2777777777777778,0,0,0.0041895600508676375
21,14,0,0,2,0,0,2,0,0,0,0,0,0,16,0.0,0,0,1,0,0,3.880179922675738,0,0.23809523809523808,1,1,0.9730706199934047
19,12,0,0,2,0,0,2,0,0,0,0,0,0,14,0.0,0,0,1,0,0,3.471354487013929,0,0.2631578947368421,1,1,0.9846342486996992
30,22,0,0,2,0,0,2,0,0,0,0,0,0,25,0.0,1,0,1,0,0,4.081727678869736,0,0.16666666666666666,0,0,0.03402832601555986
23,15,0,0,2,0,0,2,0,0,0,0,0,0,18,0.0,1,0,1,0,0,3.6424896731661267,0,0.21739130434782608,0,0,0.011093423602731028
54,45,1,0,2,3,0,3,0,0,0,0,0,3,42,0.05555555555555555,1,0,1,0,1,4.327228540500491,0,0.16666666666666666,1,1,1.0
28,20,0,0,2,0,0,2,0,0,0,0,0,0,23,0.0,1,0,1,0,0,3.5836169753972325,0,0.17857142857142858,0,0,0.005467649359944346
26,18,0,0,3,0,0,2,0,0,0,0,0,0,20,0.0,1,0,2,0,0,3.767183467891461,0,0.23076923076923078,0,0,0.00680595916865964
120,20,5,86,2,1,0,3,1,2,1,0,0,44,65,0.36666666666666664,1,0,1,2,0,4.966056876419976,0,0.09166666666666666,1,1,1.0
24,16,0,0,2,0,0,2,0,0,0,0,0,0,19,0.0,1,0,1,0,0,3.9387218755408675,0,0.20833333333333334,0,0,0.005450702047319493
26,18,0,0,2,0,0,2,0,0,0,0,0,0,21,0.0,1,0,1,0,0,4.132944044980958,0,0.19230769230769232,0,0,0.007033282331541619
30,21,1,0,3,0,0,3,0,0,0,0,0,12,11,0.4,1,0,2,0,0,3.656564762130954,0,0.23333333333333334,1,1,0.9966666666666667
34,26,0,0,2,0,0,2,0,0,0,0,0,0,29,0.0,1,0,1,0,0,4.2339466645252255,0,0.14705882352941177,0,0,0.11324447691784222
36,27,1,0,2,2,0,3,0,0,0,0,0,0,28,0.0,1,0,1,0,0,3.9511943630832222,0,0.2222222222222222,1,1,0.9969480675125383
19,12,0,0,2,0,0,2,0,0,0,0,0,0,14,0.0,0,0,1,0,0,3.6818808028034025,0,0.2631578947368421,1,1,0.9752437241778861
43,34,1,0,2,1,0,3,0,0,0,0,0,7,29,0.16279069767441862,1,0,1,0,0,4.454766207938904,0,0.16279069767441862,1,1,1.0
24,16,0,0,2,0,0,2,0,0,0,0,0,0,19,0.0,1,0,1,0,0,3.6887218755408675,0,0.20833333333333334,0,0,0.017097303856533737
20,12,1,0,1,1,0,3,0,0,0,0,0,0,14,0.0,0,0,0,0,0,3.246439344671016,0,0.3,1,1,1.0
40,15,17,0,1,0,0,3,0,0,0,0,0,0,35,0.0,1,0,0,0,0,4.143942707918268,0,0.125,1,1,0.9940457861868547
26,18,0,0,2,0,0,2,0,0,0,0,0,0,21,0.0,1,0,1,0,0,3.8731406795131327,0,0.19230769230769232,0,0,0.005348427811046243
26,18,0,0,2,0,0,2,0,0,0,0,0,0,21,0.0,1,0,1,0,0,3.690260390968384,0,0.19230769230769232,0,0,0.005330253403874624
28,21,0,0,3,0,0,2,0,0,0,0,0,2,20,0.07142857142857142,0,0,2,0,0,3.9677201004744997,0,0.21428571428571427,1,1,0.9966702734909408
33,25,0,0,2,0,0,2,0,0,0,0,0,0,28,0.0,1,0,1,0,0,3.9225895736416696,0,0.15151515151515152,0,0,0.005412834661508803
27,19,0,0,2,0,0,2,0,0,0,0,0,0,22,0.0,1,0,1,0,0,3.9302703722934544,0,0.18518518518518517,0,0,0.004732439099188848
44,35,1,0,2,1,0,3,0,0,0,0,0,0,37,0.0,1,0,1,0,0,4.003997527334849,0,0.1590909090909091,1,1,1.0
35,27,0,0,2,0,0,2,0,0,0,0,0,0,30,0.0,1,0,1,0,0,3.992870516635899,0,0.14285714285714285,0,0,0.0027873959498825765
22,15,0,0,2,0,0,2,0,0,0,0,0,0,17,0.0,0,0,1,0,0,3.788754913993503,0,0.22727272727272727,1,1,0.9705598557053348
59,25,26,0,4,0,1,5,0,0,0,0,0,0,48,0.0,1,0,2,0,0,4.240374354623178,0,0.1864406779661017,1,1,1.0
51,44,0,0,4,3,0,2,0,0,0,0,0,1,40,0.0196078431372549,0,0,3,0,0,4.21106602799148,0,0.19607843137254902,1,1,0.9993435164750069
23,16,0,0,2,0,0,2,0,0,0,0,0,0,18,0.0,0,0,1,0,0,3.7950885863977324,0,0.21739130434782608,1,1,0.9808552195426523
48,39,1,0,2,0,0,3,0,0,0,0,0,17,25,0.3541666666666667,1,0,1,0,0,4.516541406655651,0,0.125,1,1,0.9980153922687501
33,24,1,0,2,1,0,3,0,0,0,0,0,3,23,0.09090909090909091,1,0,1,0,0,4.248495255525411,0,0.21212121212121213,1,1,1.0
53,45,1,0,3,2,0,3,0,0,0,0,0,17,27,0.32075471698113206,0,0,2,0,0,4.66632304878036,0,0.16981132075471697,1,1,1.0
83,74,1,0,3,0,0,3,0,0,0,0,0,8,68,0.0963855421686747,1,0,2,0,0,4.808614510041565,1,0.08433734939759036,1,1,1.0
70,61,1,0,2,6,0,3,0,0,0,0,0,12,46,0.17142857142857143,1,0,1,0,0,4.546511766666805,1,0.17142857142857143,1,1,1.0
32,24,0,0,3,1,0,2,0,0,0,0,0,0,25,0.0,1,0,2,0,0,4.202819531114783,0,0.21875,0,0,0.029413628175179677
21,14,0,0,2,1,0,2,0,0,0,0,0,0,15,0.0,0,0,1,0,0,3.4039894464852622,0,0.2857142857142857,1,1,0.9484690631720958
46,38,1,0,2,2,0,3,0,0,0,0,0,0,38,0.0,0,0,1,0,0,4.1727148802435865,0,0.17391304347826086,1,1,1.0
27,19,0,0,2,0,0,2,0,0,0,0,0,0,22,0.0,1,0,1,0,0,3.7821222241453056,0,0.18518518518518517,0,0,0.004065482931420731
25,17,0,0,2,0,0,2,0,0,0,0,0,2,18,0.08,1,0,1,0,0,3.8136606896881857,0,0.2,0,0,0.021462218579083786
28,21,0,0,3,0,0,2,0,0,0,0,0,5,17,0.17857142857142858,0,0,2,0,0,4.0836169753972325,0,0.21428571428571427,1,1,0.9932691422687502
29,21,0,0,2,0,0,2,0,0,0,0,0,0,24,0.0,1,0,1,0,0,3.8664331502253835,0,0.1724137931034483,1,0,0.006674621949280691
51,21,22,0,1,0,0,4,0,0,0,0,0,0,45,0.0,1,0,0,0,0,3.998227734417493,0,0.11764705882352941,1,1,0.9966666666666667
33,25,0,0,2,0,0,2,0,0,0,0,0,0,28,0.0,1,0,1,0,0,3.6691190288962066,0,0.15151515151515152,0,0,0.006386519629768976
82,13,61,0,3,0,0,5,0,0,0,0,0,5,68,0.06097560975609756,1,0,1,0,0,4.709082151848876,0,0.10975609756097561,1,1,1.0
24,16,0,0,2,0,0,2,0,0,0,0,0,0,19,0.0,1,0,1,0,0,3.5535088547976783,0,0.20833333333333334,0,0,0.0066916916642598065
30,22,0,0,2,0,0,2,0,0,0,0,0,0,25,0.0,1,0,1,0,0,3.7777471629109445,0,0.16666666666666666,0,0,0.004974177627871585
25,17,0,0,3,0,0,2,0,0,0,0,0,0,19,0.0,1,0,2,0,0,3.7230741894285693,0,0.24,1,0,0.007346282305415871
52,45,0,0,5,2,0,2,0,0,0,0,0,2,40,0.038461538461538464,0,0,4,0,0,4.279780045430953,0,0.19230769230769232,1,1,1.0
25,17,0,0,2,0,0,2,0,0,0,0,0,0,20,0.0,1,0,1,0,0,4.023465189601646,0,0.2,0,0,0.004366032195945248
23,16,0,0,2,0,0,2,0,0,0,0,0,0,18,0.0,0,0,1,0,0,3.414441303694973,0,0.21739130434782608,1,1,0.9768822117658154
67,7,52,0,1,0,0,4,0,0,0,0,0,1,60,0.014925373134328358,1,0,0,0,0,4.629688728405124,0,0.08955223880597014,1,1,1.0
20,13,0,0,2,1,0,2,0,0,0,0,0,0,14,0.0,0,0,1,0,0,3.6841837197791882,0,0.3,1,1,0.9481093076035423
27,19,0,0,2,0,0,2,0,0,0,0,0,0,22,0.0,1,0,1,0,0,3.9861879650463035,0,0.18518518518518517,0,0,0.005086770973511688
20,12,0,0,2,0,0,2,0,0,0,0,0,0,15,0.0,1,0,1,0,0,3.6464393446710153,0,0.25,0,0,0.007223605105533406
24,17,0,0,2,0,0,2,0,0,0,0,0,0,19,0.0,0,0,1,0,0,3.5424812503605785,0,0.20833333333333334,1,1,0.989958727813774
24,16,0,0,2,0,0,2,0,0,0,0,0,0,19,0.0,1,0,1,0,0,3.7720552088742005,0,0.20833333333333334,0,0,0.005417498700028583
36,27,1,0,2,0,0,3,0,0,0,0,0,2,28,0.05555555555555555,1,0,1,0,0,4.065079515030719,0,0.16666666666666666,1,1,1.0
26,19,0,0,2,1,0,2,0,0,0,0,0,0,20,0.0,0,0,1,0,0,3.657385276650178,0,0.23076923076923078,1,1,0.987256815847011
75,23,22,22,3,1,0,6,1,1,0,0,1,4,57,0.05333333333333334,0,0,1,1,0,4.661500356874085,0,0.18666666666666668,1,1,1.0
55,48,0,0,5,1,0,2,0,0,0,0,0,9,37,0.16363636363636364,0,0,4,0,1,4.467926423387795,0,0.16363636363636364,1,1,1.0
30,22,0,0,2,0,0,2,0,0,0,0,0,0,25,0.0,1,0,1,0,0,4.081727678869736,0,0.16666666666666666,0,0,0.03402832601555986
31,23,0,0,3,1,0,2,0,0,0,0,0,0,24,0.0,1,0,2,0,0,3.9377519554085865,0,0.22580645161290322,0,0,0.014425702848296983
37,30,0,0,4,0,0,2,0,0,0,0,0,0,30,0.0,0,0,3,0,0,3.8509489735616422,0,0.1891891891891892,1,1,0.9385007360326476
38,31,0,0,2,0,0,2,0,0,0,0,0,0,33,0.0,0,0,1,0,0,4.181366328891459,0,0.13157894736842105,1,1,0.9533564994320246
32,24,0,0,2,2,0,2,0,0,0,0,0,0,25,0.0,1,0,1,0,0,4.054229296672174,0,0.21875,0,0,0.03400271355777455
22,14,0,0,2,0,0,2,0,0,0,0,0,0,17,0.0,1,0,1,0,0,3.7544418457133455,0,0.22727272727272727,0,0,0.022352039536623132
55,47,0,0,3,4,0,2,0,0,0,0,0,21,24,0.38181818181818183,1,0,2,0,0,4.49009516791277,0,0.18181818181818182,1,1,1.0
28,21,0,0,3,0,0,2,0,0,0,0,0,0,22,0.0,0,0,2,0,0,3.896291529045928,0,0.21428571428571427,1,1,0.9777732558620804
30,22,0,0,2,0,0,2,0,0,0,0,0,0,25,0.0,1,0,1,0,0,3.939572261986722,0,0.16666666666666666,0,0,0.004922432951000173
37,29,0,0,2,3,0,2,0,0,0,0,0,0,29,0.0,1,0,1,0,1,3.8807706775551623,0,0.21621621621621623,1,0,0.33529918943845477
46,37,1,0,2,0,0,3,0,0,0,0,0,1,39,0.021739130434782608,1,0,1,0,0,4.599011412296559,0,0.13043478260869565,1,1,1.0
27,19,0,0,2,0,0,2,0,0,0,0,0,0,22,0.0,1,0,1,0,0,3.85619629821938,0,0.18518518518518517,0,0,0.006135218630085277
28,11,9,0,1,0,0,3,0,0,0,0,0,3,20,0.10714285714285714,1,0,0,0,0,4.208966082694624,0,0.17857142857142858,1,1,1.0
29,21,0,0,2,0,0,2,0,0,0,0,0,0,24,0.0,1,0,1,0,0,4.142295219190901,0,0.1724137931034483,0,0,0.012220574216389734
28,20,0,0,2,0,0,2,0,0,0,0,0,0,23,0.0,1,0,1,0,0,4.110577243331642,0,0.17857142857142858,0,0,0.011425478749959896
35,28,0,0,2,0,0,2,0,0,0,0,0,0,30,0.0,0,0,1,0,1,4.014438730983427,0,0.14285714285714285,1,1,0.9505096479101828
34,26,0,0,2,0,0,2,0,0,0,0,0,0,29,0.0,1,0,1,0,0,3.9032080616476805,0,0.14705882352941177,0,0,0.003964106985513404
31,23,0,0,2,0,0,2,0,0,0,0,0,0,26,0.0,1,0,1,0,0,4.042433003725894,0,0.16129032258064516,0,0,0.005310445388312812
23,15,0,0,2,0,0,2,0,0,0,0,0,0,18,0.0,1,0,1,0,0,3.8820451081368628,0,0.21739130434782608,0,0,0.02375840767394129
35,27,0,0,3,0,0,2,0,0,0,0,0,0,29,0.0,1,0,2,0,0,4.128724445269141,0,0.17142857142857143,0,0,0.019350235207031653
102,7,87,0,2,0,1,5,0,0,0,0,0,9,84,0.08823529411764706,1,0,0,0,0,4.822832485280918,0,0.08823529411764706,1,1,1.0
29,21,0,0,2,0,0,2,0,0,0,0,0,0,24,0.0,1,0,1,0,0,3.745406425938248,0,0.1724137931034483,0,0,0.006529407979116419
83,74,1,0,3,0,0,3,0,0,0,0,0,8,68,0.0963855421686747,1,0,2,0,0,4.876511763335539,1,0.08433734939759036,1,1,1.0
28,20,1,0,3,0,0,3,0,0,0,0,0,1,20,0.03571428571428571,0,0,2,0,0,4.253434386188786,0,0.25,1,1,0.9885856902314346
17,9,0,0,2,0,0,2,0,0,0,0,0,0,12,0.0,1,0,1,0,0,3.2195282822995477,0,0.29411764705882354,0,0,0.0020962515805545445
26,18,0,0,2,1,0,2,0,0,0,0,0,0,20,0.0,1,0,1,0,0,3.9790978911348045,0,0.23076923076923078,0,0,0.004918645804881851
71,32,12,19,2,0,0,4,1,2,1,0,0,15,45,0.2112676056338028,0,0,1,2,0,4.987362260166923,0,0.15492957746478872,1,1,1.0
37,28,1,0,2,0,0,3,0,0,0,0,0,2,29,0.05405405405405406,1,0,1,0,0,4.242576676147401,0,0.16216216216216217,1,1,1.0
23,15,1,0,2,0,0,3,0,0,0,0,0,1,16,0.043478260869565216,0,0,1,0,0,3.414441303694973,0,0.2608695652173913,1,1,1.0
31,23,0,0,2,0,0,2,0,0,0,0,0,0,26,0.0,1,0,1,0,0,4.1313003425053605,0,0.16129032258064516,0,0,0.005703070177713936
26,18,0,0,3,0,0,2,0,0,0,0,0,0,20,0.0,1,0,2,0,0,3.7381493331928657,0,0.23076923076923078,0,0,0.007488574101174194
26,19,0,0,2,1,0,2,0,0,0,0,0,0,20,0.0,0,0,1,0,0,3.7962176025900556,0,0.23076923076923078,1,1,0.9917088307530778
37,29,0,0,3,0,0,2,0,0,0,0,0,0,31,0.0,1,0,2,0,0,4.195675662809304,0,0.16216216216216217,0,0,0.025484030791647034
33,25,0,0,2,0,0,2,0,0,0,0,0,0,28,0.0,1,0,1,0,0,3.9374448765408534,0,0.15151515151515152,0,0,0.006404589691966984
26,18,0,0,2,0,0,2,0,0,0,0,0,0,21,0.0,1,0,1,0,0,3.6902603909683838,0,0.19230769230769232,0,0,0.005330253403874624
16,9,0,0,1,0,0,2,0,0,0,0,0,1,11,0.0625,0,0,0,0,0,3.375,0,0.25,1,1,0.9897686042966878
67,7,52,0,1,0,0,4,0,0,0,0,0,5,56,0.07462686567164178,1,0,0,0,0,4.48712725102761,0,0.08955223880597014,1,1,1.0
27,20,0,0,2,0,0,2,0,0,0,0,0,0,22,0.0,0,0,1,0,0,3.661932872373582,0,0.18518518518518517,1,1,0.9890282093798181
25,17,0,0,2,0,0,2,0,0,0,0,0,0,20,0.0,1,0,1,0,0,4.053660689688185,0,0.2,0,0,0.004912225321018954
23,15,0,0,3,0,0,2,0,0,0,0,0,0,17,0.0,1,0,2,0,0,3.675310868912364,0,0.2608695652173913,0,0,0.008588700532376405
44,36,1,0,3,0,0,3,0,0,0,0,0,6,31,0.13636363636363635,0,0,2,0,0,4.390805482076982,0,0.1590909090909091,1,1,1.0
27,19,0,0,2,0,0,2,0,0,0,0,0,0,22,0.0,1,0,1,0,0,3.9861879650463035,0,0.18518518518518517,0,0,0.005086770973511688
31,22,1,0,2,0,0,3,0,0,0,0,0,6,19,0.1935483870967742,1,0,1,0,0,3.756795811071915,0,0.1935483870967742,1,1,0.9966666666666667
26,18,0,0,3,0,0,2,0,0,0,0,0,0,20,0.0,1,0,2,0,0,3.997952698660691,0,0.23076923076923078,0,0,0.005815418340668156
28,20,0,0,2,1,0,2,0,0,0,0,0,0,22,0.0,1,0,1,0,0,4.012188403968661,0,0.21428571428571427,0,0,0.0170453040895205
111,20,83,0,3,0,0,5,0,0,0,0,0,7,95,0.06306306306306306,1,0,1,0,0,4.772328791693183,0,0.08108108108108109,1,1,1.0
23,15,0,0,2,1,0,2,0,0,0,0,0,0,17,0.0,1,0,1,0,0,3.708132064658602,0,0.2608695652173913,0,0,0.02960332883804335
30,23,0,0,2,0,0,2,0,0,0,0,0,0,25,0.0,0,0,1,0,0,3.7614063297218427,0,0.16666666666666666,1,1,0.9801116189951025
68,32,19,8,4,0,0,4,1,1,0,0,0,25,32,0.36764705882352944,1,0,3,1,0,4.837555216843119,0,0.16176470588235295,1,1,1.0
64,31,25,0,4,0,0,4,0,0,0,0,1,0,54,0.0,1,0,2,0,0,4.462443312595188,0,0.15625,1,1,1.0
34,25,1,0,2,1,0,3,0,0,0,0,0,6,21,0.17647058823529413,1,0,1,0,0,4.231009444816111,0,0.20588235294117646,1,1,1.0
49,28,5,8,2,0,0,3,1,1,0,0,0,6,35,0.12244897959183673,0,0,1,1,0,4.598904996955671,0,0.16326530612244897,1,1,1.0
29,21,0,0,3,0,0,2,0,0,0,0,0,0,23,0.0,1,0,2,0,0,3.9262723741395074,0,0.20689655172413793,0,0,0.008775967235653812
23,15,0,0,2,0,0,2,0,0,0,0,0,0,18,0.0,1,0,1,0,0,3.6753108689123644,0,0.21739130434782608,0,0,0.009622496680157706
23,15,0,0,2,0,0,2,0,0,0,0,0,0,18,0.0,1,0,1,0,0,3.7950885863977324,0,0.21739130434782608,0,0,0.011731102673641447
22,14,1,0,1,0,0,3,0,0,0,0,0,3,14,0.13636363636363635,0,0,0,0,0,3.7544418457133446,0,0.22727272727272727,1,1,1.0
54,45,1,0,2,3,0,3,0,0,0,0,0,4,41,0.07407407407407407,1,0,1,0,1,4.327228540500491,0,0.16666666666666666,1,1,1.0
28,20,0,0,2,0,0,2,0,0,0,0,0,0,23,0.0,1,0,1,0,0,4.03914867190307,0,0.17857142857142858,0,0,0.009044779468121222
695,18,121,547,2,12,0,7,1,1,0,0,0,125,546,0.17985611510791366,1,0,1,1,1,5.132440863587081,0,0.034532374100719423,1,1,1.0
25,17,0,0,3,0,0,2,0,0,0,0,0,0,19,0.0,1,0,2,0,0,3.7034651896016473,0,0.24,0,0,0.007346282305415871
25,17,0,0,2,0,0,2,0,0,0,0,0,0,20,0.0,1,0,1,0,0,3.9238561897747237,0,0.2,0,0,0.0025758722558427067
27,19,0,0,2,1,0,2,0,0,0,0,0,0,21,0.0,1,0,1,0,0,3.958229168669879,0,0.2222222222222222,0,0,0.07490863814519266
27,19,0,0,2,0,0,2,0,0,0,0,0,0,22,0.0,1,0,1,0,0,3.7080481500712317,0,0.18518518518518517,0,0,0.003962772112783566
29,21,0,0,2,0,0,2,0,0,0,0,0,0,24,0.0,1,0,1,0,0,3.814371943179627,0,0.1724137931034483,0,0,0.0069613591805978
19,12,0,0,2,0,0,2,0,0,0,0,0,2,12,0.10526315789473684,0,0,1,0,0,3.326360407952694,0,0.2631578947368421,1,1,0.9929830656297012
42,28,7,0,2,0,0,4,0,0,0,0,0,0,35,0.0,0,0,1,0,0,4.041625614369225,0,0.16666666666666666,1,1,1.0
24,16,0,0,2,0,0,2,0,0,0,0,0,0,19,0.0,1,0,1,0,0,3.855388542207534,0,0.20833333333333334,0,0,0.005451851578679096
33,25,0,0,3,0,0,2,0,0,0,0,0,0,27,0.0,1,0,2,0,0,3.77850207357611,0,0.18181818181818182,0,0,0.017551776615924494
143,66,1,68,5,5,0,3,1,1,0,0,0,14,113,0.0979020979020979,0,0,4,1,0,5.049717103825664,1,0.11188811188811189,1,1,1.0
27,19,0,0,3,0,0,2,0,0,0,0,0,0,21,0.0,1,0,2,0,0,3.930270372293454,0,0.2222222222222222,0,0,0.009775963082888346
26,18,0,0,3,0,0,2,0,0,0,0,0,0,20,0.0,1,0,2,0,0,3.642371448743902,0,0.23076923076923078,0,0,0.00985182102889443
30,23,0,0,3,0,0,2,0,0,0,0,0,0,24,0.0,0,0,2,0,0,3.91440934524794,0,0.2,1,1,0.9823631969306634
32,24,0,0,3,1,0,2,0,0,0,0,0,0,25,0.0,1,0,2,0,0,3.882048827786958,0,0.21875,0,0,0.010756377169486154
34,26,0,0,2,0,0,2,0,0,0,0,0,0,29,0.0,1,0,1,0,0,3.9842341646524884,0,0.14705882352941177,0,0,0.004918086285100779
31,24,0,0,1,0,0,2,0,0,0,0,0,0,27,0.0,0,0,0,0,0,4.17146526179041,0,0.12903225806451613,1,1,0.9958423757745324
23,16,0,0,2,0,0,2,0,0,0,0,0,0,18,0.0,0,0,1,0,0,3.7622673906514943,0,0.21739130434782608,1,1,0.9808552195426523
30,22,0,0,3,0,0,2,0,0,0,0,0,0,24,0.0,1,0,2,0,0,3.7777471629109445,0,0.2,0,0,0.011524567778148385
36,27,1,0,2,0,0,3,0,0,0,0,0,0,30,0.0,1,0,1,0,0,4.0514621540398,0,0.16666666666666666,1,1,1.0
23,16,0,0,2,0,0,2,0,0,0,0,0,6,12,0.2608695652173913,0,0,1,0,0,3.6753108689123644,0,0.21739130434782608,1,1,0.9988147086581146
21,14,0,0,2,1,0,2,0,0,0,0,0,0,15,0.0,0,0,1,0,0,3.880179922675738,0,0.2857142857142857,1,1,0.9701616207872348
75,28,40,0,2,0,0,4,0,0,0,0,0,5,63,0.06666666666666667,0,0,1,0,0,4.599312031715019,0,0.09333333333333334,1,1,1.0
32,24,0,0,2,0,0,2,0,0,0,0,0,0,27,0.0,1,0,1,0,0,3.9764097655573916,0,0.15625,0,0,0.008928299707288402
25,18,0,0,2,0,0,2,0,0,0,0,0,0,20,0.0,0,0,1,0,0,3.863465189601647,0,0.2,1,1,0.9868456959849959
33,25,0,0,2,0,0,2,0,0,0,0,0,0,28,0.0,1,0,1,0,0,4.0060710131011685,0,0.15151515151515152,0,0,0.006427994994141065
27,19,0,0,2,0,0,2,0,0,0,0,0,0,22,0.0,1,0,1,0,0,3.736006946447656,0,0.18518518518518517,0,0,0.0039952061376365994
24,17,0,0,3,0,0,2,0,0,0,0,0,0,18,0.0,0,0,2,0,0,3.5739348962840563,0,0.25,1,1,0.9706242702555159
23,15,0,0,2,0,0,2,0,0,0,0,0,0,18,0.0,1,0,1,0,0,3.555533151426996,0,0.21739130434782608,0,0,0.010361389561373918
27,20,0,0,2,1,0,2,0,0,0,0,0,0,21,0.0,0,0,1,0,0,3.930270372293454,0,0.2222222222222222,1,1,0.9843675103481732
30,22,0,0,2,0,0,2,0,0,0,0,0,0,25,0.0,1,0,1,0,0,4.0980685120588385,0,0.16666666666666666,0,0,0.009789803984405671
37,29,0,0,3,2,0,2,0,0,0,0,0,0,29,0.0,1,0,2,0,0,4.121219243831913,0,0.21621621621621623,0,0,0.23919892281970032
28,20,0,0,2,0,0,2,0,0,0,0,0,0,23,0.0,1,0,1,0,0,3.797902689682946,0,0.17857142857142858,0,0,0.00643761644910091
24,16,0,0,2,0,0,2,0,0,0,0,0,0,19,0.0,1,0,1,0,0,3.6572682296173897,0,0.20833333333333334,0,0,0.0054823693991794195
31,23,0,0,2,0,0,2,0,0,0,0,0,0,26,0.0,1,0,1,0,0,3.639522519994505,0,0.16129032258064516,0,0,0.0044788015765049325
38,22,9,0,2,0,0,4,0,0,0,0,0,0,31,0.0,0,0,1,0,0,4.050301855434982,0,0.18421052631578946,1,1,1.0
23,15,0,0,2,0,0,2,0,0,0,0,0,0,18,0.0,1,0,1,0,0,3.6753108689123644,0,0.21739130434782608,0,0,0.009622496680157706
29,21,0,0,3,0,0,2,0,0,0,0,0,0,23,0.0,1,0,2,0,0,3.9523029776623857,0,0.20689655172413793,0,0,0.008775967235653812
19,11,0,0,2,0,0,2,0,0,0,0,0,0,14,0.0,1,0,1,0,0,3.366091329119192,0,0.2631578947368421,0,0,0.004135081384393822
30,22,0,0,2,0,0,2,0,0,0,0,0,0,25,0.0,1,0,1,0,0,3.8729055953200557,0,0.16666666666666666,0,0,0.0067721847418367905
29,21,0,0,2,0,0,2,0,0,0,0,0,0,24,0.0,1,0,1,0,0,3.676440908696869,0,0.1724137931034483,0,0,0.00555940927275749
68,17,43,0,2,0,0,6,0,0,0,0,0,18,41,0.2647058823529412,1,0,1,0,1,4.599837613366934,0,0.1323529411764706,1,1,1.0
32,24,0,0,3,0,0,2,0,0,0,0,0,0,26,0.0,1,0,2,0,0,3.944548827786958,0,0.1875,0,0,0.009912769161422075
28,20,0,0,2,0,0,2,0,0,0,0,0,0,23,0.0,1,0,1,0,0,3.7534343861887853,0,0.17857142857142858,0,0,0.006496756290916128
37,29,0,0,3,0,0,2,0,0,0,0,0,0,31,0.0,1,0,2,0,0,3.9254053925390333,0,0.16216216216216217,0,0,0.10205974901559625
32,24,0,0,2,0,0,2,0,0,0,0,0,0,27,0.0,1,0,1,0,0,4.054229296672174,0,0.15625,0,0,0.00937134674062599
21,13,0,0,2,0,0,2,0,0,0,0,0,0,16,0.0,1,0,1,0,0,3.6897037321995474,0,0.23809523809523808,0,0,0.01188759383569943
19,11,0,0,2,0,0,2,0,0,0,0,0,0,14,0.0,1,0,1,0,0,3.536886723742167,0,0.2631578947368421,0,0,0.004879182365489953
17,10,0,0,2,0,0,2,0,0,0,0,0,0,12,0.0,0,0,1,0,0,3.337175341123077,0,0.29411764705882354,1,1,1.0
29,21,0,0,2,0,0,2,0,0,0,0,0,0,24,0.0,1,0,1,0,0,3.702471512219747,0,0.1724137931034483,0,0,0.006496973954263386
28,20,0,0,2,0,0,2,0,0,0,0,0,0,23,0.0,1,0,1,0,0,3.6550455468258036,0,0.17857142857142858,0,0,0.005139926259465729
23,15,0,0,2,0,0,2,0,0,0,0,0,0,18,0.0,1,0,1,0,0,3.7950885863977324,0,0.21739130434782608,0,0,0.011731102673641447
23,16,0,0,2,0,0,2,0,0,0,0,0,0,18,0.0,0,0,1,0,0,3.675310868912364,0,0.21739130434782608,1,1,0.9808552195426523
30,22,0,0,2,0,0,2,0,0,0,0,0,0,25,0.0,1,0,1,0,0,4.215061012203069,0,0.16666666666666666,0,0,0.010583584012980915
67,7,52,0,1,0,0,4,0,0,0,0,0,12,49,0.1791044776119403,1,0,0,0,0,4.787749780133226,0,0.08955223880597014,1,1,1.0
130,30,93,0,2,2,2,8,0,1,0,0,0,40,74,0.3076923076923077,0,0,1,0,0,4.950259399273676,0,0.12307692307692308,1,1,0.9988147086581146
49,23,19,0,2,1,0,4,0,0,0,0,0,1,40,0.02040816326530612,0,0,0,0,0,4.254930446501113,0,0.16326530612244897,1,1,1.0
33,25,0,0,3,0,0,2,0,0,0,0,0,0,27,0.0,1,0,2,0,0,3.9831956342477306,0,0.18181818181818182,0,0,0.009308413005560012
72,23,1,39,3,0,2,3,1,2,1,0,0,0,59,0.0,1,0,1,2,0,4.434259905459978,0,0.18055555555555555,1,1,1.0
24,16,0,0,2,0,0,2,0,0,0,0,0,0,19,0.0,1,0,1,0,0,3.8553885422075345,0,0.20833333333333334,0,0,0.005451851578679096
36,27,1,0,2,1,0,3,0,0,0,0,0,1,28,0.027777777777777776,1,0,1,0,0,4.0514621540398,0,0.19444444444444445,1,1,1.0
32,24,0,0,2,0,0,2,0,0,0,0,0,0,27,0.0,1,0,1,0,0,3.9292292966721747,0,0.15625,0,0,0.10006465608632352
20,13,0,0,1,1,0,2,0,0,0,0,0,1,14,0.05,0,0,0,0,0,3.6841837197791887,0,0.25,1,1,0.9425542063009033
35,26,1,0,2,0,0,3,0,0,0,0,0,2,27,0.05714285714285714,1,0,1,0,0,4.085588016574085,0,0.17142857142857143,1,1,1.0
33,25,0,0,2,1,0,2,0,0,0,0,0,0,27,0.0,1,0,1,0,0,3.9912157102019847,0,0.18181818181818182,0,0,0.0367032079273534
23,16,0,0,2,0,0,2,0,0,0,0,0,4,14,0.17391304347826086,0,0,1,0,0,3.381620107948735,0,0.21739130434782608,1,1,0.9375036167024632
29,21,0,0,2,0,0,2,0,0,0,0,0,0,24,0.0,1,0,1,0,0,3.9952378913808873,0,0.1724137931034483,0,0,0.006177662102521045
23,16,0,0,3,0,0,2,0,0,0,0,0,1,16,0.043478260869565216,0,0,2,0,0,3.708132064658602,0,0.2608695652173913,1,1,0.989457648951485
102,16,61,0,5,1,1,7,0,0,0,0,1,0,85,0.0,0,0,2,0,3,4.3159657834214045,0,0.16666666666666666,1,1,1.0
46,37,1,0,3,0,0,3,0,0,0,0,0,4,35,0.08695652173913043,1,0,2,0,0,4.292492597728954,0,0.15217391304347827,1,1,1.0
28,20,0,0,2,0,0,2,0,0,0,0,0,0,23,0.0,1,0,1,0,0,3.797902689682947,0,0.17857142857142858,0,0,0.00643761644910091
28,19,1,0,2,0,0,3,0,0,0,0,0,0,22,0.0,1,0,1,0,1,4.012188403968661,0,0.21428571428571427,1,1,0.9866666666666667
33,25,0,0,2,0,0,2,0,0,0,0,0,0,28,0.0,1,0,1,0,0,4.104407755459852,0,0.15151515151515152,0,0,0.00731337703179946
29,22,0,0,3,0,0,2,0,0,0,0,0,0,23,0.0,0,0,2,0,0,3.9262723741395074,0,0.20689655172413793,1,1,0.9818176511552046
49,17,25,0,2,1,0,4,0,0,0,0,0,10,31,0.20408163265306123,0,0,1,0,0,4.6197121399894225,0,0.16326530612244897,1,1,1.0
27,19,0,0,2,0,0,2,0,0,0,0,0,0,22,0.0,1,0,1,0,0,3.8380398168981555,0,0.18518518518518517,0,0,0.006043732008081724
28,20,0,0,2,1,0,2,0,0,0,0,0,0,22,0.0,1,0,1,0,0,3.940759832540089,0,0.21428571428571427,0,0,0.021297190019961082
43,27,1,7,1,0,0,3,1,1,0,0,0,10,26,0.23255813953488372,0,0,0,1,0,4.405932127238674,0,0.16279069767441862,1,1,1.0
22,14,0,0,2,0,0,2,0,0,0,0,0,0,17,0.0,1,0,1,0,0,3.879664004902594,0,0.22727272727272727,0,0,0.014859307294805977
24,16,0,0,2,0,0,2,0,0,0,0,0,0,19,0.0,1,0,1,0,0,3.605388542207534,0,0.20833333333333334,0,0,0.006719295019099116
26,18,0,0,2,0,0,2,0,0,0,0,0,0,21,0.0,1,0,1,0,0,3.921029621737614,0,0.19230769230769232,0,0,0.0032517506120185355
53,44,1,0,2,3,0,3,0,0,0,0,0,1,43,0.018867924528301886,1,0,1,0,0,4.189262435287072,0,0.16981132075471697,1,1,1.0
38,30,1,0,2,2,0,3,0,0,0,0,0,6,24,0.15789473684210525,0,0,1,0,0,4.323732369265592,0,0.21052631578947367,1,1,1.0
25,17,0,0,2,0,0,2,0,0,0,0,0,0,20,0.0,1,0,1,0,0,3.973660689688185,0,0.2,0,0,0.0025758722558427067
19,11,0,0,2,0,0,2,0,0,0,0,0,2,12,0.10526315789473684,1,0,1,0,0,3.6818808028034025,0,0.2631578947368421,0,0,0.02514242843894641
20,12,0,0,2,0,0,2,0,0,0,0,0,2,13,0.1,1,0,1,0,0,3.6841837197791882,0,0.25,0,0,0.013027996270559986
32,24,0,0,2,0,0,2,0,0,0,0,0,0,27,0.0,1,0,1,0,0,3.827819531114783,0,0.15625,0,0,0.07343128016193026
36,28,0,0,2,0,0,2,0,0,0,0,0,0,31,0.0,1,0,1,0,0,3.9857808213564594,0,0.1388888888888889,0,0,0.0028254691491075854
34,26,1,0,2,0,0,3,0,0,0,0,0,0,28,0.0,0,0,1,0,0,4.094097032108652,0,0.17647058823529413,1,1,1.0
33,25,1,0,2,1,0,3,0,0,0,0,0,6,20,0.18181818181818182,0,0,1,0,0,4.2831997109110675,0,0.21212121212121213,1,1,1.0
36,20,8,0,2,1,0,3,0,0,0,0,0,0,29,0.0,1,0,1,0,0,4.075922835185252,0,0.19444444444444445,1,1,1.0
19,11,0,0,2,0,0,2,0,0,0,0,0,0,14,0.0,1,0,1,0,0,3.471354487013929,0,0.2631578947368421,0,0,0.004879182365489953
34,26,0,0,2,0,0,2,0,0,0,0,0,0,29,0.0,1,0,1,0,0,4.043057694064253,0,0.14705882352941177,0,0,0.006305486762808464
33,17,9,0,1,1,0,4,0,0,0,0,0,0,26,0.0,0,0,0,0,0,4.135303210267545,0,0.21212121212121213,1,1,1.0
23,15,0,0,2,0,0,2,0,0,0,0,0,0,18,0.0,1,0,1,0,0,3.588354347173234,0,0.21739130434782608,0,0,0.01167112548292048
46,38,0,0,3,0,0,2,0,0,0,0,0,6,34,0.13043478260869565,1,0,2,0,0,4.1079224891273665,0,0.13043478260869565,1,1,0.7836503474398736
29,21,0,0,2,0,0,2,0,0,0,0,0,0,24,0.0,1,0,1,0,0,4.142295219190901,0,0.1724137931034483,0,0,0.012220574216389734
34,19,7,0,3,0,0,3,0,0,0,0,0,0,27,0.0,1,0,1,0,0,3.917626443873359,0,0.20588235294117646,1,1,1.0
106,76,22,0,4,1,1,4,0,0,0,0,0,16,79,0.1509433962264151,1,0,2,0,0,4.749976973807639,1,0.10377358490566038,1,1,1.0
31,24,0,0,2,0,0,2,0,0,0,0,0,0,26,0.0,0,0,1,0,0,3.824533406881911,0,0.16129032258064516,1,1,0.9804552009447813
26,19,0,0,2,0,0,2,0,0,0,0,0,0,21,0.0,0,0,1,0,0,3.59448250651942,0,0.19230769230769232,1,1,0.990654574914947
26,19,0,0,2,0,0,2,0,0,0,0,0,0,21,0.0,0,0,1,0,0,3.719294525666979,0,0.19230769230769232,1,1,0.9920547453623058
37,29,0,0,2,1,0,2,0,0,0,0,0,0,31,0.0,1,0,1,0,0,4.175273297885966,0,0.16216216216216217,0,0,0.02508994565761021
30,23,0,0,2,0,0,2,0,0,0,0,0,0,25,0.0,0,0,1,0,0,3.8729055953200557,0,0.16666666666666666,1,1,0.9815939055570406
33,25,0,0,2,0,0,2,0,0,0,0,0,0,28,0.0,1,0,1,0,0,4.104407755459852,0,0.15151515151515152,0,0,0.00731337703179946
23,16,0,0,2,0,0,2,0,0,0,0,0,0,18,0.0,0,0,1,0,0,3.74095326040484,0,0.21739130434782608,1,1,0.9808552195426523
23,16,0,0,2,0,0,2,0,0,0,0,0,0,18,0.0,0,0,1,0,1,3.7081320646586025,0,0.21739130434782608,1,1,0.9624989967134036
59,42,9,0,2,2,0,4,0,0,0,0,0,7,43,0.11864406779661017,1,0,1,0,1,4.493688186614819,0,0.15254237288135594,1,1,1.0
35,26,1,0,2,1,0,3,0,0,0,0,0,2,26,0.05714285714285714,1,0,1,0,0,4.185867302411998,0,0.2,1,1,1.0
32,24,0,0,2,0,0,2,0,0,0,0,0,0,27,0.0,1,0,1,0,0,3.926108500731241,0,0.15625,0,0,0.027488742498712727
37,28,1,0,2,0,0,3,0,0,0,0,0,3,28,0.08108108108108109,1,0,1,0,0,4.303783770917412,0,0.16216216216216217,1,1,1.0
31,23,0,0,2,0,0,2,0,0,0,0,0,0,26,0.0,1,0,1,0,0,4.018081793978685,0,0.16129032258064516,0,0,0.004795190438054153
26,18,0,0,2,0,0,2,0,0,0,0,0,0,21,0.0,1,0,1,0,0,4.056020968057881,0,0.19230769230769232,0,0,0.0058260547090382715
21,13,0,0,2,0,0,2,0,0,0,0,0,0,16,0.0,1,0,1,0,0,3.6537567082870015,0,0.23809523809523808,0,0,0.011853011841857757
21,13,0,0,2,0,0,2,0,0,0,0,0,0,16,0.0,1,0,1,0,0,3.6897037321995474,0,0.23809523809523808,0,0,0.01188759383569943
23,15,0,0,2,0,0,2,0,0,0,0,0,0,18,0.0,1,0,1,0,0,3.7950885863977324,0,0.21739130434782608,0,0,0.011731102673641447
31,22,1,0,2,1,0,3,0,0,0,0,0,3,21,0.0967741935483871,1,0,1,0,0,4.17146526179041,0,0.22580645161290322,1,1,0.9972823081546784
27,19,0,0,2,0,0,2,0,0,0,0,0,0,22,0.0,1,0,1,0,0,3.8841550945958048,0,0.18518518518518517,0,0,0.005675347800511108
40,31,1,0,2,1,0,3,0,0,0,0,0,8,25,0.2,1,0,1,0,0,4.277567157116928,0,0.175,1,1,1.0
34,26,0,0,2,0,0,2,0,0,0,0,0,0,29,0.0,1,0,1,0,0,3.936891797757288,0,0.14705882352941177,0,0,0.0049259744156976894
23,16,0,0,2,0,0,2,0,0,0,0,0,0,18,0.0,0,0,1,0,0,3.6753108689123644,0,0.21739130434782608,1,1,0.9808552195426523
37,29,1,0,2,0,0,3,0,0,0,0,0,0,31,0.0,0,0,1,0,1,4.1317695012795665,0,0.16216216216216217,1,1,1.0
79,19,52,0,1,1,0,4,0,0,0,0,0,7,65,0.08860759493670886,1,0,0,0,0,4.720644642090547,0,0.08860759493670886,1,1,1.0
62,36,19,0,3,2,0,3,0,0,0,0,0,0,53,0.0,0,0,1,0,0,4.266370456933743,0,0.14516129032258066,1,1,1.0
33,25,0,0,3,0,0,2,0,0,0,0,0,0,27,0.0,1,0,2,0,0,4.0060710131011685,0,0.18181818181818182,0,0,0.009455117494270542
32,24,0,0,2,0,0,2,0,0,0,0,0,0,27,0.0,1,0,1,0,0,4.116729296672174,0,0.15625,0,0,0.008590874537941278
33,25,0,0,3,0,0,2,0,0,0,0,0,0,27,0.0,1,0,2,0,0,4.066677073707229,0,0.18181818181818182,0,0,0.01094075948908221
28,21,0,0,2,1,0,2,0,0,0,0,0,0,22,0.0,0,0,1,0,0,4.280394654123195,0,0.21428571428571427,1,1,0.9455490842940107
23,15,0,0,2,0,0,2,0,0,0,0,0,0,18,0.0,1,0,1,0,0,3.7622673906514947,0,0.21739130434782608,0,0,0.010929300373386032
41,27,7,0,1,0,0,4,0,0,0,0,0,0,35,0.0,0,0,0,0,0,4.308294687333843,0,0.14634146341463414,1,1,0.9966666666666667
32,25,0,0,3,0,0,2,0,0,0,0,0,1,25,0.03125,0,0,2,0,0,4.054229296672174,0,0.1875,1,1,0.9928154731906966
116,64,44,0,2,0,0,3,0,0,0,0,0,10,100,0.08620689655172414,1,0,1,0,0,4.903029708200395,1,0.05172413793103448,1,1,1.0
